-- MySQL dump 10.13  Distrib 8.0.18, for Win64 (x86_64)
--
-- Host: condonuitydev.mysql.database.azure.com    Database: condonuitydev
-- ------------------------------------------------------
-- Server version	5.6.42.0

/*!40101 SET @OLD_CHARACTER_SET_CLIENT=@@CHARACTER_SET_CLIENT */;
/*!40101 SET @OLD_CHARACTER_SET_RESULTS=@@CHARACTER_SET_RESULTS */;
/*!40101 SET @OLD_COLLATION_CONNECTION=@@COLLATION_CONNECTION */;
/*!50503 SET NAMES utf8 */;
/*!40103 SET @OLD_TIME_ZONE=@@TIME_ZONE */;
/*!40103 SET TIME_ZONE='+00:00' */;
/*!40014 SET @OLD_UNIQUE_CHECKS=@@UNIQUE_CHECKS, UNIQUE_CHECKS=0 */;
/*!40014 SET @OLD_FOREIGN_KEY_CHECKS=@@FOREIGN_KEY_CHECKS, FOREIGN_KEY_CHECKS=0 */;
/*!40101 SET @OLD_SQL_MODE=@@SQL_MODE, SQL_MODE='NO_AUTO_VALUE_ON_ZERO' */;
/*!40111 SET @OLD_SQL_NOTES=@@SQL_NOTES, SQL_NOTES=0 */;

--
-- Table structure for table `bid_files`
--

DROP TABLE IF EXISTS `bid_files`;
/*!40101 SET @saved_cs_client     = @@character_set_client */;
/*!50503 SET character_set_client = utf8mb4 */;
CREATE TABLE `bid_files` (
  `id` int(11) NOT NULL AUTO_INCREMENT,
  `bid_id` int(11) DEFAULT NULL,
  `container_name` varchar(255) DEFAULT NULL,
  `blob_name` varchar(255) DEFAULT NULL,
  `file_type` varchar(255) DEFAULT NULL,
  `file_url` varchar(255) DEFAULT NULL,
  `created_at` timestamp NOT NULL DEFAULT CURRENT_TIMESTAMP,
  `modified_date` timestamp NOT NULL DEFAULT CURRENT_TIMESTAMP ON UPDATE CURRENT_TIMESTAMP,
  `file_name` varchar(255) DEFAULT NULL,
  PRIMARY KEY (`id`)
) ENGINE=InnoDB AUTO_INCREMENT=3 DEFAULT CHARSET=latin1;
/*!40101 SET character_set_client = @saved_cs_client */;

--
-- Dumping data for table `bid_files`
--

LOCK TABLES `bid_files` WRITE;
/*!40000 ALTER TABLE `bid_files` DISABLE KEYS */;
INSERT INTO `bid_files` VALUES (1,1,'bidfiles','test_explorer.txt','text/plain','https://condonuitystoragedev.blob.core.windows.net/bidfiles/test_explorer.txt','2020-01-21 12:31:17','2020-01-21 12:31:17',NULL),(2,1,'bidfiles','test.jpg','image/jpeg','https://condonuitystoragedev.blob.core.windows.net/bidfiles/test.jpg','2020-01-21 12:31:30','2020-01-21 12:31:30',NULL);
/*!40000 ALTER TABLE `bid_files` ENABLE KEYS */;
UNLOCK TABLES;

--
-- Table structure for table `bidding_products`
--

DROP TABLE IF EXISTS `bidding_products`;
/*!40101 SET @saved_cs_client     = @@character_set_client */;
/*!50503 SET character_set_client = utf8mb4 */;
CREATE TABLE `bidding_products` (
  `id` int(11) NOT NULL AUTO_INCREMENT,
  `product_type` int(11) DEFAULT NULL,
  `bidding_id` int(11) DEFAULT NULL,
  `description` varchar(255) DEFAULT NULL,
  `quantity` int(11) DEFAULT NULL,
  `unit` varchar(255) DEFAULT NULL,
  `price` varchar(255) DEFAULT NULL,
  `created_at` timestamp NOT NULL DEFAULT CURRENT_TIMESTAMP,
  `modified_date` timestamp NOT NULL DEFAULT CURRENT_TIMESTAMP ON UPDATE CURRENT_TIMESTAMP,
  PRIMARY KEY (`id`),
  KEY `bid_id_reference_idx` (`bidding_id`),
  CONSTRAINT `FK768shppgst0s1itxhg1kn4qyq` FOREIGN KEY (`bidding_id`) REFERENCES `bids` (`id`),
  CONSTRAINT `bid_id_reference` FOREIGN KEY (`bidding_id`) REFERENCES `bids` (`id`) ON DELETE NO ACTION ON UPDATE NO ACTION
) ENGINE=InnoDB AUTO_INCREMENT=158 DEFAULT CHARSET=latin1;
/*!40101 SET character_set_client = @saved_cs_client */;

--
-- Dumping data for table `bidding_products`
--

LOCK TABLES `bidding_products` WRITE;
/*!40000 ALTER TABLE `bidding_products` DISABLE KEYS */;
INSERT INTO `bidding_products` VALUES (1,1,1,'test',100,'meter','10','2019-12-05 10:15:53','2019-12-05 10:15:53'),(2,1,1,'testing',50,'meter','100','2019-12-05 10:15:54','2019-12-05 10:15:54'),(4,1,13,'Paint product',10,'litre','10000','2019-12-17 12:28:23','2019-12-17 12:28:23'),(5,2,13,'employee',5,'Man Power','100','2019-12-17 12:28:23','2019-12-17 12:28:24'),(6,1,14,'Paint product',10,'litre','10000','2019-12-17 12:35:36','2019-12-17 12:35:36'),(7,2,14,'employee',5,'Man Power','100','2019-12-17 12:35:36','2019-12-17 12:35:37'),(8,1,15,'Paint product',10,'litre','10000','2019-12-17 12:37:53','2019-12-17 12:37:53'),(9,2,15,'employee',5,'Man Power','100','2019-12-17 12:37:53','2019-12-17 12:37:53'),(10,1,16,'Paint product',10,'litre','10000','2019-12-17 12:39:10','2019-12-17 12:39:11'),(11,2,16,'employee',5,'Man Power','100','2019-12-17 12:39:11','2019-12-17 12:39:11'),(12,1,17,'Paint product',10,'litre','10000','2019-12-17 13:01:59','2019-12-17 13:02:00'),(13,2,17,'employee',5,'Man Power','100','2019-12-17 13:01:59','2019-12-17 13:02:00'),(14,1,18,'Paint product',10,'litre','1000','2019-12-27 10:00:28','2019-12-27 10:00:28'),(15,1,19,'Paint product',10,'litre','1000','2019-12-27 10:00:29','2019-12-27 10:00:29'),(16,1,20,'Paint product',10,'litre','1000','2019-12-27 10:00:30','2019-12-27 10:00:30'),(17,1,21,'Paint product',10,'litre','1000','2019-12-27 10:00:31','2019-12-27 10:00:31'),(18,1,22,'Paint product',10,'litre','1000','2019-12-27 10:00:31','2019-12-27 10:00:31'),(20,1,24,'Paint product',10,'litre','1000','2019-12-27 10:00:33','2019-12-27 10:00:33'),(21,1,25,'Paint product',10,'litre','1000','2019-12-27 10:00:33','2019-12-27 10:00:33'),(22,1,26,'Paint product',10,'litre','1000','2019-12-27 10:00:34','2019-12-27 10:00:34'),(23,1,27,'Paint product',10,'litre','1000','2019-12-27 10:00:34','2019-12-27 10:00:35'),(24,1,28,'Paint product',10,'litre','1000','2019-12-27 10:00:35','2019-12-27 10:00:35'),(25,1,29,'Paint product',10,'litre','1000','2019-12-27 10:00:36','2019-12-27 10:00:36'),(26,1,30,'Paint product',10,'litre','1000','2019-12-27 10:00:37','2019-12-27 10:00:37'),(27,1,31,'Paint product',10,'litre','1000','2019-12-27 10:00:37','2019-12-27 10:00:37'),(28,1,32,'Paint product',10,'litre','1000','2019-12-27 10:00:38','2019-12-27 10:00:38'),(29,1,33,'Paint product',10,'litre','1000','2019-12-27 10:00:39','2019-12-27 10:00:39'),(30,1,34,'',10,'litre','1000','2019-12-27 10:00:39','2019-12-27 10:00:39'),(31,1,35,'Paint product',10,'litre','','2019-12-27 10:00:40','2019-12-27 10:00:40'),(32,0,36,'Paint product',10,'litre','1000','2019-12-27 10:00:41','2019-12-27 10:00:41'),(33,1,37,'Paint product',0,'litre','1000','2019-12-27 10:00:41','2019-12-27 10:00:41'),(34,1,38,'Paint product',10,'','1000','2019-12-27 10:00:42','2019-12-27 10:00:42'),(35,1,39,'Paint product',10,'litre','1000','2019-12-27 10:00:43','2019-12-27 10:00:43'),(36,1,40,'Paint product',10,'litre','1000','2019-12-27 10:00:43','2019-12-27 10:00:43'),(37,1,41,'Paint product',10,'litre','1000','2019-12-27 10:00:44','2019-12-27 10:00:44'),(38,1,43,'Paint product',10,'litre','1000','2019-12-27 10:00:45','2019-12-27 10:00:45'),(39,5365,44,'Paint product',10,'litre','1000','2019-12-27 10:00:46','2019-12-27 10:00:46'),(41,1,46,'Paint product',10,'litre','10000','2019-12-27 10:01:39','2019-12-27 10:01:39'),(42,2,46,'employee',5,'Man Power','100','2019-12-27 10:01:39','2019-12-27 10:01:39'),(43,1,47,'Paint product',10,'litre','10000','2019-12-27 10:03:00','2019-12-27 10:03:00'),(44,2,47,'employee',5,'Man Power','100','2019-12-27 10:03:00','2019-12-27 10:03:00'),(45,1,48,'Paint product',10,'litre','10000','2019-12-27 10:03:12','2019-12-27 10:03:12'),(46,2,48,'employee',5,'Man Power','100','2019-12-27 10:03:12','2019-12-27 10:03:12'),(47,1,49,'Paint product',10,'litre','1000','2019-12-27 10:04:28','2019-12-27 10:04:28'),(48,1,50,'Paint product',10,'litre','1000','2019-12-27 10:04:30','2019-12-27 10:04:30'),(49,1,51,'Paint product',10,'litre','1000','2019-12-27 10:04:30','2019-12-27 10:04:30'),(50,1,52,'Paint product',10,'litre','1000','2019-12-27 10:04:31','2019-12-27 10:04:31'),(51,1,53,'Paint product',10,'litre','1000','2019-12-27 10:04:32','2019-12-27 10:04:32'),(53,1,55,'Paint product',10,'litre','1000','2019-12-27 10:04:33','2019-12-27 10:04:33'),(54,1,56,'Paint product',10,'litre','1000','2019-12-27 10:04:34','2019-12-27 10:04:34'),(55,1,57,'Paint product',10,'litre','1000','2019-12-27 10:04:35','2019-12-27 10:04:35'),(56,1,58,'Paint product',10,'litre','1000','2019-12-27 10:04:35','2019-12-27 10:04:35'),(57,1,59,'Paint product',10,'litre','1000','2019-12-27 10:04:36','2019-12-27 10:04:36'),(58,1,60,'Paint product',10,'litre','1000','2019-12-27 10:04:37','2019-12-27 10:04:37'),(59,1,61,'Paint product',10,'litre','1000','2019-12-27 10:04:37','2019-12-27 10:04:37'),(60,1,62,'Paint product',10,'litre','1000','2019-12-27 10:04:38','2019-12-27 10:04:38'),(61,1,63,'Paint product',10,'litre','1000','2019-12-27 10:04:39','2019-12-27 10:04:39'),(62,1,64,'Paint product',10,'litre','1000','2019-12-27 10:04:39','2019-12-27 10:04:39'),(63,1,65,'',10,'litre','1000','2019-12-27 10:04:40','2019-12-27 10:04:40'),(64,1,66,'Paint product',10,'litre','','2019-12-27 10:04:41','2019-12-27 10:04:41'),(65,0,67,'Paint product',10,'litre','1000','2019-12-27 10:04:41','2019-12-27 10:04:41'),(66,1,68,'Paint product',0,'litre','1000','2019-12-27 10:04:42','2019-12-27 10:04:42'),(67,1,69,'Paint product',10,'','1000','2019-12-27 10:04:43','2019-12-27 10:04:43'),(68,1,70,'Paint product',10,'litre','1000','2019-12-27 10:04:43','2019-12-27 10:04:43'),(69,1,71,'Paint product',10,'litre','1000','2019-12-27 10:04:44','2019-12-27 10:04:44'),(70,1,72,'Paint product',10,'litre','1000','2019-12-27 10:04:45','2019-12-27 10:04:45'),(71,1,74,'Paint product',10,'litre','1000','2019-12-27 10:04:46','2019-12-27 10:04:46'),(72,5365,75,'Paint product',10,'litre','1000','2019-12-27 10:04:46','2019-12-27 10:04:47'),(74,1,77,'Paintproduct',10,'litre','10000','2020-01-10 03:21:38','2020-01-10 03:21:38'),(75,1,78,'Paintproduct',10,'litre','10000','2020-01-10 03:21:39','2020-01-10 03:21:39'),(76,1,79,'Paintproduct',10,'litre','10000','2020-01-10 03:21:40','2020-01-10 03:21:40'),(77,1,80,'Paintproduct',10,'litre','10000','2020-01-10 03:21:40','2020-01-10 03:21:40'),(78,1,81,'Paintproduct',10,'litre','10000','2020-01-10 03:21:41','2020-01-10 03:21:41'),(80,1,83,'Paintproduct',10,'litre','10000','2020-01-10 03:21:42','2020-01-10 03:21:42'),(81,1,84,'Paintproduct',10,'litre','10000','2020-01-10 03:21:43','2020-01-10 03:21:43'),(82,1,85,'Paintproduct',10,'litre','10000','2020-01-10 03:21:44','2020-01-10 03:21:44'),(83,1,86,'Paintproduct',10,'litre','10000','2020-01-10 03:21:44','2020-01-10 03:21:44'),(84,1,87,'Paintproduct',10,'litre','10000','2020-01-10 03:21:45','2020-01-10 03:21:45'),(85,1,88,'Paintproduct',10,'litre','10000','2020-01-10 03:21:46','2020-01-10 03:21:46'),(86,1,89,'Paintproduct',10,'litre','10000','2020-01-10 03:21:46','2020-01-10 03:21:46'),(87,1,90,'Paintproduct',10,'litre','10000','2020-01-10 03:21:47','2020-01-10 03:21:47'),(88,1,91,'Paintproduct',10,'litre','10000','2020-01-10 03:21:48','2020-01-10 03:21:48'),(89,1,92,'Paintproduct',10,'litre','10000','2020-01-10 03:21:49','2020-01-10 03:21:49'),(90,1,93,'',10,'litre','10000','2020-01-10 03:21:49','2020-01-10 03:21:49'),(91,1,94,'Paintproduct',10,'litre','','2020-01-10 03:21:50','2020-01-10 03:21:50'),(92,NULL,95,'Paintproduct',10,'litre','10000','2020-01-10 03:21:51','2020-01-10 03:21:51'),(93,1,96,'Paintproduct',NULL,'litre','10000','2020-01-10 03:21:51','2020-01-10 03:21:51'),(94,1,97,'Paintproduct',10,'','10000','2020-01-10 03:21:52','2020-01-10 03:21:52'),(95,1,98,'Paintproduct',10,'litre','10000','2020-01-10 03:21:53','2020-01-10 03:21:53'),(96,1,99,'Paintproduct',10,'litre','10000','2020-01-10 03:21:53','2020-01-10 03:21:53'),(97,1,100,'Paintproduct',10,'litre','10000','2020-01-10 03:21:54','2020-01-10 03:21:54'),(98,1,102,'Paintproduct',10,'litre','10000','2020-01-10 03:21:55','2020-01-10 03:21:55'),(99,78,103,'Paintproduct',10,'litre','10000','2020-01-10 03:21:56','2020-01-10 03:21:56'),(101,1,105,'Paintproduct',10,'litre','10000','2020-01-10 03:27:50','2020-01-10 03:27:50'),(102,1,106,'Paintproduct',10,'litre','10000','2020-01-10 03:27:51','2020-01-10 03:27:51'),(103,1,107,'Paintproduct',10,'litre','10000','2020-01-10 03:27:51','2020-01-10 03:27:51'),(104,1,108,'Paintproduct',10,'litre','10000','2020-01-10 03:27:52','2020-01-10 03:27:52'),(105,1,109,'Paintproduct',10,'litre','10000','2020-01-10 03:27:53','2020-01-10 03:27:53'),(107,1,111,'Paintproduct',10,'litre','10000','2020-01-10 03:27:54','2020-01-10 03:27:54'),(108,1,112,'Paintproduct',10,'litre','10000','2020-01-10 03:27:55','2020-01-10 03:27:55'),(109,1,113,'Paintproduct',10,'litre','10000','2020-01-10 03:27:55','2020-01-10 03:27:55'),(110,1,114,'Paintproduct',10,'litre','10000','2020-01-10 03:27:56','2020-01-10 03:27:56'),(111,1,115,'Paintproduct',10,'litre','10000','2020-01-10 03:27:57','2020-01-10 03:27:57'),(112,1,116,'Paintproduct',10,'litre','10000','2020-01-10 03:27:57','2020-01-10 03:27:57'),(113,1,117,'Paintproduct',10,'litre','10000','2020-01-10 03:27:58','2020-01-10 03:27:58'),(114,1,118,'Paintproduct',10,'litre','10000','2020-01-10 03:27:58','2020-01-10 03:27:58'),(115,1,119,'Paintproduct',10,'litre','10000','2020-01-10 03:28:00','2020-01-10 03:28:00'),(116,1,120,'Paintproduct',10,'litre','10000','2020-01-10 03:28:00','2020-01-10 03:28:00'),(117,1,121,'',10,'litre','10000','2020-01-10 03:28:01','2020-01-10 03:28:01'),(118,1,122,'Paintproduct',10,'litre','','2020-01-10 03:28:01','2020-01-10 03:28:01'),(119,NULL,123,'Paintproduct',10,'litre','10000','2020-01-10 03:28:02','2020-01-10 03:28:02'),(120,1,124,'Paintproduct',NULL,'litre','10000','2020-01-10 03:28:03','2020-01-10 03:28:03'),(121,1,125,'Paintproduct',10,'','10000','2020-01-10 03:28:03','2020-01-10 03:28:03'),(122,1,126,'Paintproduct',10,'litre','10000','2020-01-10 03:28:04','2020-01-10 03:28:04'),(123,1,127,'Paintproduct',10,'litre','10000','2020-01-10 03:28:04','2020-01-10 03:28:04'),(124,1,128,'Paintproduct',10,'litre','10000','2020-01-10 03:28:05','2020-01-10 03:28:05'),(125,1,130,'Paintproduct',10,'litre','10000','2020-01-10 03:28:06','2020-01-10 03:28:06'),(126,78,131,'Paintproduct',10,'litre','10000','2020-01-10 03:28:07','2020-01-10 03:28:07'),(128,1,133,'Paint product',10,'litre','10000','2020-01-10 03:30:00','2020-01-10 03:30:00'),(129,2,133,'employee',5,'Man Power','100','2020-01-10 03:30:00','2020-01-10 03:30:00'),(130,1,134,'Paint product',10,'litre','10000','2020-01-10 03:30:57','2020-01-10 03:30:57'),(131,2,134,'employee',5,'Man Power','100','2020-01-10 03:30:57','2020-01-10 03:30:57'),(132,1,135,'Paintproduct',10,'litre','10000','2020-01-10 03:31:31','2020-01-10 03:31:31'),(133,1,136,'Paintproduct',10,'litre','10000','2020-01-10 03:31:32','2020-01-10 03:31:32'),(134,1,137,'Paintproduct',10,'litre','10000','2020-01-10 03:31:33','2020-01-10 03:31:33'),(135,1,138,'Paintproduct',10,'litre','10000','2020-01-10 03:31:34','2020-01-10 03:31:34'),(136,1,139,'Paintproduct',10,'litre','10000','2020-01-10 03:31:34','2020-01-10 03:31:34'),(138,1,141,'Paintproduct',10,'litre','10000','2020-01-10 03:31:36','2020-01-10 03:31:36'),(139,1,142,'Paintproduct',10,'litre','10000','2020-01-10 03:31:36','2020-01-10 03:31:36'),(140,1,143,'Paintproduct',10,'litre','10000','2020-01-10 03:31:37','2020-01-10 03:31:37'),(141,1,144,'Paintproduct',10,'litre','10000','2020-01-10 03:31:38','2020-01-10 03:31:38'),(142,1,145,'Paintproduct',10,'litre','10000','2020-01-10 03:31:38','2020-01-10 03:31:38'),(143,1,146,'Paintproduct',10,'litre','10000','2020-01-10 03:31:39','2020-01-10 03:31:39'),(144,1,147,'Paintproduct',10,'litre','10000','2020-01-10 03:31:40','2020-01-10 03:31:40'),(145,1,148,'Paintproduct',10,'litre','10000','2020-01-10 03:31:40','2020-01-10 03:31:40'),(146,1,149,'Paintproduct',10,'litre','10000','2020-01-10 03:31:41','2020-01-10 03:31:41'),(147,1,150,'Paintproduct',10,'litre','10000','2020-01-10 03:31:42','2020-01-10 03:31:42'),(148,1,151,'',10,'litre','10000','2020-01-10 03:31:42','2020-01-10 03:31:42'),(149,1,152,'Paintproduct',10,'litre','','2020-01-10 03:31:43','2020-01-10 03:31:43'),(150,NULL,153,'Paintproduct',10,'litre','10000','2020-01-10 03:31:44','2020-01-10 03:31:44'),(151,1,154,'Paintproduct',NULL,'litre','10000','2020-01-10 03:31:44','2020-01-10 03:31:44'),(152,1,155,'Paintproduct',10,'','10000','2020-01-10 03:31:45','2020-01-10 03:31:45'),(153,1,156,'Paintproduct',10,'litre','10000','2020-01-10 03:31:46','2020-01-10 03:31:46'),(154,1,157,'Paintproduct',10,'litre','10000','2020-01-10 03:31:46','2020-01-10 03:31:46'),(155,1,158,'Paintproduct',10,'litre','10000','2020-01-10 03:31:47','2020-01-10 03:31:47'),(156,1,160,'Paintproduct',10,'litre','10000','2020-01-10 03:31:48','2020-01-10 03:31:48'),(157,78,161,'Paintproduct',10,'litre','10000','2020-01-10 03:31:49','2020-01-10 03:31:49');
/*!40000 ALTER TABLE `bidding_products` ENABLE KEYS */;
UNLOCK TABLES;

--
-- Table structure for table `bids`
--

DROP TABLE IF EXISTS `bids`;
/*!40101 SET @saved_cs_client     = @@character_set_client */;
/*!50503 SET character_set_client = utf8mb4 */;
CREATE TABLE `bids` (
  `id` int(11) NOT NULL AUTO_INCREMENT,
  `vendor_org_id` int(11) DEFAULT NULL,
  `vendor_user_id` int(11) DEFAULT NULL,
  `project_id` int(11) DEFAULT NULL,
  `vendor_start_date` varchar(255) DEFAULT NULL,
  `vendor_end_date` varchar(255) DEFAULT NULL,
  `vendor_project_duration` varchar(255) DEFAULT NULL,
  `in_scope` varchar(255) DEFAULT NULL,
  `out_of_scope` varchar(255) DEFAULT NULL,
  `pre_requisite` varchar(255) DEFAULT NULL,
  `reason_for_choose` varchar(255) DEFAULT NULL,
  `bid_price` varchar(255) DEFAULT NULL,
  `is_insurance_available` tinyint(1) DEFAULT NULL,
  `insurance_id` int(11) DEFAULT NULL,
  `bid_status` int(11) DEFAULT NULL,
  `created_at` timestamp NOT NULL DEFAULT CURRENT_TIMESTAMP,
  `modified_date` timestamp NOT NULL DEFAULT CURRENT_TIMESTAMP ON UPDATE CURRENT_TIMESTAMP,
  PRIMARY KEY (`id`),
  KEY `FKnfpmtmyorhqke0ngo6gahf0vn` (`vendor_user_id`),
  CONSTRAINT `FKnfpmtmyorhqke0ngo6gahf0vn` FOREIGN KEY (`vendor_user_id`) REFERENCES `vendor_user` (`user_id`)
) ENGINE=InnoDB AUTO_INCREMENT=162 DEFAULT CHARSET=latin1;
/*!40101 SET character_set_client = @saved_cs_client */;

--
-- Dumping data for table `bids`
--

LOCK TABLES `bids` WRITE;
/*!40000 ALTER TABLE `bids` DISABLE KEYS */;
INSERT INTO `bids` VALUES (1,1,1,1,'2019-12-12','2019-12-12','1','NA','NA','NA','NA','0',0,1,2,'2019-12-05 10:14:54','2019-12-27 10:13:42'),(13,1,1,2,'2019-11-11','2019-12-12','1 Months1 Days','Project bid includes material, labour and full installation','Any item not included in this bid considered out of scope','need enough space to work on site','Great reviews from previous job and great track record','$10000',0,0,0,'2019-12-17 12:28:23','2020-01-11 08:25:54'),(14,1,1,3,'2019-11-11','2019-12-12','1 Months1 Days','Project bid includes material, labour and full installation','Any item not included in this bid considered out of scope','need enough space to work on site','Great reviews from previous job and great track record','$10000',0,0,0,'2019-12-17 12:35:36','2020-01-11 08:25:55'),(15,4,2,1,'2019-11-11','2019-12-12','1 Months1 Days','Project bid includes material, labour and full installation','Any item not included in this bid considered out of scope','need enough space to work on site','Great reviews from previous job and great track record','$10000',0,0,1,'2019-12-17 12:37:52','2020-01-20 13:10:09'),(16,4,2,135,'2019-11-11','2019-12-12','1 Months1 Days','Project bid includes material, labour and full installation','Any item not included in this bid considered out of scope','need enough space to work on site','Great reviews from previous job and great track record','$10000',0,0,0,'2019-12-17 12:39:10','2020-01-12 06:05:53'),(17,4,2,136,'2019-11-11','2019-12-12','1 Months1 Days','Project bid includes material, labour and full installation','Any item not included in this bid considered out of scope','need enough space to work on site','Great reviews from previous job and great track record','$10000',0,0,1,'2019-12-17 13:01:59','2020-01-12 06:05:53'),(18,1,1,7,'2019-11-11','2019-12-12','1 Months 1 Days ','Project bid includes material, labour and full installation','Any item not included in this bid considered out of scope','need enough space to work on site','Great reviews from previous job and great track record','$10000',0,0,0,'2019-12-27 10:00:28','2020-01-11 08:25:56'),(19,1,1,8,'2019-11-11','2019-12-12','1 Months 1 Days ','Project bid includes material, labour and full installation','Any item not included in this bid considered out of scope','need enough space to work on site','Great reviews from previous job and great track record','',0,0,0,'2019-12-27 10:00:29','2020-01-11 08:25:57'),(20,1,1,9,'2019-11-11','2019-12-12','1 Months 1 Days ','Project bid includes material, labour and full installation','Any item not included in this bid considered out of scope','need enough space to work on site','Great reviews from previous job and great track record','$10000',0,0,0,'2019-12-27 10:00:30','2020-01-11 08:25:57'),(21,1,1,10,'2019-11-11','2019-12-12','1 Months 1 Days ','Project bid includes material, labour and full installation','Any item not included in this bid considered out of scope','need enough space to work on site','Great reviews from previous job and great track record','$10000',0,0,0,'2019-12-27 10:00:31','2020-01-11 08:25:58'),(22,1,1,11,'2019-11-11','2019-12-12','1 Months 1 Days ','Project bid includes material, labour and full installation','Any item not included in this bid considered out of scope','need enough space to work on site','Great reviews from previous job and great track record','$10000',0,0,0,'2019-12-27 10:00:31','2020-01-13 13:31:19'),(24,1,1,12,'','2019-12-12','1 month','Project bid includes material, labour and full installation','Any item not included in this bid considered out of scope','need enough space to work on site','Great reviews from previous job and great track record','$10000',0,0,0,'2019-12-27 10:00:33','2020-01-11 08:25:58'),(25,1,1,13,'2019-11-11','','1 month','Project bid includes material, labour and full installation','Any item not included in this bid considered out of scope','need enough space to work on site','Great reviews from previous job and great track record','$10000',0,0,0,'2019-12-27 10:00:33','2020-01-11 08:25:59'),(26,1,1,14,'2019-11-11','2019-12-12','1 Months 1 Days ','Project bid includes material, labour and full installation','Any item not included in this bid considered out of scope','need enough space to work on site','Great reviews from previous job and great track record','$10000',0,0,0,'2019-12-27 10:00:34','2020-01-11 08:25:59'),(27,1,1,15,'2019-11-11','2019-12-12','1 Months 1 Days ','','Any item not included in this bid considered out of scope','need enough space to work on site','Great reviews from previous job and great track record','$10000',0,0,0,'2019-12-27 10:00:34','2020-01-11 08:26:00'),(28,1,1,16,'2019-11-11','2019-12-12','1 Months 1 Days ','Project bid includes material, labour and full installation','','need enough space to work on site','Great reviews from previous job and great track record','$10000',0,0,0,'2019-12-27 10:00:35','2020-01-11 08:26:00'),(29,1,1,17,'2019-11-11','2019-12-12','1 Months 1 Days ','Project bid includes material, labour and full installation','Any item not included in this bid considered out of scope','','Great reviews from previous job and great track record','$10000',0,0,0,'2019-12-27 10:00:36','2020-01-11 08:26:00'),(30,1,1,18,'2019-11-11','2019-12-12','1 Months 1 Days ','Project bid includes material, labour and full installation','Any item not included in this bid considered out of scope','need enough space to work on site','','$10000',0,0,0,'2019-12-27 10:00:37','2020-01-11 08:26:01'),(31,1,1,19,'2019-11-11','2019-12-12','1 Months 1 Days ','Project bid includes material, labour and full installation','Any item not included in this bid considered out of scope','need enough space to work on site','Great reviews from previous job and great track record','$10000',0,0,0,'2019-12-27 10:00:37','2020-01-11 08:26:01'),(32,1,1,20,'2019-11-11','2019-12-12','1 Months 1 Days ','Project bid includes material, labour and full installation','Any item not included in this bid considered out of scope','need enough space to work on site','Great reviews from previous job and great track record','$10000',0,0,0,'2019-12-27 10:00:38','2020-01-11 08:26:02'),(33,1,1,21,'2019-11-11','2019-12-12','1 Months 1 Days ','Project bid includes material, labour and full installation','Any item not included in this bid considered out of scope','need enough space to work on site','Great reviews from previous job and great track record','$10000',0,0,0,'2019-12-27 10:00:39','2020-01-11 08:26:02'),(34,1,1,22,'2019-11-11','2019-12-12','1 Months 1 Days ','Project bid includes material, labour and full installation','Any item not included in this bid considered out of scope','need enough space to work on site','Great reviews from previous job and great track record','$10000',0,0,0,'2019-12-27 10:00:39','2020-01-11 08:26:03'),(35,1,1,23,'2019-11-11','2019-12-12','1 Months 1 Days ','Project bid includes material, labour and full installation','Any item not included in this bid considered out of scope','need enough space to work on site','Great reviews from previous job and great track record','$10000',0,0,0,'2019-12-27 10:00:40','2020-01-11 08:26:03'),(36,1,1,24,'2019-11-11','2019-12-12','1 Months 1 Days ','Project bid includes material, labour and full installation','Any item not included in this bid considered out of scope','need enough space to work on site','Great reviews from previous job and great track record','$10000',0,0,0,'2019-12-27 10:00:41','2020-01-11 08:26:03'),(37,1,1,25,'2019-11-11','2019-12-12','1 Months 1 Days ','Project bid includes material, labour and full installation','Any item not included in this bid considered out of scope','need enough space to work on site','Great reviews from previous job and great track record','$10000',0,0,0,'2019-12-27 10:00:41','2020-01-11 08:26:04'),(38,1,1,26,'2019-11-11','2019-12-12','1 Months 1 Days ','Project bid includes material, labour and full installation','Any item not included in this bid considered out of scope','need enough space to work on site','Great reviews from previous job and great track record','$10000',0,0,0,'2019-12-27 10:00:42','2020-01-11 08:26:04'),(39,1,1,27,'2019-11-11','2019-12-12','1 Months 1 Days ','Project bid includes material, labour and full installation','Any item not included in this bid considered out of scope','need enough space to work on site','Great reviews from previous job and great track record','$10000',0,0,0,'2019-12-27 10:00:43','2020-01-11 08:26:05'),(40,1,1,28,'2019-11-11','2019-12-12','1 Months 1 Days ','Project bid includes material, labour and full installation','Any item not included in this bid considered out of scope','need enough space to work on site','Great reviews from previous job and great track record','$10000',0,0,0,'2019-12-27 10:00:43','2020-01-11 08:26:05'),(41,1,1,29,'2019-11-11','2019-12-12','1 Months 1 Days ','Project bid includes material, labour and full installation','Any item not included in this bid considered out of scope','need enough space to work on site','Great reviews from previous job and great track record','$10000',0,0,0,'2019-12-27 10:00:44','2020-01-13 13:30:44'),(43,1,1,30,'2019-11-11','2019-12-12','1 Months 1 Days ','Project bid includes material, labour and full installation','Any item not included in this bid considered out of scope','need enough space to work on site','Great reviews from previous job and great track record','$10000',0,0,0,'2019-12-27 10:00:45','2020-01-13 13:55:36'),(44,1,1,31,'2019-11-11','2019-12-12','1 Months 1 Days ','Project bid includes material, labour and full installation','Any item not included in this bid considered out of scope','need enough space to work on site','Great reviews from previous job and great track record','$10000',0,0,0,'2019-12-27 10:00:46','2020-01-11 08:26:06'),(46,1,1,32,'2019-11-11','2019-12-12','1 Months 1 Days ','Project bid includes material, labour and full installation','Any item not included in this bid considered out of scope','need enough space to work on site','Great reviews from previous job and great track record','$10000',0,0,0,'2019-12-27 10:01:39','2020-01-11 08:26:07'),(47,1,1,33,'2019-11-11','2019-12-12','1 Months 1 Days ','Project bid includes material, labour and full installation','Any item not included in this bid considered out of scope','need enough space to work on site','Great reviews from previous job and great track record','$10000',0,0,0,'2019-12-27 10:03:00','2020-01-11 08:26:07'),(48,1,1,34,'2019-11-11','2019-12-12','1 Months 1 Days ','Project bid includes material, labour and full installation','Any item not included in this bid considered out of scope','need enough space to work on site','Great reviews from previous job and great track record','$10000',0,0,1,'2019-12-27 10:03:12','2020-01-11 08:26:08'),(49,1,1,35,'2019-11-11','2019-12-12','1 Months 1 Days ','Project bid includes material, labour and full installation','Any item not included in this bid considered out of scope','need enough space to work on site','Great reviews from previous job and great track record','$10000',0,0,1,'2019-12-27 10:04:28','2020-01-11 08:26:08'),(50,1,1,36,'2019-11-11','2019-12-12','1 Months 1 Days ','Project bid includes material, labour and full installation','Any item not included in this bid considered out of scope','need enough space to work on site','Great reviews from previous job and great track record','',0,0,1,'2019-12-27 10:04:30','2020-01-11 08:26:08'),(51,1,1,37,'2019-11-11','2019-12-12','1 Months 1 Days ','Project bid includes material, labour and full installation','Any item not included in this bid considered out of scope','need enough space to work on site','Great reviews from previous job and great track record','$10000',0,0,1,'2019-12-27 10:04:30','2020-01-11 08:26:09'),(52,1,1,38,'2019-11-11','2019-12-12','1 Months 1 Days ','Project bid includes material, labour and full installation','Any item not included in this bid considered out of scope','need enough space to work on site','Great reviews from previous job and great track record','$10000',0,0,1,'2019-12-27 10:04:31','2020-01-11 08:26:09'),(53,1,1,39,'2019-11-11','2019-12-12','1 Months 1 Days ','Project bid includes material, labour and full installation','Any item not included in this bid considered out of scope','need enough space to work on site','Great reviews from previous job and great track record','$10000',0,0,1,'2019-12-27 10:04:32','2020-01-13 13:30:44'),(55,1,1,40,'','2019-12-12','1 month','Project bid includes material, labour and full installation','Any item not included in this bid considered out of scope','need enough space to work on site','Great reviews from previous job and great track record','$10000',0,0,1,'2019-12-27 10:04:33','2020-01-11 08:26:10'),(56,1,1,41,'2019-11-11','','1 month','Project bid includes material, labour and full installation','Any item not included in this bid considered out of scope','need enough space to work on site','Great reviews from previous job and great track record','$10000',0,0,1,'2019-12-27 10:04:34','2020-01-11 08:26:10'),(57,1,1,42,'2019-11-11','2019-12-12','1 Months 1 Days ','Project bid includes material, labour and full installation','Any item not included in this bid considered out of scope','need enough space to work on site','Great reviews from previous job and great track record','$10000',0,0,1,'2019-12-27 10:04:35','2020-01-11 08:26:11'),(58,1,1,43,'2019-11-11','2019-12-12','1 Months 1 Days ','','Any item not included in this bid considered out of scope','need enough space to work on site','Great reviews from previous job and great track record','$10000',0,0,1,'2019-12-27 10:04:35','2020-01-11 08:26:11'),(59,1,1,44,'2019-11-11','2019-12-12','1 Months 1 Days ','Project bid includes material, labour and full installation','','need enough space to work on site','Great reviews from previous job and great track record','$10000',0,0,1,'2019-12-27 10:04:36','2020-01-11 08:26:12'),(60,1,1,45,'2019-11-11','2019-12-12','1 Months 1 Days ','Project bid includes material, labour and full installation','Any item not included in this bid considered out of scope','','Great reviews from previous job and great track record','$10000',0,0,1,'2019-12-27 10:04:37','2020-01-11 08:26:12'),(61,1,1,46,'2019-11-11','2019-12-12','1 Months 1 Days ','Project bid includes material, labour and full installation','Any item not included in this bid considered out of scope','need enough space to work on site','','$10000',0,0,1,'2019-12-27 10:04:37','2020-01-11 08:26:12'),(62,1,1,47,'2019-11-11','2019-12-12','1 Months 1 Days ','Project bid includes material, labour and full installation','Any item not included in this bid considered out of scope','need enough space to work on site','Great reviews from previous job and great track record','$10000',0,0,0,'2019-12-27 10:04:38','2020-01-11 08:26:13'),(63,1,1,48,'2019-11-11','2019-12-12','1 Months 1 Days ','Project bid includes material, labour and full installation','Any item not included in this bid considered out of scope','need enough space to work on site','Great reviews from previous job and great track record','$10000',0,0,1,'2019-12-27 10:04:39','2020-01-11 08:26:13'),(64,1,1,49,'2019-11-11','2019-12-12','1 Months 1 Days ','Project bid includes material, labour and full installation','Any item not included in this bid considered out of scope','need enough space to work on site','Great reviews from previous job and great track record','$10000',0,0,1,'2019-12-27 10:04:39','2020-01-11 08:26:14'),(65,1,1,50,'2019-11-11','2019-12-12','1 Months 1 Days ','Project bid includes material, labour and full installation','Any item not included in this bid considered out of scope','need enough space to work on site','Great reviews from previous job and great track record','$10000',0,0,1,'2019-12-27 10:04:40','2020-01-11 08:26:14'),(66,1,1,51,'2019-11-11','2019-12-12','1 Months 1 Days ','Project bid includes material, labour and full installation','Any item not included in this bid considered out of scope','need enough space to work on site','Great reviews from previous job and great track record','$10000',0,0,1,'2019-12-27 10:04:41','2020-01-11 08:26:15'),(67,1,1,52,'2019-11-11','2019-12-12','1 Months 1 Days ','Project bid includes material, labour and full installation','Any item not included in this bid considered out of scope','need enough space to work on site','Great reviews from previous job and great track record','$10000',0,0,1,'2019-12-27 10:04:41','2020-01-11 08:26:15'),(68,1,1,53,'2019-11-11','2019-12-12','1 Months 1 Days ','Project bid includes material, labour and full installation','Any item not included in this bid considered out of scope','need enough space to work on site','Great reviews from previous job and great track record','$10000',0,0,1,'2019-12-27 10:04:42','2020-01-11 08:26:15'),(69,1,1,54,'2019-11-11','2019-12-12','1 Months 1 Days ','Project bid includes material, labour and full installation','Any item not included in this bid considered out of scope','need enough space to work on site','Great reviews from previous job and great track record','$10000',0,0,1,'2019-12-27 10:04:43','2020-01-11 08:26:16'),(70,1,1,55,'2019-11-11','2019-12-12','1 Months 1 Days ','Project bid includes material, labour and full installation','Any item not included in this bid considered out of scope','need enough space to work on site','Great reviews from previous job and great track record','$10000',0,0,1,'2019-12-27 10:04:43','2020-01-11 08:26:16'),(71,1,1,56,'2019-11-11','2019-12-12','1 Months 1 Days ','Project bid includes material, labour and full installation','Any item not included in this bid considered out of scope','need enough space to work on site','Great reviews from previous job and great track record','$10000',0,0,1,'2019-12-27 10:04:44','2020-01-11 08:26:17'),(72,1,1,57,'2019-11-11','2019-12-12','1 Months 1 Days ','Project bid includes material, labour and full installation','Any item not included in this bid considered out of scope','need enough space to work on site','Great reviews from previous job and great track record','$10000',0,0,1,'2019-12-27 10:04:45','2020-01-13 13:30:45'),(74,1,1,58,'2019-11-11','2019-12-12','1 Months 1 Days ','Project bid includes material, labour and full installation','Any item not included in this bid considered out of scope','need enough space to work on site','Great reviews from previous job and great track record','$10000',0,0,1,'2019-12-27 10:04:46','2020-01-13 13:55:36'),(75,1,1,59,'2019-11-11','2019-12-12','1 Months 1 Days ','Project bid includes material, labour and full installation','Any item not included in this bid considered out of scope','need enough space to work on site','Great reviews from previous job and great track record','$10000',0,0,1,'2019-12-27 10:04:46','2020-01-11 08:26:18'),(77,1,1,60,'2019-11-11','2019-12-12','1 Months 1 Days ','Projectbidincludesmateriallabourandfullinstallation','Anyitemnotincludedinthisbidconsideredoutofscope','needenoughspacetoworkonsite','Greatreviewsfrompreviousjobandgreattrackrecord','$10,000',0,0,0,'2020-01-10 03:21:38','2020-01-11 08:26:18'),(78,1,1,61,'2019-11-11','2019-12-12','1 Months 1 Days ','Projectbidincludesmateriallabourandfullinstallation','Anyitemnotincludedinthisbidconsideredoutofscope','needenoughspacetoworkonsite','Greatreviewsfrompreviousjobandgreattrackrecord','',0,0,0,'2020-01-10 03:21:39','2020-01-11 08:26:19'),(79,1,1,62,'2019-11-11','2019-12-12','1 Months 1 Days ','Projectbidincludesmateriallabourandfullinstallation','Anyitemnotincludedinthisbidconsideredoutofscope','needenoughspacetoworkonsite','Greatreviewsfrompreviousjobandgreattrackrecord','$10,000',0,0,0,'2020-01-10 03:21:40','2020-01-11 08:26:19'),(80,1,1,63,'2019-11-11','2019-12-12','1 Months 1 Days ','Projectbidincludesmateriallabourandfullinstallation','Anyitemnotincludedinthisbidconsideredoutofscope','needenoughspacetoworkonsite','Greatreviewsfrompreviousjobandgreattrackrecord','$10,000',0,0,0,'2020-01-10 03:21:40','2020-01-11 08:26:20'),(81,1,1,64,'2019-11-11','2019-12-12','1 Months 1 Days ','Projectbidincludesmateriallabourandfullinstallation','Anyitemnotincludedinthisbidconsideredoutofscope','needenoughspacetoworkonsite','Greatreviewsfrompreviousjobandgreattrackrecord','$10,000',0,0,0,'2020-01-10 03:21:41','2020-01-11 08:26:20'),(83,1,1,65,'','2019-12-12','1month','Projectbidincludesmateriallabourandfullinstallation','Anyitemnotincludedinthisbidconsideredoutofscope','needenoughspacetoworkonsite','Greatreviewsfrompreviousjobandgreattrackrecord','$10,000',0,0,0,'2020-01-10 03:21:42','2020-01-11 08:26:20'),(84,1,1,66,'2019-11-11','','1month','Projectbidincludesmateriallabourandfullinstallation','Anyitemnotincludedinthisbidconsideredoutofscope','needenoughspacetoworkonsite','Greatreviewsfrompreviousjobandgreattrackrecord','$10,000',0,0,0,'2020-01-10 03:21:43','2020-01-11 08:26:21'),(85,1,1,67,'2019-11-11','2019-12-12','1 Months 1 Days ','Projectbidincludesmateriallabourandfullinstallation','Anyitemnotincludedinthisbidconsideredoutofscope','needenoughspacetoworkonsite','Greatreviewsfrompreviousjobandgreattrackrecord','$10,000',0,0,0,'2020-01-10 03:21:44','2020-01-11 08:26:21'),(86,1,1,68,'2019-11-11','2019-12-12','1 Months 1 Days ','','Anyitemnotincludedinthisbidconsideredoutofscope','needenoughspacetoworkonsite','Greatreviewsfrompreviousjobandgreattrackrecord','$10,000',0,0,0,'2020-01-10 03:21:44','2020-01-11 08:26:22'),(87,1,1,69,'2019-11-11','2019-12-12','1 Months 1 Days ','Projectbidincludesmateriallabourandfullinstallation','','needenoughspacetoworkonsite','Greatreviewsfrompreviousjobandgreattrackrecord','$10,000',0,0,0,'2020-01-10 03:21:45','2020-01-11 08:26:22'),(88,1,1,70,'2019-11-11','2019-12-12','1 Months 1 Days ','Projectbidincludesmateriallabourandfullinstallation','Anyitemnotincludedinthisbidconsideredoutofscope','','Greatreviewsfrompreviousjobandgreattrackrecord','$10,000',0,0,0,'2020-01-10 03:21:46','2020-01-11 08:26:22'),(89,1,1,71,'2019-11-11','2019-12-12','1 Months 1 Days ','Projectbidincludesmateriallabourandfullinstallation','Anyitemnotincludedinthisbidconsideredoutofscope','needenoughspacetoworkonsite','','$10,000',0,0,0,'2020-01-10 03:21:46','2020-01-11 08:26:23'),(90,1,1,72,'2019-11-11','2019-12-12','1 Months 1 Days ','Projectbidincludesmateriallabourandfullinstallation','Anyitemnotincludedinthisbidconsideredoutofscope','needenoughspacetoworkonsite','Greatreviewsfrompreviousjobandgreattrackrecord','$10,000',0,0,0,'2020-01-10 03:21:47','2020-01-11 08:26:23'),(91,1,1,73,'2019-11-11','2019-12-12','1 Months 1 Days ','Projectbidincludesmateriallabourandfullinstallation','Anyitemnotincludedinthisbidconsideredoutofscope','needenoughspacetoworkonsite','Greatreviewsfrompreviousjobandgreattrackrecord','$10,000',0,0,0,'2020-01-10 03:21:48','2020-01-11 08:26:24'),(92,1,1,74,'2019-11-11','2019-12-12','1 Months 1 Days ','Projectbidincludesmateriallabourandfullinstallation','Anyitemnotincludedinthisbidconsideredoutofscope','needenoughspacetoworkonsite','Greatreviewsfrompreviousjobandgreattrackrecord','$10,000',0,0,0,'2020-01-10 03:21:49','2020-01-11 08:26:24'),(93,1,1,75,'2019-11-11','2019-12-12','1 Months 1 Days ','Projectbidincludesmateriallabourandfullinstallation','Anyitemnotincludedinthisbidconsideredoutofscope','needenoughspacetoworkonsite','Greatreviewsfrompreviousjobandgreattrackrecord','$10,000',0,0,0,'2020-01-10 03:21:49','2020-01-11 08:26:25'),(94,1,1,76,'2019-11-11','2019-12-12','1 Months 1 Days ','Projectbidincludesmateriallabourandfullinstallation','Anyitemnotincludedinthisbidconsideredoutofscope','needenoughspacetoworkonsite','Greatreviewsfrompreviousjobandgreattrackrecord','$10,000',0,0,0,'2020-01-10 03:21:50','2020-01-11 08:26:25'),(95,1,1,77,'2019-11-11','2019-12-12','1 Months 1 Days ','Projectbidincludesmateriallabourandfullinstallation','Anyitemnotincludedinthisbidconsideredoutofscope','needenoughspacetoworkonsite','Greatreviewsfrompreviousjobandgreattrackrecord','$10,000',0,0,0,'2020-01-10 03:21:51','2020-01-11 08:26:25'),(96,1,1,78,'2019-11-11','2019-12-12','1 Months 1 Days ','Projectbidincludesmateriallabourandfullinstallation','Anyitemnotincludedinthisbidconsideredoutofscope','needenoughspacetoworkonsite','Greatreviewsfrompreviousjobandgreattrackrecord','$10,000',0,0,0,'2020-01-10 03:21:51','2020-01-11 08:26:26'),(97,1,1,79,'2019-11-11','2019-12-12','1 Months 1 Days ','Projectbidincludesmateriallabourandfullinstallation','Anyitemnotincludedinthisbidconsideredoutofscope','needenoughspacetoworkonsite','Greatreviewsfrompreviousjobandgreattrackrecord','$10,000',0,0,0,'2020-01-10 03:21:52','2020-01-11 08:26:26'),(98,1,1,80,'2019-11-11','2019-12-12','1 Months 1 Days ','Projectbidincludesmateriallabourandfullinstallation','Anyitemnotincludedinthisbidconsideredoutofscope','needenoughspacetoworkonsite','Greatreviewsfrompreviousjobandgreattrackrecord','$10,000',0,0,0,'2020-01-10 03:21:53','2020-01-11 08:26:27'),(99,1,1,81,'2019-11-11','2019-12-12','1 Months 1 Days ','Projectbidincludesmateriallabourandfullinstallation','Anyitemnotincludedinthisbidconsideredoutofscope','needenoughspacetoworkonsite','Greatreviewsfrompreviousjobandgreattrackrecord','$10,000',0,0,0,'2020-01-10 03:21:53','2020-01-11 08:26:27'),(100,1,1,82,'2019-11-11','2019-12-12','1 Months 1 Days ','Projectbidincludesmateriallabourandfullinstallation','Anyitemnotincludedinthisbidconsideredoutofscope','needenoughspacetoworkonsite','Greatreviewsfrompreviousjobandgreattrackrecord','$10,000',0,0,0,'2020-01-10 03:21:54','2020-01-11 08:26:27'),(102,1,1,83,'2019-11-11','2019-12-12','1 Months 1 Days ','Projectbidincludesmateriallabourandfullinstallation','Anyitemnotincludedinthisbidconsideredoutofscope','needenoughspacetoworkonsite','Greatreviewsfrompreviousjobandgreattrackrecord','$10,000',0,0,0,'2020-01-10 03:21:55','2020-01-13 13:55:36'),(103,1,1,84,'2019-11-11','2019-12-12','1 Months 1 Days ','Projectbidincludesmateriallabourandfullinstallation','Anyitemnotincludedinthisbidconsideredoutofscope','needenoughspacetoworkonsite','Greatreviewsfrompreviousjobandgreattrackrecord','$10,000',0,0,0,'2020-01-10 03:21:56','2020-01-11 08:26:28'),(105,1,1,85,'2019-11-11','2019-12-12','1 Months 1 Days ','Projectbidincludesmateriallabourandfullinstallation','Anyitemnotincludedinthisbidconsideredoutofscope','needenoughspacetoworkonsite','Greatreviewsfrompreviousjobandgreattrackrecord','$10,000',0,0,0,'2020-01-10 03:27:50','2020-01-11 08:26:29'),(106,1,1,86,'2019-11-11','2019-12-12','1 Months 1 Days ','Projectbidincludesmateriallabourandfullinstallation','Anyitemnotincludedinthisbidconsideredoutofscope','needenoughspacetoworkonsite','Greatreviewsfrompreviousjobandgreattrackrecord','',0,0,0,'2020-01-10 03:27:51','2020-01-11 08:26:29'),(107,1,1,87,'2019-11-11','2019-12-12','1 Months 1 Days ','Projectbidincludesmateriallabourandfullinstallation','Anyitemnotincludedinthisbidconsideredoutofscope','needenoughspacetoworkonsite','Greatreviewsfrompreviousjobandgreattrackrecord','$10,000',0,0,0,'2020-01-10 03:27:51','2020-01-11 08:26:30'),(108,1,1,88,'2019-11-11','2019-12-12','1 Months 1 Days ','Projectbidincludesmateriallabourandfullinstallation','Anyitemnotincludedinthisbidconsideredoutofscope','needenoughspacetoworkonsite','Greatreviewsfrompreviousjobandgreattrackrecord','$10,000',0,0,0,'2020-01-10 03:27:52','2020-01-11 08:26:30'),(109,1,1,89,'2019-11-11','2019-12-12','1 Months 1 Days ','Projectbidincludesmateriallabourandfullinstallation','Anyitemnotincludedinthisbidconsideredoutofscope','needenoughspacetoworkonsite','Greatreviewsfrompreviousjobandgreattrackrecord','$10,000',0,0,0,'2020-01-10 03:27:53','2020-01-11 08:26:30'),(111,1,1,90,'','2019-12-12','1month','Projectbidincludesmateriallabourandfullinstallation','Anyitemnotincludedinthisbidconsideredoutofscope','needenoughspacetoworkonsite','Greatreviewsfrompreviousjobandgreattrackrecord','$10,000',0,0,0,'2020-01-10 03:27:54','2020-01-11 08:26:31'),(112,1,1,91,'2019-11-11','','1month','Projectbidincludesmateriallabourandfullinstallation','Anyitemnotincludedinthisbidconsideredoutofscope','needenoughspacetoworkonsite','Greatreviewsfrompreviousjobandgreattrackrecord','$10,000',0,0,0,'2020-01-10 03:27:55','2020-01-11 08:26:31'),(113,1,1,92,'2019-11-11','2019-12-12','1 Months 1 Days ','Projectbidincludesmateriallabourandfullinstallation','Anyitemnotincludedinthisbidconsideredoutofscope','needenoughspacetoworkonsite','Greatreviewsfrompreviousjobandgreattrackrecord','$10,000',0,0,0,'2020-01-10 03:27:55','2020-01-11 08:26:32'),(114,1,1,93,'2019-11-11','2019-12-12','1 Months 1 Days ','','Anyitemnotincludedinthisbidconsideredoutofscope','needenoughspacetoworkonsite','Greatreviewsfrompreviousjobandgreattrackrecord','$10,000',0,0,0,'2020-01-10 03:27:56','2020-01-11 08:26:32'),(115,1,1,94,'2019-11-11','2019-12-12','1 Months 1 Days ','Projectbidincludesmateriallabourandfullinstallation','','needenoughspacetoworkonsite','Greatreviewsfrompreviousjobandgreattrackrecord','$10,000',0,0,0,'2020-01-10 03:27:57','2020-01-11 08:26:32'),(116,1,1,95,'2019-11-11','2019-12-12','1 Months 1 Days ','Projectbidincludesmateriallabourandfullinstallation','Anyitemnotincludedinthisbidconsideredoutofscope','','Greatreviewsfrompreviousjobandgreattrackrecord','$10,000',0,0,0,'2020-01-10 03:27:57','2020-01-11 08:26:33'),(117,1,1,96,'2019-11-11','2019-12-12','1 Months 1 Days ','Projectbidincludesmateriallabourandfullinstallation','Anyitemnotincludedinthisbidconsideredoutofscope','needenoughspacetoworkonsite','','$10,000',0,0,0,'2020-01-10 03:27:58','2020-01-11 08:26:33'),(118,1,1,97,'2019-11-11','2019-12-12','1 Months 1 Days ','Projectbidincludesmateriallabourandfullinstallation','Anyitemnotincludedinthisbidconsideredoutofscope','needenoughspacetoworkonsite','Greatreviewsfrompreviousjobandgreattrackrecord','$10,000',0,0,0,'2020-01-10 03:27:58','2020-01-11 08:26:34'),(119,1,1,98,'2019-11-11','2019-12-12','1 Months 1 Days ','Projectbidincludesmateriallabourandfullinstallation','Anyitemnotincludedinthisbidconsideredoutofscope','needenoughspacetoworkonsite','Greatreviewsfrompreviousjobandgreattrackrecord','$10,000',0,0,0,'2020-01-10 03:28:00','2020-01-11 08:26:34'),(120,1,1,99,'2019-11-11','2019-12-12','1 Months 1 Days ','Projectbidincludesmateriallabourandfullinstallation','Anyitemnotincludedinthisbidconsideredoutofscope','needenoughspacetoworkonsite','Greatreviewsfrompreviousjobandgreattrackrecord','$10,000',0,0,0,'2020-01-10 03:28:00','2020-01-11 08:26:35'),(121,1,1,100,'2019-11-11','2019-12-12','1 Months 1 Days ','Projectbidincludesmateriallabourandfullinstallation','Anyitemnotincludedinthisbidconsideredoutofscope','needenoughspacetoworkonsite','Greatreviewsfrompreviousjobandgreattrackrecord','$10,000',0,0,0,'2020-01-10 03:28:01','2020-01-11 08:26:35'),(122,1,1,101,'2019-11-11','2019-12-12','1 Months 1 Days ','Projectbidincludesmateriallabourandfullinstallation','Anyitemnotincludedinthisbidconsideredoutofscope','needenoughspacetoworkonsite','Greatreviewsfrompreviousjobandgreattrackrecord','$10,000',0,0,0,'2020-01-10 03:28:01','2020-01-11 08:26:35'),(123,1,1,102,'2019-11-11','2019-12-12','1 Months 1 Days ','Projectbidincludesmateriallabourandfullinstallation','Anyitemnotincludedinthisbidconsideredoutofscope','needenoughspacetoworkonsite','Greatreviewsfrompreviousjobandgreattrackrecord','$10,000',0,0,0,'2020-01-10 03:28:02','2020-01-11 08:26:36'),(124,1,1,103,'2019-11-11','2019-12-12','1 Months 1 Days ','Projectbidincludesmateriallabourandfullinstallation','Anyitemnotincludedinthisbidconsideredoutofscope','needenoughspacetoworkonsite','Greatreviewsfrompreviousjobandgreattrackrecord','$10,000',0,0,0,'2020-01-10 03:28:03','2020-01-11 08:26:36'),(125,1,1,104,'2019-11-11','2019-12-12','1 Months 1 Days ','Projectbidincludesmateriallabourandfullinstallation','Anyitemnotincludedinthisbidconsideredoutofscope','needenoughspacetoworkonsite','Greatreviewsfrompreviousjobandgreattrackrecord','$10,000',0,0,0,'2020-01-10 03:28:03','2020-01-11 08:26:37'),(126,1,1,105,'2019-11-11','2019-12-12','1 Months 1 Days ','Projectbidincludesmateriallabourandfullinstallation','Anyitemnotincludedinthisbidconsideredoutofscope','needenoughspacetoworkonsite','Greatreviewsfrompreviousjobandgreattrackrecord','$10,000',0,0,0,'2020-01-10 03:28:04','2020-01-11 08:26:37'),(127,1,1,106,'2019-11-11','2019-12-12','1 Months 1 Days ','Projectbidincludesmateriallabourandfullinstallation','Anyitemnotincludedinthisbidconsideredoutofscope','needenoughspacetoworkonsite','Greatreviewsfrompreviousjobandgreattrackrecord','$10,000',0,0,0,'2020-01-10 03:28:04','2020-01-11 08:26:37'),(128,1,1,107,'2019-11-11','2019-12-12','1 Months 1 Days ','Projectbidincludesmateriallabourandfullinstallation','Anyitemnotincludedinthisbidconsideredoutofscope','needenoughspacetoworkonsite','Greatreviewsfrompreviousjobandgreattrackrecord','$10,000',0,0,0,'2020-01-10 03:28:05','2020-01-11 08:26:38'),(130,1,1,108,'2019-11-11','2019-12-12','1 Months 1 Days ','Projectbidincludesmateriallabourandfullinstallation','Anyitemnotincludedinthisbidconsideredoutofscope','needenoughspacetoworkonsite','Greatreviewsfrompreviousjobandgreattrackrecord','$10,000',0,0,0,'2020-01-10 03:28:06','2020-01-13 13:55:35'),(131,1,1,109,'2019-11-11','2019-12-12','1 Months 1 Days ','Projectbidincludesmateriallabourandfullinstallation','Anyitemnotincludedinthisbidconsideredoutofscope','needenoughspacetoworkonsite','Greatreviewsfrompreviousjobandgreattrackrecord','$10,000',0,0,0,'2020-01-10 03:28:07','2020-01-11 08:26:39'),(133,1,1,110,'2019-11-11','2019-12-12','1 Months 1 Days ','Project bid includes material, labour and full installation','Any item not included in this bid considered out of scope','need enough space to work on site','Great reviews from previous job and great track record','$10000',0,0,0,'2020-01-10 03:30:00','2020-01-11 08:26:39'),(134,1,1,111,'2019-11-11','2019-12-12','1 Months 1 Days ','Project bid includes material, labour and full installation','Any item not included in this bid considered out of scope','need enough space to work on site','Great reviews from previous job and great track record','$10000',0,0,1,'2020-01-10 03:30:57','2020-01-11 08:26:40'),(135,1,1,112,'2019-11-11','2019-12-12','1 Months 1 Days ','Projectbidincludesmateriallabourandfullinstallation','Anyitemnotincludedinthisbidconsideredoutofscope','needenoughspacetoworkonsite','Greatreviewsfrompreviousjobandgreattrackrecord','$10,000',0,0,1,'2020-01-10 03:31:31','2020-01-11 08:26:40'),(136,1,1,113,'2019-11-11','2019-12-12','1 Months 1 Days ','Projectbidincludesmateriallabourandfullinstallation','Anyitemnotincludedinthisbidconsideredoutofscope','needenoughspacetoworkonsite','Greatreviewsfrompreviousjobandgreattrackrecord','',0,0,1,'2020-01-10 03:31:32','2020-01-11 08:26:40'),(137,1,1,114,'2019-11-11','2019-12-12','1 Months 1 Days ','Projectbidincludesmateriallabourandfullinstallation','Anyitemnotincludedinthisbidconsideredoutofscope','needenoughspacetoworkonsite','Greatreviewsfrompreviousjobandgreattrackrecord','$10,000',0,0,1,'2020-01-10 03:31:33','2020-01-11 08:26:41'),(138,1,1,115,'2019-11-11','2019-12-12','1 Months 1 Days ','Projectbidincludesmateriallabourandfullinstallation','Anyitemnotincludedinthisbidconsideredoutofscope','needenoughspacetoworkonsite','Greatreviewsfrompreviousjobandgreattrackrecord','$10,000',0,0,1,'2020-01-10 03:31:34','2020-01-11 08:26:41'),(139,1,1,116,'2019-11-11','2019-12-12','1 Months 1 Days ','Projectbidincludesmateriallabourandfullinstallation','Anyitemnotincludedinthisbidconsideredoutofscope','needenoughspacetoworkonsite','Greatreviewsfrompreviousjobandgreattrackrecord','$10,000',0,0,1,'2020-01-10 03:31:34','2020-01-11 08:26:42'),(141,1,1,117,'','2019-12-12','1month','Projectbidincludesmateriallabourandfullinstallation','Anyitemnotincludedinthisbidconsideredoutofscope','needenoughspacetoworkonsite','Greatreviewsfrompreviousjobandgreattrackrecord','$10,000',0,0,1,'2020-01-10 03:31:36','2020-01-11 08:26:42'),(142,1,1,118,'2019-11-11','','1month','Projectbidincludesmateriallabourandfullinstallation','Anyitemnotincludedinthisbidconsideredoutofscope','needenoughspacetoworkonsite','Greatreviewsfrompreviousjobandgreattrackrecord','$10,000',0,0,1,'2020-01-10 03:31:36','2020-01-11 08:26:42'),(143,1,1,119,'2019-11-11','2019-12-12','1 Months 1 Days ','Projectbidincludesmateriallabourandfullinstallation','Anyitemnotincludedinthisbidconsideredoutofscope','needenoughspacetoworkonsite','Greatreviewsfrompreviousjobandgreattrackrecord','$10,000',0,0,1,'2020-01-10 03:31:37','2020-01-11 08:26:43'),(144,1,1,120,'2019-11-11','2019-12-12','1 Months 1 Days ','','Anyitemnotincludedinthisbidconsideredoutofscope','needenoughspacetoworkonsite','Greatreviewsfrompreviousjobandgreattrackrecord','$10,000',0,0,1,'2020-01-10 03:31:38','2020-01-11 08:26:43'),(145,1,1,121,'2019-11-11','2019-12-12','1 Months 1 Days ','Projectbidincludesmateriallabourandfullinstallation','','needenoughspacetoworkonsite','Greatreviewsfrompreviousjobandgreattrackrecord','$10,000',0,0,1,'2020-01-10 03:31:38','2020-01-11 08:26:44'),(146,1,1,122,'2019-11-11','2019-12-12','1 Months 1 Days ','Projectbidincludesmateriallabourandfullinstallation','Anyitemnotincludedinthisbidconsideredoutofscope','','Greatreviewsfrompreviousjobandgreattrackrecord','$10,000',0,0,1,'2020-01-10 03:31:39','2020-01-11 08:26:44'),(147,1,1,123,'2019-11-11','2019-12-12','1 Months 1 Days ','Projectbidincludesmateriallabourandfullinstallation','Anyitemnotincludedinthisbidconsideredoutofscope','needenoughspacetoworkonsite','','$10,000',0,0,1,'2020-01-10 03:31:40','2020-01-11 08:26:45'),(148,1,1,124,'2019-11-11','2019-12-12','1 Months 1 Days ','Projectbidincludesmateriallabourandfullinstallation','Anyitemnotincludedinthisbidconsideredoutofscope','needenoughspacetoworkonsite','Greatreviewsfrompreviousjobandgreattrackrecord','$10,000',0,0,0,'2020-01-10 03:31:40','2020-01-11 08:26:45'),(149,1,1,125,'2019-11-11','2019-12-12','1 Months 1 Days ','Projectbidincludesmateriallabourandfullinstallation','Anyitemnotincludedinthisbidconsideredoutofscope','needenoughspacetoworkonsite','Greatreviewsfrompreviousjobandgreattrackrecord','$10,000',0,0,1,'2020-01-10 03:31:41','2020-01-11 08:26:45'),(150,1,1,126,'2019-11-11','2019-12-12','1 Months 1 Days ','Projectbidincludesmateriallabourandfullinstallation','Anyitemnotincludedinthisbidconsideredoutofscope','needenoughspacetoworkonsite','Greatreviewsfrompreviousjobandgreattrackrecord','$10,000',0,0,1,'2020-01-10 03:31:42','2020-01-11 08:26:46'),(151,1,1,127,'2019-11-11','2019-12-12','1 Months 1 Days ','Projectbidincludesmateriallabourandfullinstallation','Anyitemnotincludedinthisbidconsideredoutofscope','needenoughspacetoworkonsite','Greatreviewsfrompreviousjobandgreattrackrecord','$10,000',0,0,1,'2020-01-10 03:31:42','2020-01-11 08:26:46'),(152,1,1,128,'2019-11-11','2019-12-12','1 Months 1 Days ','Projectbidincludesmateriallabourandfullinstallation','Anyitemnotincludedinthisbidconsideredoutofscope','needenoughspacetoworkonsite','Greatreviewsfrompreviousjobandgreattrackrecord','$10,000',0,0,1,'2020-01-10 03:31:43','2020-01-11 08:26:47'),(153,1,1,129,'2019-11-11','2019-12-12','1 Months 1 Days ','Projectbidincludesmateriallabourandfullinstallation','Anyitemnotincludedinthisbidconsideredoutofscope','needenoughspacetoworkonsite','Greatreviewsfrompreviousjobandgreattrackrecord','$10,000',0,0,1,'2020-01-10 03:31:44','2020-01-11 08:26:47'),(154,1,1,130,'2019-11-11','2019-12-12','1 Months 1 Days ','Projectbidincludesmateriallabourandfullinstallation','Anyitemnotincludedinthisbidconsideredoutofscope','needenoughspacetoworkonsite','Greatreviewsfrompreviousjobandgreattrackrecord','$10,000',0,0,1,'2020-01-10 03:31:44','2020-01-11 08:26:47'),(155,1,1,131,'2019-11-11','2019-12-12','1 Months 1 Days ','Projectbidincludesmateriallabourandfullinstallation','Anyitemnotincludedinthisbidconsideredoutofscope','needenoughspacetoworkonsite','Greatreviewsfrompreviousjobandgreattrackrecord','$10,000',0,0,1,'2020-01-10 03:31:45','2020-01-11 08:26:48'),(156,1,1,132,'2019-11-11','2019-12-12','1 Months 1 Days ','Projectbidincludesmateriallabourandfullinstallation','Anyitemnotincludedinthisbidconsideredoutofscope','needenoughspacetoworkonsite','Greatreviewsfrompreviousjobandgreattrackrecord','$10,000',0,0,1,'2020-01-10 03:31:46','2020-01-11 08:26:48'),(157,1,1,133,'2019-11-11','2019-12-12','1 Months 1 Days ','Projectbidincludesmateriallabourandfullinstallation','Anyitemnotincludedinthisbidconsideredoutofscope','needenoughspacetoworkonsite','Greatreviewsfrompreviousjobandgreattrackrecord','$10,000',0,0,1,'2020-01-10 03:31:46','2020-01-11 08:26:49'),(158,1,1,134,'2019-11-11','2019-12-12','1 Months 1 Days ','Projectbidincludesmateriallabourandfullinstallation','Anyitemnotincludedinthisbidconsideredoutofscope','needenoughspacetoworkonsite','Greatreviewsfrompreviousjobandgreattrackrecord','$10,000',0,0,1,'2020-01-10 03:31:47','2020-01-11 08:26:49'),(160,1,1,135,'2019-11-11','2019-12-12','1 Months 1 Days ','Projectbidincludesmateriallabourandfullinstallation','Anyitemnotincludedinthisbidconsideredoutofscope','needenoughspacetoworkonsite','Greatreviewsfrompreviousjobandgreattrackrecord','$10,000',0,0,1,'2020-01-10 03:31:48','2020-01-13 13:55:35'),(161,1,1,136,'2019-11-11','2019-12-12','1 Months 1 Days ','Projectbidincludesmateriallabourandfullinstallation','Anyitemnotincludedinthisbidconsideredoutofscope','needenoughspacetoworkonsite','Greatreviewsfrompreviousjobandgreattrackrecord','$10,000',0,0,1,'2020-01-10 03:31:49','2020-01-11 08:26:50');
/*!40000 ALTER TABLE `bids` ENABLE KEYS */;
UNLOCK TABLES;

--
-- Table structure for table `client`
--

DROP TABLE IF EXISTS `client`;
/*!40101 SET @saved_cs_client     = @@character_set_client */;
/*!50503 SET character_set_client = utf8mb4 */;
CREATE TABLE `client` (
  `client_id` int(11) NOT NULL,
  `last_name` varchar(255) DEFAULT NULL,
  `city` varchar(255) DEFAULT NULL,
  `country_code` int(11) NOT NULL,
  `email` varchar(255) DEFAULT NULL,
  `first_name` varchar(255) DEFAULT NULL,
  `legal_name` varchar(255) DEFAULT NULL,
  `organisation_id` int(11) DEFAULT NULL,
  `password` varchar(255) DEFAULT NULL,
  `phone` varchar(255) DEFAULT NULL,
  `status` int(11) DEFAULT NULL,
  `user_id` int(11) DEFAULT NULL,
  `user_role` int(11) DEFAULT NULL,
  `user_type` int(11) DEFAULT NULL,
  `username` varchar(255) DEFAULT NULL,
  PRIMARY KEY (`client_id`)
) ENGINE=InnoDB DEFAULT CHARSET=latin1;
/*!40101 SET character_set_client = @saved_cs_client */;

--
-- Dumping data for table `client`
--

LOCK TABLES `client` WRITE;
/*!40000 ALTER TABLE `client` DISABLE KEYS */;
/*!40000 ALTER TABLE `client` ENABLE KEYS */;
UNLOCK TABLES;

--
-- Table structure for table `client_association`
--

DROP TABLE IF EXISTS `client_association`;
/*!40101 SET @saved_cs_client     = @@character_set_client */;
/*!50503 SET character_set_client = utf8mb4 */;
CREATE TABLE `client_association` (
  `id` int(11) NOT NULL AUTO_INCREMENT,
  `client_organisation_id` int(11) DEFAULT NULL,
  `client_id` int(11) DEFAULT NULL,
  `client_user_type` int(11) DEFAULT NULL,
  `user_role` int(11) DEFAULT NULL,
  `account_verification_status` int(11) DEFAULT NULL,
  `user_account_status` int(11) DEFAULT NULL,
  `user_inactive_date` varchar(45) DEFAULT NULL,
  `created_at` timestamp NULL DEFAULT CURRENT_TIMESTAMP,
  `modified_date` timestamp NULL DEFAULT CURRENT_TIMESTAMP ON UPDATE CURRENT_TIMESTAMP,
  PRIMARY KEY (`id`),
  KEY `FKc7tjsud5at0runmm7alt37nha` (`client_id`),
  KEY `FK67suqr06aogxivxfrob5ffxm5` (`client_organisation_id`),
  CONSTRAINT `FK67suqr06aogxivxfrob5ffxm5` FOREIGN KEY (`client_organisation_id`) REFERENCES `client_organisation` (`client_organisation_id`),
  CONSTRAINT `FKc7tjsud5at0runmm7alt37nha` FOREIGN KEY (`client_id`) REFERENCES `client_user` (`client_id`)
) ENGINE=InnoDB AUTO_INCREMENT=172 DEFAULT CHARSET=latin1;
/*!40101 SET character_set_client = @saved_cs_client */;

--
-- Dumping data for table `client_association`
--

LOCK TABLES `client_association` WRITE;
/*!40000 ALTER TABLE `client_association` DISABLE KEYS */;
INSERT INTO `client_association` VALUES (3,1,1,2,1,2,1,'','2019-11-20 12:56:33','2020-01-20 07:03:53'),(5,1,6,2,2,1,2,'2020-01-12 07:47:36','2019-11-20 12:56:33','2020-01-12 07:49:13'),(12,1,28,2,2,1,2,'2020-01-12 07:47:36','2019-11-20 12:56:33','2020-01-12 07:49:14'),(13,1,29,3,1,2,2,'2020-01-12 07:47:36','2019-11-20 12:56:33','2020-01-12 07:49:14'),(24,44,29,3,1,1,1,NULL,'2019-12-24 04:12:50','2019-12-24 04:12:50'),(25,45,29,3,1,1,1,NULL,'2019-12-24 04:13:18','2019-12-24 04:13:18'),(26,46,29,3,1,1,1,NULL,'2019-12-24 04:13:40','2019-12-24 04:13:40'),(27,1,64,1,1,1,2,'2020-01-12 07:47:36','2019-12-24 06:07:54','2020-01-12 07:49:15'),(28,38,29,1,1,1,1,NULL,'2019-12-24 06:41:45','2019-12-24 06:41:45'),(29,38,29,1,1,1,1,NULL,'2019-12-24 06:42:23','2019-12-24 06:42:23'),(30,38,29,1,1,1,1,NULL,'2019-12-24 06:44:05','2019-12-24 06:44:05'),(31,38,29,1,1,1,1,NULL,'2019-12-24 06:45:06','2019-12-24 06:45:06'),(32,38,29,1,1,1,1,NULL,'2019-12-24 06:46:33','2019-12-24 06:46:33'),(33,38,29,1,1,1,1,NULL,'2019-12-24 06:49:05','2019-12-24 06:49:05'),(34,38,29,1,1,1,1,NULL,'2019-12-24 06:50:02','2019-12-24 06:50:02'),(35,38,29,1,1,1,1,NULL,'2019-12-24 06:57:17','2019-12-24 06:57:17'),(36,38,29,1,1,1,1,NULL,'2019-12-24 07:03:08','2019-12-24 07:03:08'),(37,38,33,1,1,1,1,NULL,'2019-12-24 07:03:10','2019-12-24 07:03:10'),(38,38,29,1,1,1,1,NULL,'2019-12-24 07:03:11','2019-12-24 07:03:11'),(39,39,29,1,1,1,1,NULL,'2019-12-24 08:17:36','2019-12-27 10:18:11'),(40,2,33,1,1,1,2,'2019-12-31 13:54:31','2019-12-24 08:17:38','2020-01-12 07:51:02'),(41,2,29,1,1,1,2,'2020-01-09 05:53:42','2019-12-24 08:17:39','2020-01-12 07:51:02'),(45,47,47,3,1,1,1,NULL,'2019-12-24 13:35:24','2019-12-24 13:35:24'),(46,48,47,3,1,1,1,NULL,'2019-12-24 13:40:01','2019-12-24 13:40:01'),(47,49,47,3,1,1,1,NULL,'2019-12-24 13:42:53','2019-12-24 13:42:53'),(48,50,47,3,1,1,1,NULL,'2019-12-24 13:44:24','2019-12-24 13:44:24'),(49,51,47,3,1,1,1,NULL,'2019-12-24 13:54:47','2019-12-24 13:54:47'),(50,52,47,3,1,1,1,NULL,'2019-12-24 14:02:39','2019-12-24 14:02:39'),(51,53,47,3,1,1,1,NULL,'2019-12-24 14:11:28','2019-12-24 14:11:28'),(52,54,47,3,1,1,1,NULL,'2019-12-24 14:13:22','2019-12-24 14:13:22'),(53,55,47,3,1,1,1,NULL,'2019-12-24 14:16:07','2019-12-24 14:16:07'),(54,56,47,3,1,1,1,NULL,'2019-12-24 14:16:30','2019-12-24 14:16:30'),(55,57,47,3,1,1,1,NULL,'2019-12-24 14:17:10','2019-12-24 14:17:10'),(56,61,47,3,1,1,1,NULL,'2019-12-24 14:23:50','2019-12-24 14:23:50'),(57,62,47,3,1,1,1,NULL,'2019-12-24 14:25:00','2019-12-24 14:25:00'),(58,63,47,3,1,1,1,NULL,'2019-12-24 17:04:17','2019-12-24 17:04:17'),(59,64,29,3,1,1,1,NULL,'2019-12-26 04:44:56','2019-12-26 04:44:56'),(60,65,29,3,1,1,1,NULL,'2019-12-26 04:44:58','2019-12-26 04:44:58'),(61,66,29,3,1,1,1,NULL,'2019-12-26 04:44:58','2019-12-26 04:44:58'),(62,67,29,3,1,1,1,NULL,'2019-12-26 04:44:59','2019-12-26 04:44:59'),(63,68,29,3,1,1,1,NULL,'2019-12-26 04:45:00','2019-12-26 04:45:00'),(64,69,29,3,1,1,1,NULL,'2019-12-26 04:45:01','2019-12-26 04:45:01'),(65,70,29,3,1,1,1,NULL,'2019-12-26 04:45:02','2019-12-26 04:45:02'),(66,71,29,3,1,1,1,NULL,'2019-12-26 04:45:03','2019-12-26 04:45:03'),(67,72,29,3,1,1,1,NULL,'2019-12-26 04:45:04','2019-12-26 04:45:04'),(68,73,29,3,1,1,1,NULL,'2019-12-26 04:45:04','2019-12-26 04:45:04'),(69,74,29,3,1,1,1,NULL,'2019-12-26 04:45:05','2019-12-26 04:45:05'),(70,75,29,3,1,1,1,NULL,'2019-12-26 04:45:06','2019-12-26 04:45:06'),(71,76,29,3,1,1,1,NULL,'2019-12-26 04:45:07','2019-12-26 04:45:07'),(72,77,29,3,1,1,1,NULL,'2019-12-26 04:45:08','2019-12-26 04:45:08'),(73,78,29,3,1,1,1,NULL,'2019-12-26 04:45:09','2019-12-26 04:45:09'),(74,79,29,3,1,1,1,NULL,'2019-12-26 04:45:10','2019-12-26 04:45:10'),(75,80,29,3,1,1,1,NULL,'2019-12-26 04:45:11','2019-12-26 04:45:11'),(76,81,29,3,1,1,1,NULL,'2019-12-26 04:45:12','2019-12-26 04:45:12'),(77,82,29,3,1,1,1,NULL,'2019-12-26 04:45:12','2019-12-26 04:45:12'),(78,83,29,3,1,1,1,NULL,'2019-12-26 04:45:13','2019-12-26 04:45:13'),(79,84,29,3,1,1,1,NULL,'2019-12-26 04:45:14','2019-12-26 04:45:14'),(80,85,29,3,1,1,1,NULL,'2019-12-26 04:45:16','2019-12-26 04:45:16'),(81,86,29,3,1,1,1,NULL,'2019-12-26 04:45:17','2019-12-26 04:45:17'),(82,87,29,3,1,1,1,NULL,'2019-12-26 04:45:18','2019-12-26 04:45:18'),(83,88,29,3,1,1,1,NULL,'2019-12-26 04:45:19','2019-12-26 04:45:19'),(84,89,29,3,1,1,1,NULL,'2019-12-26 04:45:20','2019-12-26 04:45:20'),(85,90,29,3,1,1,1,NULL,'2019-12-26 04:45:21','2019-12-26 04:45:21'),(86,91,29,3,1,1,1,NULL,'2019-12-26 04:45:22','2019-12-26 04:45:22'),(87,92,29,3,1,1,1,NULL,'2019-12-26 04:45:23','2019-12-26 04:45:23'),(88,93,29,3,1,1,1,NULL,'2019-12-26 04:45:23','2019-12-26 04:45:23'),(89,94,29,3,1,1,1,NULL,'2019-12-26 04:45:24','2019-12-26 04:45:24'),(93,95,29,3,1,1,1,NULL,'2019-12-26 07:23:14','2019-12-26 07:23:14'),(94,97,29,3,1,1,1,NULL,'2019-12-26 07:23:37','2019-12-26 07:23:37'),(95,98,53,3,1,1,1,NULL,'2019-12-26 07:23:45','2019-12-26 07:23:45'),(99,NULL,29,1,1,2,1,NULL,'2019-12-26 07:38:54','2019-12-30 04:43:34'),(105,101,29,3,1,1,1,NULL,'2019-12-26 07:46:29','2019-12-26 07:46:29'),(106,102,29,3,1,1,1,NULL,'2019-12-26 07:46:30','2019-12-26 07:46:30'),(107,103,29,3,1,1,1,NULL,'2019-12-26 07:46:31','2019-12-26 07:46:31'),(108,104,29,3,1,1,1,NULL,'2019-12-26 07:46:32','2019-12-26 07:46:32'),(109,105,29,3,1,1,1,NULL,'2019-12-26 07:46:33','2019-12-26 07:46:33'),(110,106,29,3,1,1,1,NULL,'2019-12-26 07:46:38','2019-12-26 07:46:38'),(111,107,29,3,1,1,1,NULL,'2019-12-26 07:46:39','2019-12-26 07:46:39'),(112,108,29,3,1,1,1,NULL,'2019-12-26 07:46:40','2019-12-26 07:46:40'),(113,109,29,3,1,1,1,NULL,'2019-12-26 07:46:41','2019-12-26 07:46:41'),(114,110,29,3,1,1,1,NULL,'2019-12-26 07:46:42','2019-12-26 07:46:42'),(115,111,29,3,1,1,1,NULL,'2019-12-26 07:46:43','2019-12-26 07:46:43'),(116,112,29,3,1,1,1,NULL,'2019-12-26 07:46:44','2019-12-26 07:46:44'),(117,113,29,3,1,1,1,NULL,'2019-12-26 07:46:45','2019-12-26 07:46:45'),(118,114,29,3,1,1,1,NULL,'2019-12-26 07:46:46','2019-12-26 07:46:46'),(119,115,29,3,1,1,1,NULL,'2019-12-26 07:46:47','2019-12-26 07:46:47'),(120,116,29,3,1,1,1,NULL,'2019-12-26 07:46:48','2019-12-26 07:46:48'),(121,117,29,3,1,1,1,NULL,'2019-12-26 07:46:49','2019-12-26 07:46:49'),(122,118,29,3,1,1,1,NULL,'2019-12-26 07:46:50','2019-12-26 07:46:50'),(123,119,29,3,1,1,1,NULL,'2019-12-26 07:46:51','2019-12-26 07:46:51'),(124,120,29,3,1,1,1,NULL,'2019-12-26 07:46:53','2019-12-26 07:46:53'),(125,121,29,3,1,1,1,NULL,'2019-12-26 07:46:54','2019-12-26 07:46:54'),(126,122,29,3,1,1,1,NULL,'2019-12-26 07:46:55','2019-12-26 07:46:55'),(127,123,29,3,1,1,1,NULL,'2019-12-26 07:46:56','2019-12-26 07:46:56'),(128,124,29,3,1,1,1,NULL,'2019-12-26 07:46:58','2019-12-26 07:46:58'),(129,125,29,3,1,1,1,NULL,'2019-12-26 07:46:59','2019-12-26 07:46:59'),(130,126,29,3,1,1,1,NULL,'2019-12-26 07:47:00','2019-12-26 07:47:00'),(131,127,29,3,1,1,1,NULL,'2019-12-26 07:47:01','2019-12-26 07:47:01'),(132,128,29,3,1,1,1,NULL,'2019-12-26 07:47:02','2019-12-26 07:47:02'),(133,129,1,3,1,1,2,'2020-01-12 08:09:24','2019-12-26 07:47:03','2020-01-12 08:09:35'),(134,130,1,3,1,1,1,NULL,'2019-12-26 07:47:04','2019-12-26 08:21:45'),(135,2,1,3,1,1,1,NULL,'2019-12-26 07:47:05','2019-12-26 08:21:45'),(136,38,80,1,1,1,1,NULL,'2019-12-27 10:40:18','2019-12-27 10:40:18'),(137,40,80,1,1,1,1,NULL,'2019-12-27 10:40:19','2019-12-27 11:13:27'),(138,41,81,1,1,1,1,NULL,'2019-12-27 11:13:45','2019-12-27 11:14:16'),(139,136,82,3,1,1,1,NULL,'2019-12-28 08:38:32','2019-12-30 09:53:25'),(140,137,87,3,1,1,2,NULL,'2019-12-28 13:10:37','2019-12-30 10:04:22'),(141,138,91,3,1,1,1,NULL,'2019-12-30 07:53:14','2019-12-30 07:53:14'),(142,139,91,3,1,1,1,NULL,'2019-12-30 08:32:41','2019-12-30 08:32:41'),(143,1,93,1,1,1,1,NULL,'2019-12-30 10:22:26','2019-12-30 10:22:26'),(144,1,94,1,2,1,1,NULL,'2019-12-30 10:23:07','2020-01-20 07:03:00'),(145,1,95,1,1,0,2,'2019-12-30 10:44:16','2019-12-30 10:36:54','2020-01-12 07:51:02'),(146,1,96,1,1,0,2,'2019-12-30 10:43:56','2019-12-30 10:43:56','2020-01-12 07:51:03'),(147,1,97,1,1,1,2,'2020-01-17 09:31:28','2019-12-30 11:53:58','2020-01-17 09:31:28'),(148,1,98,1,1,0,2,'2019-12-30 15:22:16','2019-12-30 15:22:16','2020-01-12 07:51:03'),(149,140,91,3,1,1,1,NULL,'2019-12-31 06:38:10','2019-12-31 06:38:10'),(150,1,102,2,1,0,2,'2019-12-31 08:44:57','2019-12-31 08:44:57','2020-01-12 07:51:04'),(151,4,104,1,1,0,2,'2019-12-31 10:23:08','2019-12-31 10:23:08','2020-01-12 07:51:04'),(152,141,105,3,1,1,1,NULL,'2019-12-31 10:30:04','2019-12-31 10:30:04'),(153,141,106,2,1,0,2,'2019-12-31 10:36:39','2019-12-31 10:36:39','2020-01-12 07:51:05'),(154,143,107,3,1,1,2,'2020-01-12 07:59:48','2019-12-31 11:07:33','2020-01-12 07:59:48'),(155,144,107,3,1,1,1,NULL,'2019-12-31 11:17:55','2019-12-31 11:17:55'),(156,145,108,3,1,1,1,NULL,'2019-12-31 12:17:33','2019-12-31 12:17:33'),(157,4,109,1,1,0,2,'2019-12-31 15:11:53','2019-12-31 15:11:53','2020-01-12 07:51:05'),(158,129,110,3,1,1,1,NULL,'2019-12-31 15:16:17','2019-12-31 18:06:33'),(159,147,112,3,1,1,1,NULL,'2020-01-02 07:40:09','2020-01-02 07:40:09'),(160,148,114,3,1,1,1,NULL,'2020-01-02 11:12:04','2020-01-02 11:12:04'),(161,145,115,3,1,1,2,'2020-01-03 12:16:06','2020-01-03 12:11:52','2020-01-12 07:51:05'),(162,130,118,2,1,1,1,NULL,'2020-01-06 04:09:29','2020-01-06 04:10:32'),(163,145,120,3,2,0,2,'2020-01-06 09:28:45','2020-01-06 09:28:45','2020-01-12 07:51:06'),(164,145,121,2,2,0,2,'2020-01-06 13:40:18','2020-01-06 13:40:18','2020-01-12 07:51:06'),(165,2,124,3,1,1,1,'','2020-01-13 06:27:46','2020-01-13 06:50:09'),(166,129,128,2,2,0,0,'','2020-01-20 08:03:59','2020-01-20 08:03:59'),(167,152,127,3,1,1,1,'','2020-01-20 12:02:35','2020-01-20 12:02:35'),(168,152,129,3,2,1,1,'','2020-01-20 12:14:18','2020-01-20 12:23:41'),(169,145,131,3,1,1,1,'','2020-01-21 07:43:18','2020-01-21 10:56:57'),(170,153,132,3,2,1,1,'','2020-01-21 13:05:49','2020-01-22 13:51:45'),(171,153,133,3,2,0,0,'','2020-01-21 13:15:55','2020-01-21 13:15:55');
/*!40000 ALTER TABLE `client_association` ENABLE KEYS */;
UNLOCK TABLES;

--
-- Table structure for table `client_organisation`
--

DROP TABLE IF EXISTS `client_organisation`;
/*!40101 SET @saved_cs_client     = @@character_set_client */;
/*!50503 SET character_set_client = utf8mb4 */;
CREATE TABLE `client_organisation` (
  `client_organisation_id` int(11) NOT NULL AUTO_INCREMENT,
  `user_type` int(11) DEFAULT NULL,
  `organisation_name` varchar(255) DEFAULT NULL,
  `management_company` varchar(255) DEFAULT NULL,
  `corporate_number` varchar(255) DEFAULT NULL,
  `registration_date` date DEFAULT NULL,
  `address` varchar(255) DEFAULT NULL,
  `city` varchar(255) DEFAULT NULL,
  `province` varchar(255) DEFAULT NULL,
  `postal_code` varchar(255) DEFAULT NULL,
  `country_code` varchar(20) DEFAULT NULL,
  `phone_number` varchar(255) DEFAULT NULL,
  `fax_number` varchar(255) DEFAULT NULL,
  `units` int(11) DEFAULT NULL,
  `voting_units` int(11) DEFAULT NULL,
  `manager_name` varchar(255) NOT NULL,
  `manager_email` varchar(255) NOT NULL,
  `manager_phone` varchar(255) NOT NULL,
  `board_email` varchar(255) DEFAULT 'NULL',
  `general_email` varchar(255) DEFAULT 'NULL',
  `management_email` varchar(255) DEFAULT 'NULL',
  `created_at` timestamp NULL DEFAULT CURRENT_TIMESTAMP,
  `modified_date` timestamp NULL DEFAULT CURRENT_TIMESTAMP ON UPDATE CURRENT_TIMESTAMP,
  PRIMARY KEY (`client_organisation_id`)
) ENGINE=InnoDB AUTO_INCREMENT=154 DEFAULT CHARSET=latin1;
/*!40101 SET character_set_client = @saved_cs_client */;

--
-- Dumping data for table `client_organisation`
--

LOCK TABLES `client_organisation` WRITE;
/*!40000 ALTER TABLE `client_organisation` DISABLE KEYS */;
INSERT INTO `client_organisation` VALUES (1,1,'Test Co','client management','Crp12234','2019-11-02','chennai, TN','velachery','','','','12132321x','55555545',100,50,'Mangr','mg@mg.com','87458370','board@gmai.com','general@gm.com','mngn@gm.com','2019-11-15 12:09:35','2020-01-20 10:16:36'),(2,1,'Organisation Test2','Management Company','corp122323','2019-01-01','chennai','chennai','IN','600126','IN','46545645','fxft543',100,50,'Manger','manager@emai.com','345345345','board@email.com','general@email.com','managementCompany@email.com','2019-11-15 12:09:35','2020-01-13 06:25:24'),(3,1,'Organisation','Management Company','corp122323','2019-01-01','chennai','chennai','IN','600126','IN','46545645','fxft543',100,50,'Manger','manager@emai.com','345345345','board@email.com','general@email.com','managementCompany@email.com','2019-11-15 12:09:35','2019-11-15 12:09:35'),(4,1,'Organisation','Management Company','corp122323','2019-01-01','chennai','chennai','IN','600126','IN','46545645','fxft543',100,50,'Manger','manager@emai.com','345345345','board@email.com','general@email.com','managementCompany@email.com','2019-11-15 12:09:35','2019-11-15 12:09:35'),(5,1,'Organisation','Management Company','corp122323','2019-01-01','chennai','chennai','IN','600126','IN','46545645','fxft543',100,50,'Manger','manager@emai.com','345345345','board@email.com','general@email.com','managementCompany@email.com','2019-11-15 12:09:35','2019-11-15 12:09:35'),(6,1,'Organisation','Management Company','corp122323','2019-01-01','chennai','chennai','IN','600126','IN','46545645','fxft543',100,50,'Manger','manager@emai.com','345345345','board@email.com','general@email.com','managementCompany@email.com','2019-11-15 12:09:35','2019-11-15 12:09:35'),(7,1,'Organisation','Management Company','corp122323','2019-01-01','chennai','chennai','IN','600126','IN','46545645','fxft543',100,50,'Manger','manager@emai.com','345345345','board@email.com','general@email.com','managementCompany@email.com','2019-11-15 12:09:35','2019-11-15 12:09:35'),(37,1,'TestOrganisation','Management','CORP1234','2019-06-06','coimbatore','KOVAI','IN','45645','IN','45645','FX123434',3000,1000,'ManageR','mg@email.com','2234234','test@t.com','general@email.com','mg@mg.com','2019-11-15 12:09:35','2020-01-13 06:25:23'),(38,1,'29Organisation','29Management Company','29corp122323','2019-01-01','29chennai','29chennai','29IN','29600126','29IN','2946545645','29fxft543',129,79,'29Manger','29manager@emai.com','29345345345','29board@email.com','29general@email.com','29managementCompany@email.com','2019-11-15 12:09:35','2019-11-15 12:09:35'),(39,1,'29Organisation','29Management Company','29corp122323','2019-01-01','29chennai','29chennai','29IN','29600126','29IN','2946545645','29fxft543',129,79,'29Manger','29manager@emai.com','29345345345','29board@email.com','29general@email.com','29managementCompany@email.com','2019-11-15 12:09:35','2019-11-15 12:09:35'),(40,1,'29Organisation','29Management Company','29corp122323','2019-01-01','29chennai','29chennai','29IN','29600126','29IN','2946545645','29fxft543',129,79,'29Manger','29manager@emai.com','29345345345','29board@email.com','29general@email.com','29managementCompany@email.com','2019-11-15 12:09:35','2019-11-15 12:09:35'),(41,1,'29Organisation','29Management Company','29corp122323','2019-01-01','29chennai','29chennai','29IN','29600126','29IN','2946545645','29fxft543',129,79,'29Manger','29manager@emai.com','29345345345','29board@email.com','29general@email.com','29managementCompany@email.com','2019-12-05 13:15:21','2019-12-05 13:15:21'),(42,1,'29Organisation','29Management Company','29corp1afsd22323','2019-01-01','29chennai','29chennai','29IN','29600126','29IN','2946545645','29fxft543',129,79,'29Manger','29manager@emai.com','29345345345','29board@email.com','29general@email.com','29managementCompany@email.com','2019-12-05 13:15:45','2019-12-05 13:15:45'),(43,1,'29Organisation','29Management Company','29corp1afsd22323','2019-01-01','29chennai','29chennai','29IN','29600126','29IN','2946545645','29fxft543',129,79,'29Manger','29manager@emai.com','29345345345','29board@email.com','29general@email.com','29managementCompany@email.com','2019-12-05 13:17:19','2019-12-05 13:17:19'),(44,1,'29Organisation','29Management Company','29corp122323','2019-01-01','29chennai','29chennai','29IN','29600126','29IN','2946545645','29fxft543',129,79,'29Manger','29manager@emai.com','29345345345','29board@email.com','29general@email.com','29managementCompany@email.com','2019-12-24 04:12:50','2019-12-24 04:12:50'),(45,1,'29Organisation','29Management Company','29corp122323','2019-01-01','29chennai','29chennai','29IN','29600126','29IN','2946545645','29fxft543',129,79,'29Manger','29manager@emai.com','29345345345','29board@email.com','29general@email.com','29managementCompany@email.com','2019-12-24 04:13:17','2019-12-24 04:13:17'),(46,1,'29Organisation','29Management Company','29corp122323','2019-01-01','29chennai','29chennai','29IN','29600126','29IN','2946545645','29fxft543',129,79,'29Manger','29manager@emai.com','29345345345','29board@email.com','29general@email.com','29managementCompany@email.com','2019-12-24 04:13:40','2019-12-24 04:13:40'),(47,1,'29Organisation','29Management Company','29corp122323','2019-01-01','29chennai','29chennai','29IN','29600126','29IN','2946545645','29fxft543',129,79,'29Manger','29manager@emai.com','29345345345','29board@email.com','29general@email.com','29managementCompany@email.com','2019-12-24 13:35:22','2019-12-24 13:35:22'),(48,1,'29Organisation','29Management Company','29corp122323','2019-01-01','29chennai','29chennai','29IN','29600126','29IN','2946545645','29fxft543',129,79,'29Manger','29manager@emai.com','29345345345','29board@email.com','29general@email.com','29managementCompany@email.com','2019-12-24 13:39:59','2019-12-24 13:39:59'),(49,1,'29Organisation','29Management Company','29corp122323','2019-01-01','29chennai','29chennai','29IN','29600126','29IN','2946545645','29fxft543',129,79,'29Manger','29manager@emai.com','29345345345','29board@email.com','29general@email.com','29managementCompany@email.com','2019-12-24 13:42:51','2019-12-24 13:42:51'),(50,1,'29Organisation','29Management Company','29corp126572323','2019-01-01','29chennai','29chennai','29IN','29600126','29IN','2946545645','29fxft543',129,79,'29Manger','29manager@emai.com','29345345345','29board@email.com','29general@email.com','29managementCompany@email.com','2019-12-24 13:44:22','2019-12-24 13:44:22'),(51,1,'29Organisation','29Management Company','29corp126572323','2019-01-01','29chennai','29chennai','29IN','29600126','29IN','2946545645','29fxft543',129,79,'29Manger','29manager@emai.com','29345345345','29board@email.com','29general@email.com','29managementCompany@email.com','2019-12-24 13:54:44','2019-12-24 13:54:44'),(52,1,'29Organisation','29Management Company','29corp126572323','2019-01-01','29chennai','29chennai','29IN','29600126','29IN','2946545645','29fxft543',129,79,'29Manger','29manager@emai.com','29345345345','29board@email.com','29general@email.com','29managementCompany@email.com','2019-12-24 14:02:36','2019-12-24 14:02:36'),(53,1,'29Organisation','29Management Company','29corp126572323','2019-01-01','29chennai','29chennai','29IN','29600126','29IN','2946545645','29fxft543',129,79,'29Manger','29manager@emai.com','29345345345','29board@email.com','29general@email.com','29managementCompany@email.com','2019-12-24 14:11:25','2019-12-24 14:11:25'),(54,1,'29Organisation','29Management Company','29corp126572323','2019-01-01','29chennai','29chennai','29IN','29600126','29IN','2946545645','29fxft543',129,79,'29Manger','29manager@emai.com','29345345345','29board@email.com','29general@email.com','29managementCompany@email.com','2019-12-24 14:13:18','2019-12-24 14:13:18'),(55,1,'29Organisation','29Management Company','29corp126572323','2019-01-01','29chennai','29chennai','29IN','29600126','29IN','2946545645','29fxft543',129,79,'29Manger','29manager@emai.com','29345345345','29board@email.com','29general@email.com','29managementCompany@email.com','2019-12-24 14:16:03','2019-12-24 14:16:03'),(56,1,'29Organisation','29Management Company','29corp126572323','2019-01-01','29chennai','29chennai','29IN','29600126','29IN','2946545645','29fxft543',129,79,'29Manger','29manager@emai.com','29345345345','29board@email.com','29general@email.com','29managementCompany@email.com','2019-12-24 14:16:26','2019-12-24 14:16:26'),(57,1,'29Organisation','29Management Company','29corp126572323','2019-01-01','29chennai','29chennai','29IN','29600126','29IN','2946545645','29fxft543',129,79,'29Manger','29manager@emai.com','29345345345','29board@email.com','29general@email.com','29managementCompany@email.com','2019-12-24 14:17:06','2019-12-24 14:17:06'),(61,1,'29Organisation','29Management Company','29corp126572323','2019-01-01','29chennai','29chennai','29IN','29600126','29IN','2946545645','29fxft543',129,79,'29Manger','29manager@emai.com','29345345345','29board@email.com','29general@email.com','29managementCompany@email.com','2019-12-24 14:23:45','2019-12-24 14:23:45'),(62,1,'29Organisation','29Management Company','29corp126572323','2019-01-01','29chennai','29chennai','29IN','29600126','29IN','2946545645','29fxft543',129,79,'29Manger','29manager@emai.com','29345345345','29board@email.com','29general@email.com','29managementCompany@email.com','2019-12-24 14:24:54','2019-12-24 14:24:54'),(63,0,'string','string','string','2019-12-21','string','string','string','string','string','string','string',0,0,'string','string','string','string','string','string','2019-12-24 17:04:10','2019-12-24 17:04:10'),(64,1,'29Organisation','29Management Company','29corp122323','2019-01-01','29chennai','29chennai','29IN','29600126','29IN','2946545645','29fxft543',129,79,'29Manger','29manager@emai.com','29345345345','29board@email.com','29general@email.com','29managementCompany@email.com','2019-12-26 04:44:56','2019-12-26 04:44:56'),(65,1,'29Organisation','29Management Company','29corp122323','2019-01-01','29chennai','29chennai','29IN','29600126','29IN','2946545645','29fxft543',129,79,'29Manger','29manager@emai.com','29345345345','29board@email.com','29general@email.com','29managementCompany@email.com','2019-12-26 04:44:57','2019-12-26 04:44:57'),(66,1,'29Organisation','29Management Company','29corp122323','2019-01-01','29chennai','29chennai','29IN','29600126','29IN','2946545645','29fxft543',129,79,'29Manger','29manager@emai.com','29345345345','29board@email.com','29general@email.com','29managementCompany@email.com','2019-12-26 04:44:58','2019-12-26 04:44:58'),(67,1,'29Organisation','29Management Company','29corp122323','2019-01-01','29chennai','29chennai','29IN','29600126','29IN','2946545645','29fxft543',129,79,'29Manger','29manager@emai.com','29345345345','29board@email.com','29general@email.com','29managementCompany@email.com','2019-12-26 04:44:59','2019-12-26 04:44:59'),(68,1,'29Organisation','29Management Company','29corp122323','2019-01-01','29chennai','29chennai','29IN','29600126','29IN','2946545645','29fxft543',129,79,'29Manger','29manager@emai.com','29345345345','29board@email.com','29general@email.com','29managementCompany@email.com','2019-12-26 04:45:00','2019-12-26 04:45:00'),(69,1,'29Organisation','29Management Company','29corp122323','2019-01-01','','29chennai','29IN','29600126','29IN','2946545645','29fxft543',129,79,'29Manger','29manager@emai.com','29345345345','29board@email.com','29general@email.com','29managementCompany@email.com','2019-12-26 04:45:01','2019-12-26 04:45:01'),(70,1,'29Organisation','29Management Company','29corp122323','2019-01-01','29chennai','29chennai','29IN','29600126','29IN','2946545645','29fxft543',129,79,'29Manger','29manager@emai.com','29345345345','','29general@email.com','29managementCompany@email.com','2019-12-26 04:45:02','2019-12-26 04:45:02'),(71,1,'29Organisation','29Management Company','29corp122323','2019-01-01','29chennai','','29IN','29600126','29IN','2946545645','29fxft543',129,79,'29Manger','29manager@emai.com','29345345345','29board@email.com','29general@email.com','29managementCompany@email.com','2019-12-26 04:45:03','2019-12-26 04:45:03'),(72,1,'29Organisation','29Management Company','','2019-01-01','29chennai','29chennai','29IN','29600126','29IN','2946545645','29fxft543',129,79,'29Manger','29manager@emai.com','29345345345','29board@email.com','29general@email.com','29managementCompany@email.com','2019-12-26 04:45:04','2019-12-26 04:45:04'),(73,1,'29Organisation','29Management Company','29corp122323','2019-01-01','29chennai','29chennai','29IN','29600126','','2946545645','29fxft543',129,79,'29Manger','29manager@emai.com','29345345345','29board@email.com','29general@email.com','29managementCompany@email.com','2019-12-26 04:45:04','2019-12-26 04:45:04'),(74,1,'29Organisation','29Management Company','29corp122323','2019-01-01','29chennai','29chennai','29IN','29600126','29IN','2946545645','',129,79,'29Manger','29manager@emai.com','29345345345','29board@email.com','29general@email.com','29managementCompany@email.com','2019-12-26 04:45:05','2019-12-26 04:45:05'),(75,1,'29Organisation','29Management Company','29corp122323','2019-01-01','29chennai','29chennai','29IN','29600126','29IN','2946545645','29fxft543',129,79,'29Manger','29manager@emai.com','29345345345','29board@email.com','','29managementCompany@email.com','2019-12-26 04:45:06','2019-12-26 04:45:06'),(76,1,'29Organisation','','29corp122323','2019-01-01','29chennai','29chennai','29IN','29600126','29IN','2946545645','29fxft543',129,79,'29Manger','29manager@emai.com','29345345345','29board@email.com','29general@email.com','29managementCompany@email.com','2019-12-26 04:45:07','2019-12-26 04:45:07'),(77,1,'29Organisation','29Management Company','29corp122323','2019-01-01','29chennai','29chennai','29IN','29600126','29IN','2946545645','29fxft543',129,79,'29Manger','29manager@emai.com','29345345345','29board@email.com','29general@email.com','','2019-12-26 04:45:08','2019-12-26 04:45:08'),(78,1,'29Organisation','29Management Company','29corp122323','2019-01-01','29chennai','29chennai','29IN','29600126','29IN','2946545645','29fxft543',129,79,'29Manger','','29345345345','29board@email.com','29general@email.com','29managementCompany@email.com','2019-12-26 04:45:09','2019-12-26 04:45:09'),(79,1,'29Organisation','29Management Company','29corp122323','2019-01-01','29chennai','29chennai','29IN','29600126','29IN','2946545645','29fxft543',129,79,'','29manager@emai.com','29345345345','29board@email.com','29general@email.com','29managementCompany@email.com','2019-12-26 04:45:10','2019-12-26 04:45:10'),(80,1,'29Organisation','29Management Company','29corp122323','2019-01-01','29chennai','29chennai','29IN','29600126','29IN','2946545645','29fxft543',129,79,'29Manger','29manager@emai.com','','29board@email.com','29general@email.com','29managementCompany@email.com','2019-12-26 04:45:10','2019-12-26 04:45:10'),(81,1,'','29Management Company','29corp122323','2019-01-01','29chennai','29chennai','29IN','29600126','29IN','2946545645','29fxft543',129,79,'29Manger','29manager@emai.com','29345345345','29board@email.com','29general@email.com','29managementCompany@email.com','2019-12-26 04:45:11','2019-12-26 04:45:11'),(82,1,'29Organisation','29Management Company','29corp122323','2019-01-01','29chennai','29chennai','29IN','29600126','29IN','','29fxft543',129,79,'29Manger','29manager@emai.com','29345345345','29board@email.com','29general@email.com','29managementCompany@email.com','2019-12-26 04:45:12','2019-12-26 04:45:12'),(83,1,'29Organisation','29Management Company','29corp122323','2019-01-01','29chennai','29chennai','29IN','','29IN','2946545645','29fxft543',129,79,'29Manger','29manager@emai.com','29345345345','29board@email.com','29general@email.com','29managementCompany@email.com','2019-12-26 04:45:13','2019-12-26 04:45:13'),(84,1,'29Organisation','29Management Company','29corp122323','2019-01-01','29chennai','29chennai','','29600126','29IN','2946545645','29fxft543',129,79,'29Manger','29manager@emai.com','29345345345','29board@email.com','29general@email.com','29managementCompany@email.com','2019-12-26 04:45:14','2019-12-26 04:45:14'),(85,1,'29Organisation','29Management Company','29corp122323','2019-01-01','29chennai','29chennai','29IN','29600126','29IN','2946545645','29fxft543',129,79,'29Manger','29manager@emai.com','29345345345','29board@email.com','29general@email.com','29managementCompany@email.com','2019-12-26 04:45:16','2019-12-26 04:45:16'),(86,1,'29Organisation','29Management Company','29corp122323','2019-01-01','29chennai','29chennai','29IN','29600126','29IN','2946545645','29fxft543',129,79,'29Manger','29manager@emai.com','29345345345','29board@email.com','29general@email.com','29managementCompany@email.com','2019-12-26 04:45:17','2019-12-26 04:45:17'),(87,1,'29Organisation','29Management Company','29corp122323','2019-01-01','29chennai','29chennai','29IN','29600126','29IN','2946545645','29fxft543',129,79,'29Manger','29manager@emai.com','29345345345','29board@email.com','29general@email.com','29managementCompany@email.com','2019-12-26 04:45:18','2019-12-26 04:45:18'),(88,1,'29Organisation','29Management Company','29corp122323','2019-01-01','29chennai','29chennai','29IN','29600126','29IN','2946545645','29fxft543',129,79,'29Manger','29manager@emai.com','29345345345','29boarjghjom','29general@email.com','29managementCompany@email.com','2019-12-26 04:45:18','2019-12-26 04:45:18'),(89,1,'29Organisation','29Management Company','29corp122323','2019-01-01','29chennai','29chennai','29IN','29600126','29IN','2946545645','29fxft543',129,79,'29Manger','29manager@emai.com','29345345345','29board@email.com','29generhjhgjfdrom','29managementCompany@email.com','2019-12-26 04:45:19','2019-12-26 04:45:19'),(90,1,'29Organisation','29Management Company','29corp122323','2019-01-01','29chennai','29chennai','29IN','29600126','29IN','2946545645','29fxft543',129,79,'29Manger','29manager@emai.com','29345345345','29board@email.com','29general@email.com','29managementCompaerr233wem','2019-12-26 04:45:20','2019-12-26 04:45:20'),(91,1,'29Organisation','29Management Company','29corp122323','2019-01-01','29chennai','29chennai','29IN','29600126','29IN','2946545645','29fxft543',129,79,'29Manger','29managjhghj','29345345345','29board@email.com','29general@email.com','29managementCompany@email.com','2019-12-26 04:45:21','2019-12-26 04:45:21'),(92,1,'29Organisation','29Management Company','29corp122323','2019-01-01','29chennai','29chennai','29IN','29600126','29IN','2946545645','29fxft543',129,79,'29Manger','29manager@emai.com','07800000080890076757','29board@email.com','29general@email.com','29managementCompany@email.com','2019-12-26 04:45:22','2019-12-26 04:45:22'),(93,1,'29Organisation','29Management Company','29corp122323','2019-01-01','29chennai','29chennai','29IN','29600126','29IN','0078uoueste5t65','29fxft543',129,79,'29Manger','29manager@emai.com','29345345345','29board@email.com','29general@email.com','29managementCompany@email.com','2019-12-26 04:45:23','2019-12-26 04:45:23'),(94,12,'29Organisation','29Management Company','29corp122323','2019-01-01','29chennai','29chennai','29IN','29600126','29IN','2946545645','29fxft543',129,79,'29Manger','29manager@emai.com','29345345345','29board@email.com','29general@email.com','29managementCompany@email.com','2019-12-26 04:45:24','2019-12-26 04:45:24'),(95,1,'29Organisation','29Management Company','29corp122323','2019-01-01','29chennai','29chennai','29IN','29600126','29IN','2946545645','29fxft543',129,79,'29Manger','29manager@emai.com','29345345345','29board@email.com','29general@email.com','29managementCompany@email.com','2019-12-26 07:23:14','2019-12-26 07:23:14'),(96,1,'29Organisation','29Management Company','29corp122323','2019-01-01','29chennai','29chennai','29IN','29600126','29IN','2946545645','29fxft543',129,79,'29Manger','29manager@emai.com','29345345345','29board@email.com','29general@email.com','29managementCompany@email.com','2019-12-26 07:23:26','2019-12-26 07:23:26'),(97,1,'29Organisation','29Management Company','29corp122323','2019-01-01','29chennai','29chennai','29IN','29600126','29IN','2946545645','29fxft543',129,79,'29Manger','29manager@emai.com','29345345345','29board@email.com','29general@email.com','29managementCompany@email.com','2019-12-26 07:23:37','2019-12-26 07:23:37'),(98,1,'29Organisation','29Management Company','29corp122323','2019-01-01','29chennai','29chennai','29IN','29600126','29IN','2946545645','29fxft543',129,79,'29Manger','29manager@emai.com','29345345345','29board@email.com','29general@email.com','29managementCompany@email.com','2019-12-26 07:23:45','2019-12-26 07:23:45'),(99,1,'29Organisation','29Management Company','29corp122323','2019-01-01','29chennai','29chennai','29IN','29600126','29IN','2946545645','29fxft543',129,79,'29Manger','29manager@emai.com','29345345345','29board@email.com','29general@email.com','29managementCompany@email.com','2019-12-26 07:23:51','2019-12-26 07:23:51'),(100,1,'29Organisation','29Management Company','29corp122323','2019-01-01','29chennai','29chennai','29IN','29600126','29IN','2946545645','29fxft543',129,79,'29Manger','29manager@emai.com','29345345345','29board@email.com','29general@email.com','29managementCompany@email.com','2019-12-26 07:24:03','2019-12-26 07:24:03'),(101,1,'29Organisation','29Management Company','29corp122323','2019-01-01','29chennai','29chennai','29IN','29600126','29IN','2946545645','29fxft543',129,79,'29Manger','29manager@emai.com','29345345345','29board@email.com','29general@email.com','29managementCompany@email.com','2019-12-26 07:46:28','2019-12-26 07:46:28'),(102,1,'29Organisation','29Management Company','29corp122323','2019-01-01','29chennai','29chennai','29IN','29600126','29IN','2946545645','29fxft543',129,79,'29Manger','29manager@emai.com','29345345345','29board@email.com','29general@email.com','29managementCompany@email.com','2019-12-26 07:46:30','2019-12-26 07:46:30'),(103,1,'29Organisation','29Management Company','29corp122323','2019-01-01','29chennai','29chennai','29IN','29600126','29IN','2946545645','29fxft543',129,79,'29Manger','29manager@emai.com','29345345345','29board@email.com','29general@email.com','29managementCompany@email.com','2019-12-26 07:46:31','2019-12-26 07:46:31'),(104,1,'29Organisation','29Management Company','29corp122323','2019-01-01','29chennai','29chennai','29IN','29600126','29IN','2946545645','29fxft543',129,79,'29Manger','29manager@emai.com','29345345345','29board@email.com','29general@email.com','29managementCompany@email.com','2019-12-26 07:46:32','2019-12-26 07:46:32'),(105,1,'29Organisation','29Management Company','29corp122323','2019-01-01','29chennai','29chennai','29IN','29600126','29IN','2946545645','29fxft543',129,79,'29Manger','29manager@emai.com','29345345345','29board@email.com','29general@email.com','29managementCompany@email.com','2019-12-26 07:46:33','2019-12-26 07:46:33'),(106,1,'29Organisation','29Management Company','29corp122323','2019-01-01','','29chennai','29IN','29600126','29IN','2946545645','29fxft543',129,79,'29Manger','29manager@emai.com','29345345345','29board@email.com','29general@email.com','29managementCompany@email.com','2019-12-26 07:46:34','2019-12-26 07:46:34'),(107,1,'29Organisation','29Management Company','29corp122323','2019-01-01','29chennai','29chennai','29IN','29600126','29IN','2946545645','29fxft543',129,79,'29Manger','29manager@emai.com','29345345345','','29general@email.com','29managementCompany@email.com','2019-12-26 07:46:39','2019-12-26 07:46:39'),(108,1,'29Organisation','29Management Company','29corp122323','2019-01-01','29chennai','','29IN','29600126','29IN','2946545645','29fxft543',129,79,'29Manger','29manager@emai.com','29345345345','29board@email.com','29general@email.com','29managementCompany@email.com','2019-12-26 07:46:40','2019-12-26 07:46:40'),(109,1,'29Organisation','29Management Company','','2019-01-01','29chennai','29chennai','29IN','29600126','29IN','2946545645','29fxft543',129,79,'29Manger','29manager@emai.com','29345345345','29board@email.com','29general@email.com','29managementCompany@email.com','2019-12-26 07:46:41','2019-12-26 07:46:41'),(110,1,'29Organisation','29Management Company','29corp122323','2019-01-01','29chennai','29chennai','29IN','29600126','','2946545645','29fxft543',129,79,'29Manger','29manager@emai.com','29345345345','29board@email.com','29general@email.com','29managementCompany@email.com','2019-12-26 07:46:42','2019-12-26 07:46:42'),(111,1,'29Organisation','29Management Company','29corp122323','2019-01-01','29chennai','29chennai','29IN','29600126','29IN','2946545645','',129,79,'29Manger','29manager@emai.com','29345345345','29board@email.com','29general@email.com','29managementCompany@email.com','2019-12-26 07:46:43','2019-12-26 07:46:43'),(112,1,'29Organisation','29Management Company','29corp122323','2019-01-01','29chennai','29chennai','29IN','29600126','29IN','2946545645','29fxft543',129,79,'29Manger','29manager@emai.com','29345345345','29board@email.com','','29managementCompany@email.com','2019-12-26 07:46:44','2019-12-26 07:46:44'),(113,1,'29Organisation','','29corp122323','2019-01-01','29chennai','29chennai','29IN','29600126','29IN','2946545645','29fxft543',129,79,'29Manger','29manager@emai.com','29345345345','29board@email.com','29general@email.com','29managementCompany@email.com','2019-12-26 07:46:45','2019-12-26 07:46:45'),(114,1,'29Organisation','29Management Company','29corp122323','2019-01-01','29chennai','29chennai','29IN','29600126','29IN','2946545645','29fxft543',129,79,'29Manger','29manager@emai.com','29345345345','29board@email.com','29general@email.com','','2019-12-26 07:46:46','2019-12-26 07:46:46'),(115,1,'29Organisation','29Management Company','29corp122323','2019-01-01','29chennai','29chennai','29IN','29600126','29IN','2946545645','29fxft543',129,79,'29Manger','','29345345345','29board@email.com','29general@email.com','29managementCompany@email.com','2019-12-26 07:46:47','2019-12-26 07:46:47'),(116,1,'29Organisation','29Management Company','29corp122323','2019-01-01','29chennai','29chennai','29IN','29600126','29IN','2946545645','29fxft543',129,79,'','29manager@emai.com','29345345345','29board@email.com','29general@email.com','29managementCompany@email.com','2019-12-26 07:46:48','2019-12-26 07:46:48'),(117,1,'29Organisation','29Management Company','29corp122323','2019-01-01','29chennai','29chennai','29IN','29600126','29IN','2946545645','29fxft543',129,79,'29Manger','29manager@emai.com','','29board@email.com','29general@email.com','29managementCompany@email.com','2019-12-26 07:46:49','2019-12-26 07:46:49'),(118,1,'','29Management Company','29corp122323','2019-01-01','29chennai','29chennai','29IN','29600126','29IN','2946545645','29fxft543',129,79,'29Manger','29manager@emai.com','29345345345','29board@email.com','29general@email.com','29managementCompany@email.com','2019-12-26 07:46:50','2019-12-26 07:46:50'),(119,1,'29Organisation','29Management Company','29corp122323','2019-01-01','29chennai','29chennai','29IN','29600126','29IN','','29fxft543',129,79,'29Manger','29manager@emai.com','29345345345','29board@email.com','29general@email.com','29managementCompany@email.com','2019-12-26 07:46:51','2019-12-26 07:46:51'),(120,1,'29Organisation','29Management Company','29corp122323','2019-01-01','29chennai','29chennai','29IN','','29IN','2946545645','29fxft543',129,79,'29Manger','29manager@emai.com','29345345345','29board@email.com','29general@email.com','29managementCompany@email.com','2019-12-26 07:46:52','2019-12-26 07:46:52'),(121,1,'29Organisation','29Management Company','29corp122323','2019-01-01','29chennai','29chennai','','29600126','29IN','2946545645','29fxft543',129,79,'29Manger','29manager@emai.com','29345345345','29board@email.com','29general@email.com','29managementCompany@email.com','2019-12-26 07:46:53','2019-12-26 07:46:53'),(122,1,'29Organisation','29Management Company','29corp122323','2019-01-01','29chennai','29chennai','29IN','29600126','29IN','2946545645','29fxft543',129,79,'29Manger','29manager@emai.com','29345345345','29board@email.com','29general@email.com','29managementCompany@email.com','2019-12-26 07:46:55','2019-12-26 07:46:55'),(123,1,'29Organisation','29Management Company','29corp122323','2019-01-01','29chennai','29chennai','29IN','29600126','29IN','2946545645','29fxft543',129,79,'29Manger','29manager@emai.com','29345345345','29board@email.com','29general@email.com','29managementCompany@email.com','2019-12-26 07:46:56','2019-12-26 07:46:56'),(124,1,'29Organisation','29Management Company','29corp122323','2019-01-01','29chennai','29chennai','29IN','29600126','29IN','2946545645','29fxft543',129,79,'29Manger','29manager@emai.com','29345345345','29board@email.com','29general@email.com','29managementCompany@email.com','2019-12-26 07:46:57','2019-12-26 07:46:57'),(125,1,'29Organisation','29Management Company','29corp122323','2019-01-01','29chennai','29chennai','29IN','29600126','29IN','2946545645','29fxft543',129,79,'29Manger','29manager@emai.com','29345345345','29boarjghjom','29general@email.com','29managementCompany@email.com','2019-12-26 07:46:58','2019-12-26 07:46:58'),(126,1,'29Organisation','29Management Company','29corp122323','2019-01-01','29chennai','29chennai','29IN','29600126','29IN','2946545645','29fxft543',129,79,'29Manger','29manager@emai.com','29345345345','29board@email.com','29generhjhgjfdrom','29managementCompany@email.com','2019-12-26 07:46:59','2019-12-26 07:46:59'),(127,1,'29Organisation','29Management Company','29corp122323','2019-01-01','29chennai','29chennai','29IN','29600126','29IN','2946545645','29fxft543',129,79,'29Manger','29manager@emai.com','29345345345','29board@email.com','29general@email.com','29managementCompaerr233wem','2019-12-26 07:47:00','2019-12-26 07:47:00'),(128,1,'29Organisation','29Management Company','29corp122323','2019-01-01','29chennai','29chennai','29IN','29600126','29IN','2946545645','29fxft543',129,79,'29Manger','29managjhghj','29345345345','29board@email.com','29general@email.com','29managementCompany@email.com','2019-12-26 07:47:02','2019-12-26 07:47:02'),(129,1,'29Organisation','29Management Company','29corp122323','2019-01-01','29chennai','29chennai','29IN','29600126','29IN','2946545645','29fxft543',129,79,'29Manger','29manager@emai.com','07800000080890076757','29board@email.com','29general@email.com','29managementCompany@email.com','2019-12-26 07:47:03','2019-12-26 07:47:03'),(130,1,'29Organisationx','29Management Company','29corp122323','2019-01-01','29chennai','29chennai','29IN','29600126','','0078uoueste5t65','29fxft543',129,79,'29Manger','29manager@emai.com','29345345345','29board@email.com','29general@email.com','29managementCompany@email.com','2019-12-26 07:47:04','2020-01-20 00:31:49'),(131,12,'29Organisation','29Management Company','29corp122323','2019-01-01','29chennai','29chennai','29IN','29600126','29IN','2946545645','29fxft543',129,79,'29Manger','29manager@emai.com','29345345345','29board@email.com','29general@email.com','29managementCompany@email.com','2019-12-26 07:47:05','2019-12-26 07:47:05'),(132,1,'29Organisation','29Management Company','29corp122323','2019-01-01','29chennai','29chennai','29IN','29600126','29IN','2946545645','29fxft543',129,79,'29Manger','29manager@emai.com','29345345345','29board@email.com','29general@email.com','29managementCompany@email.com','2019-12-26 07:47:06','2019-12-26 07:47:06'),(133,1,'29Organisation','29Management Company','29corp122323','2019-01-01','29chennai','29chennai','29IN','29600126','29IN','2946545645','29fxft543',129,79,'29Manger','29manager@emai.com','29345345345','29board@email.com','29general@email.com','29managementCompany@email.com','2019-12-26 07:47:07','2019-12-26 07:47:07'),(134,1,'Test Organisation','Management','CORP1234','2019-06-06','coimbatore','KOVAI','IN','45645','IN','45645','FX123434',3000,1000,'ManageR','mg@email.com','2234234','test@t.com','general@email.com','mg@mg.com','2019-12-26 11:03:47','2019-12-26 11:03:47'),(135,1,'Test Organisation','Management','CORP1234','2019-06-06','coimbatore','KOVAI','IN','45645','IN','45645','FX123434',3000,1000,'ManageR','mg@email.com','2234234','test@t.com','general@email.com','mg@mg.com','2019-12-26 11:03:59','2019-12-26 11:03:59'),(136,1,'29Organisation','29Management Company','29corp122323','2019-01-01','29chennai','29chennai','29IN','29600126','29IN','2946545645','29fxft543',129,79,'29Manger','29manager@emai.com','29345345345','29board@email.com','29general@email.com','29managementCompany@email.com','2019-12-28 08:38:30','2019-12-28 08:38:30'),(137,1,'29Organisation','29Management Company','29corp122323','2019-01-01','29chennai','29chennai','29IN','29600126','29IN','2946545645','29fxft543',129,79,'29Manger','29manager@emai.com','29345345345','29board@email.com','29general@email.com','29managementCompany@email.com','2019-12-28 13:10:34','2019-12-28 13:10:34'),(138,1,'N Company','Nmanagement','N company number','1986-10-28','12/23, main street','piscataway','','08854','08854','08136174165','1123',250,200,'Nmanager','nmanager@gmail.com','234324234','nboard@gmail.com','ngeneal@gmail.com','nmanagement@gmail.com','2019-12-30 07:53:14','2019-12-30 07:53:14'),(139,1,'N Company','nmanagement','N company number','2017-02-11','12/23, main street','piscataway','','08854','08854','23432432','2353243',1300,1200,'nmanager','nmang@gmail.com','2345375234','nboard@gmail.com','nemail@gmail.com','nmng@gmail.com','2019-12-30 08:32:41','2019-12-30 08:32:41'),(140,1,'corp name','my comp','corp no','2019-12-11','12/23, main street','piscataway','','08854','08854','234343','324',500,300,'my manager','mgr@gmia.com','234343','gboard@gmail.com','gmai@gmail.com','gmnge@gmail.com','2019-12-31 06:38:10','2019-12-31 06:38:10'),(141,1,'TestCorp','Mng Compny','Corp12434','2019-12-13','chennai,TN','Chennai','INDIA','600042','','87859030','12344',100,25,'Mnager','mn@mn.com','7854789','brd@g.cm','gn@gm.com','mng@mng.com','2019-12-31 10:30:04','2019-12-31 10:35:18'),(142,1,'','Csk','','2019-12-31','chennai, TN','Tambaram','INS','600042','','1213232','',4,5,'sample','sample@sample.com','64568798765463','board@gmai.com','general@gm.com','mngn@gm.com','2019-12-31 11:05:26','2019-12-31 11:05:26'),(143,1,'Casa Grand','ABB','0102','2019-12-13','493 saint francois st','Florissant','test','63031','','56565656','5688989',1314,1,'Fedrick','','','','preethi.clds@gmail.com','','2019-12-31 11:07:33','2019-12-31 11:22:00'),(144,1,'AP Builders','99acre','123','2019-12-10','1080 colonial roadd','Philadelphiaa','NY','10006','','111111111111','22222222224',999,99,'Federall1','preeth1i.cldks@gmail.com','99999991998','preethi.clds@gmail.com','preethi.clds@gmail.com','preethi.clds@gmail.com','2019-12-31 11:17:55','2020-01-21 10:47:33'),(145,1,'PSK','SKK','123','2019-12-31','1 street','NY','test','65445','','9874563210','65658555555',2,5,'Sherly Sebastian','test1@mailinator.com','4094095049504950','','test@test.com','','2019-12-31 12:17:33','2020-01-21 10:19:39'),(146,1,'','22','','2020-01-22','chennai, TN','velachery','INS','600042','','1213232','',22,22,'33','test@test.com','3333','board@gmai.com','general@gm.com','mngn@gm.com','2020-01-02 07:14:39','2020-01-02 07:14:39'),(147,1,'AB Builders','10abcd','000000','2020-01-09','234/ No Spruce st','Philadelphia','','111111','','2222222211','333333444',771,881,'BCDa','sa@test.com','999999990','666@test.com','444@test.com','555@test.com','2020-01-02 07:40:09','2020-01-02 07:51:18'),(148,1,'zee','HCl','z234','2020-01-02','zee','zee','','6352656','6352656','3566565965','',12,12,'test','test@test.com','233232','','test@test.com','','2020-01-02 11:12:04','2020-01-02 11:12:04'),(149,1,'','33','','2020-01-06','1 street','NY','','65445','','9874563210','',34,33,'33','ss@gmail.com','9887585558','','test@test.com','','2020-01-06 10:54:23','2020-01-06 10:54:23'),(150,1,'TestOrganisation','Management','CORP1234','2019-06-06','coimbatore','KOVAI','IN','45645','IN','45645','FX123434',3000,1000,'ManageR','mg@email.com','2234234','test@t.com','general@email.com','mg@mg.com','2020-01-09 11:50:01','2020-01-09 11:50:01'),(151,1,'TestOrganisation','Management','CORP1234','2019-06-06','coimbatore','KOVAI','IN','45645','IN','45645','FX123434',3000,1000,'ManageR','mg@email.com','2234234','test@t.com','general@email.com','mg@mg.com','2020-01-09 11:50:13','2020-01-09 11:50:13'),(152,1,'E Radian','Radian','E12415','2020-01-20','1080 colonial road','Philadelphia','','10006','10006','59896568989','859898989898',111,110,'Joseph','test@mailinator.com','8885555552','test@mailinator.com','test@mailinator.com','test@mailinator.com','2020-01-20 12:02:35','2020-01-20 12:02:35'),(153,1,'RB','RBank','RB123','2020-01-01','800 spruce st','Toronto','','25833','','55555555','66666666',1001,101,'Ronald','ss@gmail.com','9887585558','ss@gmail.com','ss@gmail.com','ss@gmail.com','2020-01-21 13:05:49','2020-01-22 07:11:55');
/*!40000 ALTER TABLE `client_organisation` ENABLE KEYS */;
UNLOCK TABLES;

--
-- Table structure for table `client_organisation_amenities`
--

DROP TABLE IF EXISTS `client_organisation_amenities`;
/*!40101 SET @saved_cs_client     = @@character_set_client */;
/*!50503 SET character_set_client = utf8mb4 */;
CREATE TABLE `client_organisation_amenities` (
  `id` int(11) NOT NULL AUTO_INCREMENT,
  `client_organisation_id` int(11) DEFAULT '0',
  `amenities_name` varchar(255) DEFAULT NULL,
  `amenities_type` int(11) DEFAULT NULL,
  `amenities_count` int(11) DEFAULT '0',
  `created_at` timestamp NULL DEFAULT CURRENT_TIMESTAMP,
  `modified_date` timestamp NULL DEFAULT CURRENT_TIMESTAMP ON UPDATE CURRENT_TIMESTAMP,
  PRIMARY KEY (`id`),
  KEY `FK2cmsn783wu7pm5c7ys3ftfb2w` (`client_organisation_id`),
  CONSTRAINT `FK2cmsn783wu7pm5c7ys3ftfb2w` FOREIGN KEY (`client_organisation_id`) REFERENCES `client_organisation` (`client_organisation_id`) ON UPDATE CASCADE
) ENGINE=InnoDB AUTO_INCREMENT=80 DEFAULT CHARSET=latin1;
/*!40101 SET character_set_client = @saved_cs_client */;

--
-- Dumping data for table `client_organisation_amenities`
--

LOCK TABLES `client_organisation_amenities` WRITE;
/*!40000 ALTER TABLE `client_organisation_amenities` DISABLE KEYS */;
INSERT INTO `client_organisation_amenities` VALUES (9,1,'Swimming Pool',3,1,NULL,'2019-12-30 12:33:58'),(10,1,'Parking',5,10,NULL,'2019-12-30 12:33:59'),(11,NULL,'Swimming Pool',4,1,NULL,'2019-12-30 12:34:01'),(12,NULL,'Parking',6,10,NULL,'2019-12-30 12:33:59'),(13,NULL,'Swimming Pool',4,1,NULL,'2019-12-30 12:34:01'),(14,NULL,'Parking',5,10,NULL,'2019-12-30 12:34:00'),(15,NULL,'Swimming Pool',3,1,NULL,'2019-12-30 12:34:02'),(16,NULL,'Parking',6,10,NULL,'2019-12-30 12:34:00'),(17,NULL,'Swimming Pool',4,1,NULL,'2019-12-30 12:34:15'),(18,NULL,'Parking',5,10,NULL,'2019-12-30 12:34:02'),(19,NULL,'Swimming Pool',3,1,NULL,'2019-12-30 12:34:15'),(20,1,'Car Parking',4,20,NULL,'2020-01-09 12:28:38'),(21,NULL,'29Swimming Pool',4,1,NULL,'2019-12-30 12:34:14'),(22,NULL,'29Parking',6,10,NULL,'2019-12-30 12:34:03'),(28,NULL,'29Swimming Pool',4,1,NULL,'2019-12-30 12:34:14'),(29,NULL,'29Parking',6,10,NULL,'2019-12-30 12:34:04'),(31,NULL,'29Swimming Pool',4,1,NULL,'2019-12-30 12:34:13'),(32,NULL,'29Parking',5,10,NULL,'2019-12-30 12:34:05'),(35,61,'Swimming Pool',4,17,'2019-12-24 14:23:45','2019-12-30 12:34:13'),(36,61,'Parking',5,18,'2019-12-24 14:23:45','2019-12-30 12:34:05'),(37,62,'Swimming Pool',4,17,'2019-12-24 14:24:54','2019-12-30 12:34:12'),(38,62,'Parking',5,18,'2019-12-24 14:24:55','2019-12-30 12:34:06'),(39,63,'string',0,0,'2019-12-24 17:04:10','2019-12-24 17:04:10'),(40,1,'Car Parking',5,20,'2019-12-26 12:03:51','2019-12-30 12:34:06'),(41,1,'Car Parking',6,20,'2019-12-26 12:03:52','2019-12-30 12:34:07'),(42,1,'Car Parking',6,20,'2019-12-26 12:06:41','2019-12-30 12:34:07'),(43,1,'Car Parking',5,20,'2019-12-26 12:06:42','2019-12-30 12:34:08'),(45,136,'29Swimming Pool',3,1,'2019-12-28 08:38:30','2019-12-30 12:34:12'),(46,136,'29Parking',5,10,'2019-12-28 08:38:30','2019-12-30 12:34:08'),(47,137,'29Swimming Pool',3,1,'2019-12-28 13:10:34','2019-12-30 12:34:11'),(48,137,'29Parking',6,10,'2019-12-28 13:10:34','2019-12-30 12:34:09'),(49,138,'Swimming Pool',4,1,'2019-12-30 07:53:14','2019-12-30 12:34:16'),(50,138,'Gym',1,1,'2019-12-30 07:53:14','2019-12-30 12:34:09'),(51,139,'29Swimming Pool',3,1,'2019-12-30 08:32:41','2019-12-30 12:34:10'),(52,139,'29Parking',5,10,'2019-12-30 08:32:41','2019-12-30 12:34:10'),(53,140,'Gym',0,1,'2019-12-31 06:38:10','2019-12-31 06:38:10'),(54,140,'partyRoom',0,1,'2019-12-31 06:38:10','2019-12-31 06:38:10'),(55,140,'pool',0,1,'2019-12-31 06:38:10','2019-12-31 06:38:10'),(56,140,'outdoorPool',2,1,'2019-12-31 06:38:10','2019-12-31 06:38:10'),(57,140,'parking',3,0,'2019-12-31 06:38:10','2019-12-31 06:38:10'),(58,141,'Gym',0,1,'2019-12-31 10:30:04','2019-12-31 10:30:04'),(59,141,'partyRoom',0,1,'2019-12-31 10:30:04','2019-12-31 10:30:04'),(60,141,'pool',0,1,'2019-12-31 10:30:04','2019-12-31 10:30:04'),(61,141,'indoorPool',1,1,'2019-12-31 10:30:04','2019-12-31 10:30:04'),(62,141,'parking',3,2,'2019-12-31 10:30:04','2019-12-31 10:30:04'),(63,143,'Gym',0,1,'2019-12-31 11:07:33','2019-12-31 11:07:33'),(64,143,'partyRoom',0,1,'2019-12-31 11:07:33','2019-12-31 11:07:33'),(65,148,'parking',3,2,'2020-01-02 11:12:04','2020-01-02 11:12:04'),(70,1,'CarParking',1,20,'2020-01-09 12:28:32','2020-01-09 12:28:32'),(71,1,'CarParking',1,20,'2020-01-09 12:28:34','2020-01-09 12:28:34'),(72,152,'Gym',0,1,'2020-01-20 12:02:35','2020-01-20 12:02:35'),(73,152,'pool',0,1,'2020-01-20 12:02:35','2020-01-20 12:02:35'),(74,152,'indoorPool',1,1,'2020-01-20 12:02:35','2020-01-20 12:02:35'),(75,152,'parking',3,2,'2020-01-20 12:02:35','2020-01-20 12:02:35'),(76,153,'pool',0,1,'2020-01-21 13:05:49','2020-01-21 13:05:49'),(77,153,'indoorPool',1,1,'2020-01-21 13:05:49','2020-01-21 13:05:49'),(78,153,'outdoorPool',2,1,'2020-01-21 13:05:49','2020-01-21 13:05:49'),(79,153,'parking',3,2,'2020-01-21 13:05:49','2020-01-21 13:05:49');
/*!40000 ALTER TABLE `client_organisation_amenities` ENABLE KEYS */;
UNLOCK TABLES;

--
-- Table structure for table `client_registration_files`
--

DROP TABLE IF EXISTS `client_registration_files`;
/*!40101 SET @saved_cs_client     = @@character_set_client */;
/*!50503 SET character_set_client = utf8mb4 */;
CREATE TABLE `client_registration_files` (
  `id` int(11) NOT NULL AUTO_INCREMENT,
  `client_user_id` int(11) DEFAULT NULL,
  `client_organisation_id` int(11) DEFAULT NULL,
  `container_name` varchar(255) DEFAULT NULL,
  `blob_name` varchar(255) DEFAULT NULL,
  `file_name` varchar(255) DEFAULT NULL,
  `file_type` varchar(255) DEFAULT NULL,
  `file_url` varchar(255) DEFAULT NULL,
  `created_at` timestamp NOT NULL DEFAULT CURRENT_TIMESTAMP,
  `modified_date` timestamp NOT NULL DEFAULT CURRENT_TIMESTAMP ON UPDATE CURRENT_TIMESTAMP,
  PRIMARY KEY (`id`)
) ENGINE=InnoDB AUTO_INCREMENT=5 DEFAULT CHARSET=latin1;
/*!40101 SET character_set_client = @saved_cs_client */;

--
-- Dumping data for table `client_registration_files`
--

LOCK TABLES `client_registration_files` WRITE;
/*!40000 ALTER TABLE `client_registration_files` DISABLE KEYS */;
INSERT INTO `client_registration_files` VALUES (1,1,1,'clientregistrationfiles','web_hi_res_512.png','web_hi_res_512.png','image/png','https://condonuitystoragedev.blob.core.windows.net/clientregistrationfiles/web_hi_res_512.png','2020-01-22 05:59:47','2020-01-22 07:42:15');
/*!40000 ALTER TABLE `client_registration_files` ENABLE KEYS */;
UNLOCK TABLES;

--
-- Table structure for table `client_user`
--

DROP TABLE IF EXISTS `client_user`;
/*!40101 SET @saved_cs_client     = @@character_set_client */;
/*!50503 SET character_set_client = utf8mb4 */;
CREATE TABLE `client_user` (
  `client_id` int(11) NOT NULL AUTO_INCREMENT,
  `first_name` varchar(255) DEFAULT NULL,
  `last_name` varchar(255) DEFAULT NULL,
  `legal_name` varchar(255) DEFAULT NULL,
  `country_code` varchar(11) DEFAULT NULL,
  `city` varchar(255) DEFAULT NULL,
  `email` varchar(255) DEFAULT NULL,
  `phone` varchar(40) DEFAULT NULL,
  `user_type` int(11) DEFAULT '1',
  `created_at` timestamp NULL DEFAULT CURRENT_TIMESTAMP,
  `modified_date` timestamp NULL DEFAULT CURRENT_TIMESTAMP ON UPDATE CURRENT_TIMESTAMP,
  `primary_org_id` int(11) DEFAULT '0',
  PRIMARY KEY (`client_id`)
) ENGINE=InnoDB AUTO_INCREMENT=137 DEFAULT CHARSET=latin1;
/*!40101 SET character_set_client = @saved_cs_client */;

--
-- Dumping data for table `client_user`
--

LOCK TABLES `client_user` WRITE;
/*!40000 ALTER TABLE `client_user` DISABLE KEYS */;
INSERT INTO `client_user` VALUES (1,'Prakash','M','PrakashExplorer','1','Chennai','user@client.com','659895',1,'2019-11-14 09:46:38','2020-01-21 07:03:37',4577),(6,'Updated','Last','',NULL,'','Test1@clientuser.com','',1,'2019-11-15 10:33:47','2020-01-09 05:25:15',0),(7,'','','',NULL,'','Test@clientuser.com','',1,'2019-11-15 10:35:31','2019-11-28 10:15:00',0),(8,'','','',NULL,'','Test@clientuser.com','',1,'2019-11-15 10:41:47','2019-11-28 10:15:00',0),(9,'','','',NULL,'','Test2@clientuser.com','',1,'2019-11-15 10:41:52','2019-11-28 10:15:01',0),(10,'','','',NULL,'','Test2@clientuser.com','',1,'2019-11-15 10:44:48','2019-11-28 10:15:01',0),(11,'','','',NULL,'','Test3@clientuser.com','',1,'2019-11-15 10:44:54','2019-11-28 10:15:02',0),(12,'','','',NULL,'','Test4@clientuser.com','',1,'2019-11-15 10:45:57','2019-11-28 10:15:02',0),(13,'','','',NULL,'','Test5@clientuser.com','',1,'2019-11-15 11:01:53','2019-11-28 10:15:03',0),(14,'','','',NULL,'','Test5@clientuser.com','',1,'2019-11-15 11:01:55','2019-11-28 10:15:03',0),(15,'','','',NULL,'','Test6@clientuser.com','',1,'2019-11-15 11:06:39','2019-11-28 10:15:03',0),(16,'','','',NULL,'','Test7@clientuser.com','',1,'2019-11-15 11:08:06','2019-11-28 10:15:04',0),(17,'','','',NULL,'','Test7@clientuser.com','',1,'2019-11-15 11:08:24','2019-11-28 10:15:04',0),(18,'','','',NULL,'','Test8@clientuser.com','',1,'2019-11-15 11:08:58','2019-11-28 10:15:05',0),(19,'','','',NULL,'','Test9@clientuser.com','',1,'2019-11-15 11:10:36','2019-11-28 10:15:05',0),(20,'','','',NULL,'','Test9@clientuser.com','',1,'2019-11-15 11:11:30','2019-11-28 10:15:06',0),(21,'','','',NULL,'','Test11@clientuser.com','',1,'2019-11-15 11:11:37','2019-11-28 10:15:06',0),(22,'','','','','','Test12@clientuser.com','',1,'2019-11-15 11:14:20','2019-11-28 10:15:07',0),(27,'Prakash','Muthaiah','Explorer','1','Test','','767576555',1,NULL,'2020-01-13 15:05:08',0),(28,'Test','TS','Test5','IN','Test','7418261@gmail.com','767576555',1,NULL,'2020-01-08 18:38:16',0),(29,'Prakash','M','Prakash','IN','Chennai','sample@gmail.com','123434',1,NULL,'2019-11-28 10:15:08',0),(30,'','','','','','7418261283@gmail.com','',1,NULL,'2019-11-28 10:15:08',0),(31,'','','','','','ram@gmail.com','',1,NULL,'2019-11-28 10:15:09',0),(32,'','','','','','raj@gmail.com','',1,NULL,'2019-11-28 10:15:09',0),(33,'','','','','','raj1@gmail.com','',1,NULL,'2019-11-28 10:15:10',0),(34,'','','','','','raj2@gmail.com','',1,NULL,'2019-11-28 10:15:10',0),(35,'','','','','','raj3@gmail.com','',1,NULL,'2019-11-28 10:15:10',0),(36,'','','','','','ran1@gmail.com','',1,NULL,'2019-11-28 10:15:11',0),(37,'','','','','','raj4@gmail.com','',1,NULL,'2019-11-28 10:15:38',0),(38,'','','','','','raj6@gmail.com','',1,NULL,'2019-11-28 10:15:12',0),(40,'','','','','','raj@21gmail.com','',1,NULL,NULL,0),(41,'','','','','','raj22@gmail.com','',1,NULL,NULL,0),(42,'','','','','','raj24@gmail.com','',1,NULL,NULL,0),(43,'','','','','','raj@31gmail.com','',1,NULL,NULL,0),(44,'','','','','','test','',1,'2019-12-05 10:59:42','2019-12-05 10:59:42',0),(45,'','','',NULL,'','test123@vendor.com','',1,'2019-12-06 06:34:57','2019-12-06 06:34:57',0),(46,'','','',NULL,'','7418@gmail.com','',1,'2019-12-07 06:51:47','2019-12-07 06:51:47',0),(47,'','','',NULL,'','mask@gms.com','',1,'2019-12-13 06:37:15','2019-12-13 06:37:15',0),(48,'','','',NULL,'','anand@mailinator.com','',1,'2019-12-13 06:51:09','2019-12-13 06:51:09',0),(49,'','','',NULL,'','raaa@mailinator.com','',1,'2019-12-13 07:06:55','2019-12-13 07:06:55',0),(50,'','','',NULL,'','74182612839@mailinator.com','',1,'2019-12-13 07:11:54','2019-12-13 07:11:54',0),(51,'','','',NULL,'','74182612837@mailinator.com','',1,'2019-12-13 07:19:11','2019-12-13 07:19:11',0),(52,'','','',NULL,'','74182612835@mailinator.com','',1,'2019-12-13 07:22:27','2019-12-13 07:22:27',0),(53,'','','',NULL,'','74182612830@mailinator.com','',1,'2019-12-13 09:54:43','2019-12-13 09:54:43',0),(54,'','','',NULL,'','74182612836@mailinator.com','',1,'2019-12-13 10:03:02','2019-12-13 10:03:02',0),(55,'','','','','','7418261283999@mailinator.com','',1,'2019-12-14 05:12:09','2019-12-14 05:12:09',0),(56,'','','','','','7418261283123@mailinator.com','',1,'2019-12-14 05:13:51','2019-12-14 05:13:51',0),(57,'','','','','','test12434@vendor.com','',1,'2019-12-16 11:11:26','2019-12-16 11:11:26',0),(58,'','','','','','naga@gmail.com','',1,'2019-12-16 11:27:55','2019-12-16 11:27:55',0),(59,'','','','','','test98@client.com','',1,'2019-12-16 13:41:51','2019-12-16 13:41:51',0),(60,'','','','','','test245654@client.com','',1,'2019-12-16 13:41:56','2019-12-16 13:41:56',0),(61,'','','','','','mail@mail.com','',1,'2019-12-23 12:12:45','2019-12-23 12:12:45',0),(62,'','','','','','user@vendor.com','',1,'2019-12-23 12:12:49','2019-12-23 12:12:49',0),(63,'','','','','','test@test.com','',1,'2019-12-23 13:40:56','2019-12-23 13:40:56',0),(64,'Prakash','M','Prakash','IN','Chennai','sampledad@gmail.com','123434',1,'2019-12-24 06:07:54','2019-12-24 06:07:54',0),(65,'','','','','','maill@mail.com','',1,'2019-12-24 06:54:29','2019-12-24 06:54:29',0),(66,'','','','','','t2@dfg.of','',1,'2019-12-24 11:28:36','2019-12-24 11:28:36',0),(67,'','','','','','2412191710@mailinator.com','',1,'2019-12-24 11:41:02','2019-12-24 11:41:02',0),(68,'','','','','','prakash.clds@gmail.com','',1,'2019-12-24 13:02:50','2019-12-24 13:02:50',0),(69,'','','','','','testemail@client.com','',1,'2019-12-26 06:05:28','2019-12-26 06:05:28',0),(70,'','','','','','y@y.mn','',1,'2019-12-26 07:21:34','2019-12-26 07:21:34',0),(71,'Test3','test4','Test5','IN','Test','','767576555',1,'2019-12-26 08:46:39','2019-12-26 08:46:39',0),(72,'Test3','test4','Test5','IN','Test','','767576555',1,'2019-12-26 08:46:43','2019-12-26 08:46:43',0),(73,'','','','','','','',1,'2019-12-26 08:46:44','2019-12-26 08:46:44',0),(74,'','','','','','','',1,'2019-12-26 09:31:16','2019-12-26 09:31:16',0),(75,'','','','','','test@gmail.com','',1,'2019-12-26 11:34:31','2019-12-26 11:34:31',0),(76,'Aghash','KL','akash','IN','Chennai','akash1@clouddesigners.com','',1,'2019-12-27 07:05:03','2019-12-27 09:53:12',1),(77,'Test','T','test','IN','Chennai','82487067139@mailinator.com','',1,'2019-12-27 09:51:31','2019-12-27 09:51:31',0),(78,'Test','T','test','IN','Chennai','akash@clouddesigners.com','',1,'2019-12-27 09:54:07','2019-12-27 09:54:07',0),(79,'string','string','string','IN','Chennai','8248706713@mailinator.com','',1,'2019-12-27 10:19:17','2019-12-27 10:19:17',0),(80,'string','string','string','IN','Chennai','82487067137@mailinator.com','',1,'2019-12-27 10:40:15','2019-12-27 10:40:15',0),(81,'string','string','string','IN','Chennai','82487067138@mailinator.com','',1,'2019-12-27 11:13:43','2019-12-27 11:13:43',0),(82,'','','','','','prakash.clds@mailinator.com','',1,'2019-12-28 08:15:34','2019-12-28 08:15:34',0),(83,'','','','','','fgfg@gmail.com','',1,'2019-12-28 10:13:43','2019-12-28 10:13:43',0),(84,'','','','','','741826128388@gmail.com','',1,'2019-12-28 11:59:17','2019-12-28 11:59:17',0),(85,'','','','','','prakash.ccc@mailinator.com','',1,'2019-12-28 12:42:21','2019-12-28 12:42:21',0),(86,'','','','','','prakash.ddd@mailinator.com','',1,'2019-12-28 13:00:24','2019-12-28 13:00:24',0),(87,'','','','','','prakash.eee@mailinator.com','',1,'2019-12-28 13:02:28','2019-12-28 13:02:28',0),(88,'','','','','','user1@client.com','',1,'2019-12-30 04:51:50','2019-12-30 04:51:50',0),(89,'','','','','','klfrnds@gmail.com','',1,'2019-12-30 04:57:52','2019-12-30 04:57:52',0),(90,'','','','','','explorer1@mailinator.com','',1,'2019-12-30 06:32:22','2019-12-30 06:32:22',0),(91,'','','','','','nagarajan.ann@gmail.com','',1,'2019-12-30 07:20:18','2019-12-30 07:20:18',0),(92,'','','','','','preethi.clds@gmail.com','',1,'2019-12-30 08:23:14','2019-12-30 08:23:14',0),(93,'Prakash','M','','','','sampleprkas@gmail.com','',1,'2019-12-30 10:22:23','2019-12-30 10:22:23',0),(94,'Prakash','M','','','','sampleprkas@mailinator.com','',1,'2019-12-30 10:23:04','2019-12-30 10:23:04',0),(95,'Prakash','M','','','','sampleprakash@mailinator.com','',1,'2019-12-30 10:36:50','2019-12-30 10:36:50',0),(96,'Prakash','M','','','','sampleprakash1@mailinator.com','',1,'2019-12-30 10:43:53','2019-12-30 10:43:53',0),(97,'Prakash','M','','','','explorer3@mailinator.com','',1,'2019-12-30 11:53:55','2019-12-30 11:53:55',0),(98,'naga','Raj','','','','nagarajan.a@gmail.com','',1,'2019-12-30 15:22:16','2019-12-30 15:22:16',0),(99,'','','','','','nivetha.clds@gmail.com','',1,'2019-12-31 05:50:36','2019-12-31 05:50:36',0),(100,'','','','','','pandian.clds@gmail.com','',1,'2019-12-31 05:57:57','2019-12-31 05:57:57',0),(101,'','','','','','ntesting@mailinator.com','',1,'2019-12-31 07:49:51','2019-12-31 07:49:51',0),(102,'testuser','lastname','','','','test@mailinator.com','',1,'2019-12-31 08:44:57','2019-12-31 08:44:57',0),(103,'Prakash','M','','','','samp@mailinator.com','',1,'2019-12-31 10:21:29','2019-12-31 10:21:29',0),(104,'Prakash','M','','','','google@mailinator.com','',1,'2019-12-31 10:23:06','2019-12-31 10:23:06',0),(105,'','','','','','googlex@mailinator.com','',1,'2019-12-31 10:26:36','2019-12-31 10:26:36',0),(106,'Client1','C','','','','clientc@mailinator.com','',1,'2019-12-31 10:36:39','2019-12-31 10:36:39',0),(107,'','','','','','users@mailinator.com','',1,'2019-12-31 11:04:29','2019-12-31 11:04:29',0),(108,'User ','one','','','','user1@mailinator.com','',1,'2019-12-31 12:12:13','2020-01-21 07:12:26',0),(109,'Prakash','M','','','','mailinate@mailinator.com','',1,'2019-12-31 15:11:53','2019-12-31 15:11:53',0),(110,'testuser','lastt','','','','mytest13@mailinator.com','',1,'2019-12-31 15:16:17','2020-01-20 08:03:36',0),(111,'','','','','','mas1@mailinator.com','',1,'2020-01-02 06:35:27','2020-01-02 06:35:27',0),(112,'','','','','','client1@mailinator.com','',1,'2020-01-02 07:27:12','2020-01-02 07:27:12',0),(113,'','','','','','jai@mailinator.com','',1,'2020-01-02 07:32:03','2020-01-02 07:32:03',0),(114,'','','','','','client3@mailinator.com','',1,'2020-01-02 08:01:27','2020-01-02 08:01:27',0),(115,'Prakash','M','','','','prakash@mailinator.com','',1,'2020-01-03 12:11:51','2020-01-03 12:11:51',0),(116,'','','','','','test11@mailinator.com','',1,'2020-01-04 07:38:19','2020-01-04 07:38:19',0),(117,'','','','','','test123@mailinator.com','',1,'2020-01-04 09:41:35','2020-01-04 09:41:35',0),(118,'Kinan','Last','','','','kinanrai@yahoo.com','',1,'2020-01-06 04:09:28','2020-01-06 04:09:28',0),(119,'','','','','','clientuser@mailinator.com','',1,'2020-01-06 07:31:01','2020-01-06 07:31:01',0),(120,'John','Aron','','','','test1@mailinator.com','',1,'2020-01-06 09:28:45','2020-01-06 09:28:45',0),(121,'test','test','','','','tt@mailinator.com','',1,'2020-01-06 13:40:18','2020-01-06 13:40:18',0),(122,'','','','','','mail1@mail.com','',1,'2020-01-07 10:44:31','2020-01-07 10:44:31',0),(123,'','','','','','ram@mailinator.com','',1,'2020-01-07 10:49:20','2020-01-07 10:49:20',0),(124,'Explorer','E','','','','explorer@mailinator.com','',1,'2020-01-13 06:27:46','2020-01-13 06:27:46',0),(125,'','','','','','vendor12@mailinator.com','',1,'2020-01-14 09:55:49','2020-01-14 09:55:49',0),(126,'','','','','','test23@mailinator.com','',1,'2020-01-16 07:23:59','2020-01-16 07:23:59',0),(127,'Johan','Piano','','','','client22@mailinator.com','659898989',1,'2020-01-20 07:04:48','2020-01-20 12:12:54',0),(128,'test','user','','','','test100@mailinator.com','',1,'2020-01-20 08:03:59','2020-01-20 08:03:59',0),(129,'Aron','John','','','','aaron.john@mailinator.com','',1,'2020-01-20 12:14:17','2020-01-20 12:15:30',0),(130,'','','','','','kalaiselvi.clds@gmail.com','',1,'2020-01-21 07:22:34','2020-01-21 07:22:34',0),(131,'Kenneth','Epstein','','','','ken@mailinator.com','',1,'2020-01-21 07:43:18','2020-01-21 10:57:13',0),(132,'Fernando','Bryan','','','','test101@mailinator.com','',1,'2020-01-21 12:36:44','2020-01-22 11:59:30',0),(133,'Lara','Clarke','','','','ss@mailinator.com','',1,'2020-01-21 13:15:54','2020-01-21 13:15:54',0),(134,'','','','','','k@yahoo.com','',1,'2020-01-22 00:38:48','2020-01-22 00:38:48',0),(135,'','','','','','kinan_rai@hotmail.com','',1,'2020-01-22 00:39:06','2020-01-22 00:39:06',0),(136,'','','','','','manav.phull@gmail.com','',1,'2020-01-22 00:40:33','2020-01-22 00:40:33',0);
/*!40000 ALTER TABLE `client_user` ENABLE KEYS */;
UNLOCK TABLES;

--
-- Table structure for table `hibernate_sequence`
--

DROP TABLE IF EXISTS `hibernate_sequence`;
/*!40101 SET @saved_cs_client     = @@character_set_client */;
/*!50503 SET character_set_client = utf8mb4 */;
CREATE TABLE `hibernate_sequence` (
  `next_val` bigint(20) DEFAULT NULL
) ENGINE=InnoDB DEFAULT CHARSET=latin1;
/*!40101 SET character_set_client = @saved_cs_client */;

--
-- Dumping data for table `hibernate_sequence`
--

LOCK TABLES `hibernate_sequence` WRITE;
/*!40000 ALTER TABLE `hibernate_sequence` DISABLE KEYS */;
INSERT INTO `hibernate_sequence` VALUES (24),(24),(24),(24),(24),(24),(24),(24),(1),(1),(1),(1),(1);
/*!40000 ALTER TABLE `hibernate_sequence` ENABLE KEYS */;
UNLOCK TABLES;

--
-- Table structure for table `insurance`
--

DROP TABLE IF EXISTS `insurance`;
/*!40101 SET @saved_cs_client     = @@character_set_client */;
/*!50503 SET character_set_client = utf8mb4 */;
CREATE TABLE `insurance` (
  `insurance_id` int(11) NOT NULL AUTO_INCREMENT,
  `vendor_organisation_id` int(11) DEFAULT NULL,
  `insurance_availability` int(11) DEFAULT NULL,
  `insurance_company` varchar(255) DEFAULT NULL,
  `insurance_liability` varchar(255) DEFAULT NULL,
  `insurance_policy_expiry_date` varchar(255) DEFAULT NULL,
  `insurance_bonded` int(11) DEFAULT NULL,
  `insurance_number` varchar(255) DEFAULT NULL,
  `created_at` timestamp NOT NULL DEFAULT CURRENT_TIMESTAMP,
  `modified_date` timestamp NOT NULL DEFAULT CURRENT_TIMESTAMP ON UPDATE CURRENT_TIMESTAMP,
  PRIMARY KEY (`insurance_id`)
) ENGINE=InnoDB AUTO_INCREMENT=48 DEFAULT CHARSET=latin1;
/*!40101 SET character_set_client = @saved_cs_client */;

--
-- Dumping data for table `insurance`
--

LOCK TABLES `insurance` WRITE;
/*!40000 ALTER TABLE `insurance` DISABLE KEYS */;
INSERT INTO `insurance` VALUES (1,1,1,'Test','NA','2019-12-21',1,'INS566','2019-12-06 12:03:28','2020-01-12 08:25:22'),(2,2,1,'Test','test','2019-12-12',1,'INS32323','2019-12-06 12:04:08','2019-12-06 12:04:08'),(3,1,1,'Test','NA','2019-12-21',1,'INS566','2019-12-13 12:48:58','2019-12-13 12:48:58'),(4,1,1,'Test','NA','2019-12-21',1,'INS566','2019-12-13 12:49:30','2019-12-13 12:49:30'),(5,1,1,'Test','NA','2019-12-21',1,'INS566','2019-12-27 10:27:51','2019-12-27 10:27:51'),(6,1,0,'Test','NA','2019-12-21',1,'INS566','2019-12-27 10:27:53','2019-12-27 10:27:53'),(7,1,1,'Test','NA','2019-12-21',0,'INS566','2019-12-27 10:27:53','2019-12-27 10:27:53'),(8,1,1,'','NA','2019-12-21',1,'INS566','2019-12-27 10:27:54','2019-12-27 10:27:54'),(9,1,1,'Test','','2019-12-21',1,'INS566','2019-12-27 10:27:55','2019-12-27 10:27:55'),(10,1,1,'Test','NA','2019-12-21',1,'','2019-12-27 10:27:55','2019-12-27 10:27:55'),(11,1,1,'Test','NA','',1,'INS566','2019-12-27 10:27:56','2019-12-27 10:27:56'),(12,0,1,'Test','NA','2019-12-21',1,'INS566','2019-12-27 10:27:57','2019-12-27 10:27:57'),(13,8767,1,'Test','NA','2019-12-21',1,'INS566','2019-12-27 10:27:57','2019-12-27 10:27:57'),(14,0,0,'','','',0,'','2019-12-27 10:27:58','2019-12-27 10:27:58'),(15,1,1,'Test','NA','2019-12-21',1,'INS566','2019-12-27 10:34:47','2019-12-27 10:34:47'),(16,0,0,'','','',0,'','2019-12-27 10:34:53','2019-12-27 10:34:53'),(17,1,1,'Test','NA','2019-12-21',1,'INS566','2019-12-27 10:36:37','2019-12-27 10:36:37'),(18,1,1,'Test','NA','2019-12-21',1,'INS566','2019-12-27 10:36:43','2019-12-27 10:36:43'),(19,0,0,'','','',0,'','2019-12-27 10:36:44','2019-12-27 10:36:44'),(20,90,1,'Test','NA','2019-12-21',1,'INS566','2020-01-04 12:38:05','2020-01-10 02:37:55'),(21,90,1,'Test','NA','2019-12-21',1,'INS566','2020-01-10 02:29:19','2020-01-10 02:29:19'),(22,90,1,'Test','NA','2019-12-21',1,'INS566','2020-01-10 02:29:36','2020-01-10 02:29:36'),(23,90,1,'Test','NA','2019-12-21',1,'INS566','2020-01-10 02:34:05','2020-01-10 02:34:05'),(24,90,1,'Test','NA','2019-12-21',1,'INS566','2020-01-10 02:34:24','2020-01-10 02:34:24'),(25,1,1,'Test','NA','2019-12-21',1,'INS566','2020-01-10 03:36:23','2020-01-10 03:36:23'),(26,1,NULL,'Test','NA','2019-12-21',1,'INS566','2020-01-10 03:36:24','2020-01-10 03:36:24'),(27,1,1,'Test','NA','2019-12-21',NULL,'INS566','2020-01-10 03:36:25','2020-01-10 03:36:25'),(28,1,1,'','NA','2019-12-21',1,'INS566','2020-01-10 03:36:25','2020-01-10 03:36:25'),(29,1,1,'Test','','2019-12-21',1,'INS566','2020-01-10 03:36:26','2020-01-10 03:36:26'),(30,1,1,'Test','NA','2019-12-21',1,'','2020-01-10 03:36:27','2020-01-10 03:36:27'),(31,1,1,'Test','NA','',1,'INS566','2020-01-10 03:36:28','2020-01-10 03:36:28'),(32,NULL,1,'Test','NA','2019-12-21',1,'INS566','2020-01-10 03:36:28','2020-01-10 03:36:28'),(33,2,1,'Test','NA','2019-12-21',1,'INS566','2020-01-10 03:36:29','2020-01-12 08:25:34'),(34,NULL,NULL,'','','',NULL,'','2020-01-10 03:36:30','2020-01-10 03:36:30'),(35,1,1,'Test','NA','2019-12-21',1,'INS566','2020-01-10 03:38:00','2020-01-10 03:38:00'),(36,1,1,'Test','NA','2019-12-21',1,'INS566','2020-01-10 03:38:06','2020-01-10 03:38:06'),(37,NULL,NULL,'','','',NULL,'','2020-01-10 03:38:06','2020-01-10 03:38:06'),(38,11,1,'Test','NA','2019-12-21',1,'INS566','2020-01-11 12:13:42','2020-01-11 12:13:42'),(43,96,1,'ABC Insurance','348686','2020-01-31',1,'ABDF23432','2020-01-12 09:37:23','2020-01-12 09:37:23'),(44,97,1,'ABT','40000','2020-01-31',1,'123213','2020-01-12 09:59:27','2020-01-12 09:59:27'),(45,98,1,'200000','1/15/2020','2020-01-14',1,'34343','2020-01-14 07:01:45','2020-01-14 07:01:45'),(46,99,1,'200000','1/15/2020','2020-01-14',1,'34343','2020-01-14 07:02:00','2020-01-14 07:02:00'),(47,100,1,'PLQ','none','2020-01-10',1,'234','2020-01-17 09:46:40','2020-01-17 09:46:40');
/*!40000 ALTER TABLE `insurance` ENABLE KEYS */;
UNLOCK TABLES;

--
-- Table structure for table `organisation`
--

DROP TABLE IF EXISTS `organisation`;
/*!40101 SET @saved_cs_client     = @@character_set_client */;
/*!50503 SET character_set_client = utf8mb4 */;
CREATE TABLE `organisation` (
  `organisation_id` int(11) NOT NULL,
  `address` varchar(255) DEFAULT NULL,
  `admin_email` varchar(255) DEFAULT NULL,
  `board_email` varchar(255) DEFAULT NULL,
  `city` varchar(255) DEFAULT NULL,
  `corporate_number` varchar(255) DEFAULT NULL,
  `country_code` int(11) NOT NULL,
  `created_at` varchar(255) DEFAULT NULL,
  `fax_number` varchar(255) DEFAULT NULL,
  `general_email` varchar(255) DEFAULT NULL,
  `management_company` varchar(255) DEFAULT NULL,
  `management_email` varchar(255) DEFAULT NULL,
  `manager_email` varchar(255) DEFAULT NULL,
  `manager_name` varchar(255) DEFAULT NULL,
  `manager_phone` varchar(255) DEFAULT NULL,
  `organisation_name` varchar(255) DEFAULT NULL,
  `phone_number` varchar(255) DEFAULT NULL,
  `postal_code` varchar(255) DEFAULT NULL,
  `province` varchar(255) DEFAULT NULL,
  `registration_date` varchar(255) DEFAULT NULL,
  `units` int(11) NOT NULL,
  `user_role` int(11) DEFAULT NULL,
  `user_type` int(11) DEFAULT NULL,
  `voting_units` int(11) NOT NULL,
  PRIMARY KEY (`organisation_id`)
) ENGINE=InnoDB DEFAULT CHARSET=latin1;
/*!40101 SET character_set_client = @saved_cs_client */;

--
-- Dumping data for table `organisation`
--

LOCK TABLES `organisation` WRITE;
/*!40000 ALTER TABLE `organisation` DISABLE KEYS */;
/*!40000 ALTER TABLE `organisation` ENABLE KEYS */;
UNLOCK TABLES;

--
-- Table structure for table `organisation_amenities_info`
--

DROP TABLE IF EXISTS `organisation_amenities_info`;
/*!40101 SET @saved_cs_client     = @@character_set_client */;
/*!50503 SET character_set_client = utf8mb4 */;
CREATE TABLE `organisation_amenities_info` (
  `id` int(11) NOT NULL,
  `ground_level_parking_spots` int(11) NOT NULL,
  `under_ground_parking_spots` int(11) NOT NULL,
  `elevators_count` int(11) NOT NULL,
  `gym` int(11) NOT NULL,
  `organisation_id` int(11) NOT NULL,
  `other_information` varchar(255) DEFAULT NULL,
  `parking` int(11) NOT NULL,
  `parking_ground_level` int(11) NOT NULL,
  `parking_under_ground` int(11) NOT NULL,
  `party_room` int(11) NOT NULL,
  `pool_indoor` int(11) NOT NULL,
  `pool_outdoor` int(11) NOT NULL,
  `swim_pool` int(11) NOT NULL,
  PRIMARY KEY (`id`)
) ENGINE=InnoDB DEFAULT CHARSET=latin1;
/*!40101 SET character_set_client = @saved_cs_client */;

--
-- Dumping data for table `organisation_amenities_info`
--

LOCK TABLES `organisation_amenities_info` WRITE;
/*!40000 ALTER TABLE `organisation_amenities_info` DISABLE KEYS */;
/*!40000 ALTER TABLE `organisation_amenities_info` ENABLE KEYS */;
UNLOCK TABLES;

--
-- Table structure for table `organisation_payment_billing_details`
--

DROP TABLE IF EXISTS `organisation_payment_billing_details`;
/*!40101 SET @saved_cs_client     = @@character_set_client */;
/*!50503 SET character_set_client = utf8mb4 */;
CREATE TABLE `organisation_payment_billing_details` (
  `id` int(11) NOT NULL AUTO_INCREMENT,
  `organisation_id` int(11) DEFAULT NULL,
  `user_type` int(11) DEFAULT NULL,
  `card_number` varchar(255) DEFAULT NULL,
  `name_on_card` varchar(255) DEFAULT NULL,
  `expiry_date` varchar(255) DEFAULT NULL,
  `security_code` int(11) DEFAULT NULL,
  `street_address` varchar(255) DEFAULT NULL,
  `city` varchar(255) DEFAULT NULL,
  `province` varchar(255) DEFAULT NULL,
  `postal_code` varchar(255) DEFAULT NULL,
  `created_at` timestamp NOT NULL DEFAULT CURRENT_TIMESTAMP,
  `modified_date` timestamp NOT NULL DEFAULT CURRENT_TIMESTAMP ON UPDATE CURRENT_TIMESTAMP,
  PRIMARY KEY (`id`)
) ENGINE=InnoDB DEFAULT CHARSET=latin1;
/*!40101 SET character_set_client = @saved_cs_client */;

--
-- Dumping data for table `organisation_payment_billing_details`
--

LOCK TABLES `organisation_payment_billing_details` WRITE;
/*!40000 ALTER TABLE `organisation_payment_billing_details` DISABLE KEYS */;
/*!40000 ALTER TABLE `organisation_payment_billing_details` ENABLE KEYS */;
UNLOCK TABLES;

--
-- Table structure for table `predefined_tags`
--

DROP TABLE IF EXISTS `predefined_tags`;
/*!40101 SET @saved_cs_client     = @@character_set_client */;
/*!50503 SET character_set_client = utf8mb4 */;
CREATE TABLE `predefined_tags` (
  `tag_id` int(11) NOT NULL AUTO_INCREMENT,
  `tag_name` varchar(255) DEFAULT NULL,
  `tag_status` int(11) DEFAULT NULL,
  `created_at` timestamp NOT NULL DEFAULT CURRENT_TIMESTAMP,
  `modified_date` timestamp NOT NULL DEFAULT CURRENT_TIMESTAMP ON UPDATE CURRENT_TIMESTAMP,
  PRIMARY KEY (`tag_id`)
) ENGINE=InnoDB AUTO_INCREMENT=124 DEFAULT CHARSET=latin1;
/*!40101 SET character_set_client = @saved_cs_client */;

--
-- Dumping data for table `predefined_tags`
--

LOCK TABLES `predefined_tags` WRITE;
/*!40000 ALTER TABLE `predefined_tags` DISABLE KEYS */;
INSERT INTO `predefined_tags` VALUES (1,'Paint',1,'2019-12-14 07:14:12','2019-12-14 07:14:12'),(2,'Interior',1,'2019-12-14 07:14:12','2019-12-14 07:14:12'),(3,'Construction',1,'2019-12-14 07:14:13','2019-12-14 07:14:13'),(4,'Indoor',1,'2019-12-14 07:14:13','2019-12-14 07:14:42'),(5,'Outdoor',1,'2019-12-14 07:14:14','2019-12-14 07:14:42'),(6,'Renovation',1,'2019-12-14 07:14:14','2019-12-14 07:14:43'),(7,'Contracting',1,'2019-12-14 07:14:15','2019-12-14 07:14:43'),(8,'Media',1,'2019-12-14 07:14:15','2019-12-14 07:14:44'),(9,'Metal works',1,'2019-12-14 07:14:15','2019-12-14 07:14:44'),(10,'Furniture',1,'2019-12-14 07:14:16','2019-12-14 07:14:44'),(11,'Junk Removal',1,'2019-12-14 07:14:16','2019-12-14 07:14:45'),(12,'Snow Removal',1,'2019-12-14 07:14:17','2019-12-26 13:02:26'),(13,'Insurance',1,'2019-12-14 07:14:17','2019-12-14 07:14:46'),(14,'Property management',1,'2019-12-26 13:05:16','2019-12-26 13:07:32'),(15,'Locksmith',1,'2019-12-26 13:05:16','2019-12-26 13:07:32'),(16,'Electrical',1,'2019-12-26 13:05:16','2019-12-26 13:07:33'),(17,'Restoration',1,'2019-12-26 13:05:16','2019-12-26 13:07:33'),(18,'Consulting',1,'2019-12-26 13:05:16','2019-12-26 13:07:34'),(19,'Engineering',1,'2019-12-26 13:05:16','2019-12-26 13:07:34'),(20,'Building Sciences',1,'2019-12-26 13:05:16','2019-12-26 13:07:35'),(21,'NGO',1,'2019-12-26 13:05:16','2019-12-26 13:07:35'),(22,'Commercial Doors',1,'2019-12-26 13:05:16','2019-12-26 13:07:36'),(23,'Doors',1,'2019-12-26 13:05:16','2019-12-26 13:07:36'),(24,'Fitness Equipment',1,'2019-12-26 13:05:16','2019-12-26 13:07:37'),(25,'Fitness Equipment Maintenance',1,'2019-12-26 13:05:16','2019-12-26 13:07:37'),(26,'Cleaning Services',1,'2019-12-26 13:05:16','2019-12-26 13:07:38'),(27,'HVAC',1,'2019-12-26 13:05:16','2019-12-26 13:07:38'),(28,'Security Equipment',1,'2019-12-26 13:05:16','2019-12-26 13:07:39'),(29,'Roofing',1,'2019-12-26 13:05:16','2019-12-26 13:07:39'),(30,'Energy Management',1,'2019-12-26 13:05:16','2019-12-26 13:07:40'),(31,'Pool Services',1,'2019-12-26 13:05:16','2019-12-26 13:07:40'),(32,'Water Management',1,'2019-12-26 13:05:16','2019-12-26 13:07:41'),(33,'General Contracting',1,'2019-12-26 13:05:16','2019-12-26 13:07:41'),(34,'Metal Work',1,'2019-12-26 13:05:16','2019-12-26 13:07:42'),(35,'Railing',1,'2019-12-26 13:05:16','2019-12-26 13:07:43'),(36,'Fencing',1,'2019-12-26 13:05:16','2019-12-26 13:07:42'),(37,'Locker Solution',1,'2019-12-26 13:05:16','2019-12-26 13:07:43'),(38,'Parcel Management',1,'2019-12-26 13:05:16','2019-12-26 13:07:44'),(39,'Window Cleaning',1,'2019-12-26 13:05:16','2019-12-26 13:07:44'),(40,'Building Maintenance',1,'2019-12-26 13:05:16','2019-12-26 13:07:45'),(41,'Security Services',1,'2019-12-26 13:05:16','2019-12-26 13:07:45'),(42,'Reserve Fund Studies',1,'2019-12-26 13:05:16','2019-12-26 13:07:46'),(43,'Agriculture',1,'2019-12-26 13:05:16','2019-12-26 13:07:46'),(44,'Landscaping',1,'2019-12-26 13:05:16','2019-12-26 13:07:47'),(45,'Telecommunications',1,'2019-12-26 13:05:16','2019-12-26 13:07:47'),(46,'Mechanical',1,'2019-12-26 13:05:16','2019-12-26 13:07:48'),(47,'Plumbing',1,'2019-12-26 13:05:16','2019-12-26 13:07:48'),(48,'Windows',1,'2019-12-26 13:05:16','2019-12-26 13:07:49'),(49,'Carpet Cleaning',1,'2019-12-26 13:05:16','2019-12-26 13:07:49'),(50,'Investigation',1,'2019-12-26 13:05:16','2019-12-26 13:07:50'),(51,'Project Management',1,'2019-12-26 13:05:16','2019-12-26 13:07:50'),(52,'Condo Software',1,'2019-12-26 13:05:16','2019-12-26 13:07:51'),(53,'Community Software',1,'2019-12-26 13:05:16','2019-12-26 13:07:51'),(54,'Waste Equipment',1,'2019-12-26 13:05:16','2019-12-26 13:07:52'),(55,'Air Quality',1,'2019-12-26 13:05:16','2019-12-26 13:07:52'),(56,'Internet Provider',1,'2019-12-26 13:05:16','2019-12-26 13:07:53'),(57,'Janitorial Supplies',1,'2019-12-26 13:05:16','2019-12-26 13:07:53'),(58,'Cleaning Supplies',1,'2019-12-26 13:05:16','2019-12-26 13:07:54'),(59,'Superintendent Services',1,'2019-12-26 13:05:16','2019-12-26 13:07:54'),(60,'Flooring',1,'2019-12-26 13:05:16','2019-12-26 13:07:55'),(61,'Regulatory Body',1,'2019-12-26 13:05:16','2019-12-26 13:07:55'),(62,'Security Systems',1,'2019-12-26 13:05:16','2019-12-26 13:07:56'),(63,'Lock service',1,'2019-12-26 13:05:16','2019-12-26 13:07:56'),(64,'Financial Services',1,'2019-12-26 13:05:16','2019-12-26 13:07:57'),(65,'Law Firm',1,'2019-12-26 13:05:16','2019-12-26 13:07:57'),(66,'Duct Cleaning',1,'2019-12-26 13:05:16','2019-12-26 13:07:58'),(67,'Waterproofing',1,'2019-12-26 13:05:16','2019-12-26 13:07:58'),(68,'Clauking',1,'2019-12-26 13:05:16','2019-12-26 13:07:59'),(69,'Fire Prevention',1,'2019-12-26 13:05:16','2019-12-26 13:07:59'),(70,'Building Management',1,'2019-12-26 13:05:16','2019-12-26 13:08:00'),(71,'Irrigation Equipment',1,'2019-12-26 13:05:16','2019-12-26 13:08:00'),(72,'Workplace Health',1,'2019-12-26 13:05:16','2019-12-26 13:08:01'),(73,'workplace Safety',1,'2019-12-26 13:05:16','2019-12-26 13:08:01'),(74,'Elevator Consulitng',1,'2019-12-26 13:05:16','2019-12-26 13:08:02'),(75,'Condo Management',1,'2019-12-26 13:05:16','2019-12-26 13:08:02'),(76,'Fire Equipment',1,'2019-12-26 13:05:16','2019-12-26 13:08:02'),(77,'Interior Design',1,'2019-12-26 13:05:16','2019-12-26 13:08:03'),(78,'Insulation',1,'2019-12-26 13:05:16','2019-12-26 13:08:03'),(79,'communication',1,'2019-12-26 13:05:16','2019-12-26 13:08:04'),(80,'Lighting',1,'2019-12-26 13:05:16','2019-12-26 13:08:04'),(81,'Snow Removal',1,'2019-12-26 13:05:16','2019-12-26 13:08:05'),(82,'Sub-Metering',1,'2019-12-26 13:05:16','2019-12-26 13:08:05'),(83,'Identification Service',1,'2019-12-26 13:05:16','2019-12-26 13:08:06'),(84,'Acoustics',1,'2019-12-26 13:05:16','2019-12-26 13:08:06'),(85,'Pest Control',1,'2019-12-26 13:05:16','2019-12-26 13:08:07'),(86,'Meeting Minutes',1,'2019-12-26 13:05:16','2019-12-26 13:08:07'),(87,'Leak Prevention',1,'2019-12-26 13:05:16','2019-12-26 13:08:08'),(88,'Equipment',1,'2019-12-26 13:05:16','2019-12-26 13:08:08'),(89,'Smart Buildings',1,'2019-12-26 13:05:16','2019-12-26 13:08:09'),(90,'Control Technology',1,'2019-12-26 13:05:16','2019-12-26 13:08:09'),(91,'Safety Equipment',1,'2019-12-26 13:05:16','2019-12-26 13:08:10'),(92,'Fire Protection',1,'2019-12-26 13:05:16','2019-12-26 13:08:10'),(93,'Outdoor Construction',1,'2019-12-26 13:05:16','2019-12-26 13:08:11'),(94,'Advertising Screens',1,'2019-12-26 13:05:16','2019-12-26 13:08:11'),(95,'Industry News',1,'2019-12-26 13:05:16','2019-12-26 13:08:12'),(96,'Paving',1,'2019-12-26 13:05:16','2019-12-26 13:08:12'),(97,'Jet Wash',1,'2019-12-26 13:05:16','2019-12-26 13:08:13'),(98,'Waste Management',1,'2019-12-26 13:05:16','2019-12-26 13:08:13'),(99,'Signage ',1,'2019-12-26 13:05:16','2019-12-26 13:08:14'),(100,'Stack Cleanining',1,'2019-12-26 13:05:16','2019-12-26 13:08:14'),(101,'Window Screens',1,'2019-12-26 13:05:16','2019-12-26 13:08:15'),(102,'Door Screens ',1,'2019-12-26 13:05:16','2019-12-26 13:08:15'),(103,'Parking Solutions',1,'2019-12-26 13:05:16','2019-12-26 13:08:16'),(104,'Remediation',1,'2019-12-26 13:05:16','2019-12-26 13:08:16'),(105,'Consturction',1,'2019-12-26 13:05:16','2019-12-26 13:08:17'),(106,'Pet Management',1,'2019-12-26 13:05:16','2019-12-26 13:08:18'),(107,'Structural Engineering',1,'2019-12-26 13:05:16','2019-12-26 13:08:17'),(108,'Water Tank Maintenance',1,'2019-12-26 13:05:16','2019-12-26 13:08:18'),(109,'Mobile Radios',1,'2019-12-26 13:05:16','2019-12-26 13:08:19'),(110,'Generators',1,'2019-12-26 13:05:16','2019-12-26 13:08:19'),(111,'Floor Mats',1,'2019-12-26 13:05:16','2019-12-26 13:08:20'),(112,'Concrete Work',1,'2019-12-26 13:05:16','2019-12-26 13:08:20'),(113,'Electric Vehicle Charging',1,'2019-12-26 13:05:16','2019-12-26 13:08:21'),(114,'Home Warranty',1,'2019-12-26 13:05:16','2019-12-26 13:08:21'),(115,'Elevators',1,'2019-12-26 13:05:16','2019-12-26 13:08:22'),(116,'Government Body',1,'2019-12-26 13:05:16','2019-12-26 13:08:22'),(117,'Refurbishment',1,'2019-12-26 13:05:16','2019-12-26 13:08:23'),(118,'Generator Maintenance',1,'2019-12-26 13:05:16','2019-12-26 13:08:23'),(119,'Ventilation Equipment',1,'2019-12-26 13:05:16','2019-12-26 13:08:24'),(120,'Waste Equipment Maintenance',1,'2019-12-26 13:05:16','2019-12-26 13:08:24'),(121,'Garbage Shutes',1,'2019-12-26 13:05:16','2019-12-26 13:08:25'),(122,'Accounting Software',1,'2019-12-26 13:05:16','2019-12-26 13:08:25'),(123,NULL,0,'2019-12-26 13:08:26','2019-12-26 13:08:26');
/*!40000 ALTER TABLE `predefined_tags` ENABLE KEYS */;
UNLOCK TABLES;

--
-- Table structure for table `project_files`
--

DROP TABLE IF EXISTS `project_files`;
/*!40101 SET @saved_cs_client     = @@character_set_client */;
/*!50503 SET character_set_client = utf8mb4 */;
CREATE TABLE `project_files` (
  `id` int(11) NOT NULL AUTO_INCREMENT,
  `project_id` int(11) DEFAULT NULL,
  `container_name` varchar(255) DEFAULT NULL,
  `blob_name` varchar(255) DEFAULT NULL,
  `file_name` varchar(255) DEFAULT NULL,
  `file_type` varchar(255) DEFAULT NULL,
  `file_url` varchar(255) DEFAULT NULL,
  `created_at` timestamp NOT NULL DEFAULT CURRENT_TIMESTAMP,
  `modified_date` timestamp NOT NULL DEFAULT CURRENT_TIMESTAMP ON UPDATE CURRENT_TIMESTAMP,
  PRIMARY KEY (`id`)
) ENGINE=InnoDB AUTO_INCREMENT=2 DEFAULT CHARSET=latin1;
/*!40101 SET character_set_client = @saved_cs_client */;

--
-- Dumping data for table `project_files`
--

LOCK TABLES `project_files` WRITE;
/*!40000 ALTER TABLE `project_files` DISABLE KEYS */;
INSERT INTO `project_files` VALUES (1,1,'projectfiles','test_explorer.txt',NULL,'text/plain','https://condonuitystoragedev.blob.core.windows.net/projectfiles/test_explorer.txt','2020-01-21 12:20:23','2020-01-21 12:20:23');
/*!40000 ALTER TABLE `project_files` ENABLE KEYS */;
UNLOCK TABLES;

--
-- Table structure for table `project_products`
--

DROP TABLE IF EXISTS `project_products`;
/*!40101 SET @saved_cs_client     = @@character_set_client */;
/*!50503 SET character_set_client = utf8mb4 */;
CREATE TABLE `project_products` (
  `id` int(11) NOT NULL AUTO_INCREMENT,
  `project_id` int(11) DEFAULT NULL,
  `description` varchar(255) DEFAULT NULL,
  `quantity` int(11) DEFAULT NULL,
  `unit` varchar(255) DEFAULT NULL,
  `created_at` timestamp NULL DEFAULT CURRENT_TIMESTAMP,
  `modified_date` timestamp NULL DEFAULT CURRENT_TIMESTAMP ON UPDATE CURRENT_TIMESTAMP,
  PRIMARY KEY (`id`),
  KEY `FKh38qhcmee2am0uohg75dudp3q` (`project_id`),
  CONSTRAINT `FK3kmd2tf54vm3024p04pjlljw4` FOREIGN KEY (`project_id`) REFERENCES `projects` (`project_id`),
  CONSTRAINT `FKh38qhcmee2am0uohg75dudp3q` FOREIGN KEY (`project_id`) REFERENCES `projects` (`project_id`)
) ENGINE=InnoDB AUTO_INCREMENT=229 DEFAULT CHARSET=latin1;
/*!40101 SET character_set_client = @saved_cs_client */;

--
-- Dumping data for table `project_products`
--

LOCK TABLES `project_products` WRITE;
/*!40000 ALTER TABLE `project_products` DISABLE KEYS */;
INSERT INTO `project_products` VALUES (24,29,'',0,NULL,'2019-12-17 10:42:14','2019-12-17 10:42:15'),(25,29,'',0,NULL,'2019-12-17 10:42:15','2019-12-17 10:42:15'),(26,29,'',0,NULL,'2019-12-17 10:42:15','2019-12-17 10:42:16'),(27,30,'',0,NULL,'2019-12-17 10:48:05','2019-12-17 10:48:06'),(28,30,'',0,NULL,'2019-12-17 10:48:05','2019-12-17 10:48:06'),(29,30,'',0,NULL,'2019-12-17 10:48:05','2019-12-17 10:48:06'),(30,35,'',0,'','2019-12-17 11:08:06','2019-12-17 11:08:06'),(31,35,'',0,'','2019-12-17 11:08:06','2019-12-17 11:08:07'),(32,35,'',0,'','2019-12-17 11:08:06','2019-12-17 11:08:07'),(33,36,'',0,'','2019-12-17 11:10:45','2019-12-17 11:10:46'),(34,36,'',0,'','2019-12-17 11:10:45','2019-12-17 11:10:46'),(35,36,'',0,'','2019-12-17 11:10:46','2019-12-17 11:10:46'),(36,37,'',0,'','2019-12-17 11:16:40','2019-12-17 11:16:41'),(37,37,'',0,'','2019-12-17 11:16:41','2019-12-17 11:16:42'),(38,37,'',0,'','2019-12-17 11:16:41','2019-12-17 11:16:42'),(45,38,'product 1',10,'litre','2019-12-17 11:55:23','2019-12-17 11:55:24'),(46,38,'Paint',10,'litre','2019-12-17 11:55:23','2019-12-17 11:55:25'),(47,38,'Gibsom Board',10,'square feet','2019-12-17 11:55:23','2019-12-17 11:55:25'),(48,39,'product 1',10,'litre','2019-12-17 11:56:25','2019-12-17 11:56:26'),(49,39,'Paint',10,'litre','2019-12-17 11:56:25','2019-12-17 11:56:26'),(50,39,'Gibsom Board',10,'square feet','2019-12-17 11:56:26','2019-12-17 11:56:26'),(51,40,'product 1',10,'litre','2019-12-17 12:44:39','2019-12-17 12:44:40'),(52,40,'Paint',10,'litre','2019-12-17 12:44:39','2019-12-17 12:44:40'),(53,40,'Gibsom Board',10,'square feet','2019-12-17 12:44:39','2019-12-17 12:44:40'),(54,41,'product 1',10,'litre','2019-12-17 12:55:46','2019-12-17 12:55:47'),(55,41,'Paint',10,'litre','2019-12-17 12:55:46','2019-12-17 12:55:47'),(56,41,'Gibsom Board',10,'square feet','2019-12-17 12:55:46','2019-12-17 12:55:47'),(57,42,'product 1',10,'litre','2019-12-17 12:56:46','2019-12-17 12:56:47'),(58,42,'Paint',10,'litre','2019-12-17 12:56:46','2019-12-17 12:56:47'),(59,42,'Gibsom Board',10,'square feet','2019-12-17 12:56:46','2019-12-17 12:56:47'),(60,43,'product 1',10,'litre','2019-12-17 12:58:29','2019-12-17 12:58:29'),(61,43,'Paint',10,'litre','2019-12-17 12:58:29','2019-12-17 12:58:30'),(62,43,'Gibsom Board',10,'square feet','2019-12-17 12:58:29','2019-12-17 12:58:30'),(63,44,'product 1',10,'litre','2019-12-17 13:34:20','2019-12-17 13:34:21'),(64,44,'Paint',10,'litre','2019-12-17 13:34:20','2019-12-17 13:34:21'),(65,44,'Gibsom Board',10,'square feet','2019-12-17 13:34:21','2019-12-17 13:34:21'),(66,48,'this project for testing',10,'litre','2019-12-27 05:56:39','2019-12-27 05:56:39'),(67,49,'this project for testing',10,'litre','2019-12-27 05:56:41','2019-12-27 05:56:41'),(68,50,'this project for testing',10,'litre','2019-12-27 05:56:41','2019-12-27 05:56:41'),(69,51,'this project for testing',10,'litre','2019-12-27 05:56:42','2019-12-27 05:56:42'),(70,52,'this project for testing',10,'litre','2019-12-27 05:56:43','2019-12-27 05:56:43'),(71,53,'this project for testing',10,'litre','2019-12-27 05:56:43','2019-12-27 05:56:43'),(72,54,'',10,'litre','2019-12-27 05:56:44','2019-12-27 05:56:44'),(73,55,'this project for testing',10,'litre','2019-12-27 05:56:44','2019-12-27 05:56:44'),(74,56,'this project for testing',10,'litre','2019-12-27 05:56:46','2019-12-27 05:56:46'),(75,57,'this project for testing',10,'litre','2019-12-27 05:56:46','2019-12-27 05:56:46'),(76,58,'this project for testing',10,'litre','2019-12-27 05:56:47','2019-12-27 05:56:47'),(77,59,'this project for testing',10,'litre','2019-12-27 05:56:48','2019-12-27 05:56:48'),(78,60,'this project for testing',10,'litre','2019-12-27 05:56:49','2019-12-27 05:56:49'),(79,61,'this project for testing',10,'litre','2019-12-27 05:56:49','2019-12-27 05:56:49'),(80,62,'this project for testing',10,'litre','2019-12-27 05:56:50','2019-12-27 05:56:50'),(81,63,'this project for testing',10,'litre','2019-12-27 05:56:51','2019-12-27 05:56:51'),(82,64,'this project for testing',0,'litre','2019-12-27 05:56:51','2019-12-27 05:56:51'),(83,65,'this project for testing',10,'','2019-12-27 05:56:52','2019-12-27 05:56:52'),(84,66,'this project for testing',10,'litre','2019-12-27 05:56:53','2019-12-27 05:56:53'),(85,67,'this project for testing',10,'litre','2019-12-27 05:56:53','2019-12-27 05:56:53'),(86,68,'this project for testing',10,'litre','2019-12-27 05:56:54','2019-12-27 05:56:54'),(87,69,'this project for testing',10,'litre','2019-12-27 05:56:55','2019-12-27 05:56:55'),(88,70,'this project for testing',10,'litre','2019-12-27 05:56:55','2019-12-27 05:56:55'),(89,71,'product 1',10,'litre','2019-12-27 06:03:30','2019-12-27 06:03:30'),(90,71,'Paint',10,'litre','2019-12-27 06:03:30','2019-12-27 06:03:30'),(91,71,'Gibsom Board',10,'square feet','2019-12-27 06:03:30','2019-12-27 06:03:30'),(92,72,'product 1',10,'litre','2019-12-27 06:03:46','2019-12-27 06:03:46'),(93,72,'Paint',10,'litre','2019-12-27 06:03:46','2019-12-27 06:03:46'),(94,72,'Gibsom Board',10,'square feet','2019-12-27 06:03:46','2019-12-27 06:03:46'),(95,73,'product 1',10,'litre','2019-12-27 06:03:54','2019-12-27 06:03:54'),(96,73,'Paint',10,'litre','2019-12-27 06:03:54','2019-12-27 06:03:55'),(97,73,'Gibsom Board',10,'square feet','2019-12-27 06:03:54','2019-12-27 06:03:55'),(98,74,'product 1',10,'litre','2019-12-27 06:04:05','2019-12-27 06:04:05'),(99,74,'Paint',10,'litre','2019-12-27 06:04:05','2019-12-27 06:04:05'),(100,74,'Gibsom Board',10,'square feet','2019-12-27 06:04:05','2019-12-27 06:04:05'),(102,75,'this project for testing',10,'litre','2019-12-27 07:02:27','2019-12-27 07:02:27'),(124,76,'this project for testing',10,'litre','2019-12-27 07:02:44','2019-12-27 07:02:44'),(131,84,'product 1',10,'litre','2020-01-02 04:12:27','2020-01-02 04:12:27'),(132,84,'Paint',10,'litre','2020-01-02 04:12:27','2020-01-02 04:12:27'),(133,84,'Gibsom Board',10,'square feet','2020-01-02 04:12:27','2020-01-02 04:12:27'),(134,85,'thisprojectfortesting',10,'litre','2020-01-02 04:14:44','2020-01-02 04:14:44'),(135,86,'thisprojectfortesting',10,'litre','2020-01-02 04:14:45','2020-01-02 04:14:45'),(136,87,'thisprojectfortesting',10,'litre','2020-01-02 04:14:46','2020-01-02 04:14:46'),(137,88,'thisprojectfortesting',10,'litre','2020-01-02 04:14:48','2020-01-02 04:14:48'),(138,89,'',10,'litre','2020-01-02 04:14:49','2020-01-02 04:14:49'),(139,90,'thisprojectfortesting',10,'litre','2020-01-02 04:14:49','2020-01-02 04:14:49'),(140,91,'thisprojectfortesting',10,'litre','2020-01-02 04:14:51','2020-01-02 04:14:51'),(141,92,'thisprojectfortesting',10,'litre','2020-01-02 04:14:51','2020-01-02 04:14:51'),(142,93,'thisprojectfortesting',10,'litre','2020-01-02 04:14:52','2020-01-02 04:14:52'),(143,94,'thisprojectfortesting',10,'litre','2020-01-02 04:14:53','2020-01-02 04:14:53'),(144,95,'thisprojectfortesting',10,'litre','2020-01-02 04:14:54','2020-01-02 04:14:54'),(145,96,'thisprojectfortesting',10,'litre','2020-01-02 04:14:54','2020-01-02 04:14:54'),(146,97,'thisprojectfortesting',10,'litre','2020-01-02 04:14:55','2020-01-02 04:14:55'),(147,98,'thisprojectfortesting',10,'litre','2020-01-02 04:14:56','2020-01-02 04:14:56'),(148,99,'thisprojectfortesting',NULL,'litre','2020-01-02 04:14:56','2020-01-02 04:14:56'),(149,100,'thisprojectfortesting',10,'','2020-01-02 04:14:57','2020-01-02 04:14:57'),(150,101,'thisprojectfortesting',10,'litre','2020-01-02 04:14:58','2020-01-02 04:14:58'),(151,102,'thisprojectfortesting',10,'litre','2020-01-02 04:14:58','2020-01-02 04:14:58'),(152,103,'thisprojectfortesting',10,'litre','2020-01-02 04:14:59','2020-01-02 04:14:59'),(153,104,'thisprojectfortesting',10,'litre','2020-01-02 04:15:00','2020-01-02 04:15:00'),(154,105,'thisprojectfortesting',10,'litre','2020-01-02 04:17:57','2020-01-02 04:17:57'),(155,106,'thisprojectfortesting',10,'litre','2020-01-02 04:17:58','2020-01-02 04:17:58'),(156,107,'thisprojectfortesting',10,'litre','2020-01-02 04:17:59','2020-01-02 04:17:59'),(157,108,'thisprojectfortesting',10,'litre','2020-01-02 04:18:01','2020-01-02 04:18:01'),(158,109,'',10,'litre','2020-01-02 04:18:01','2020-01-02 04:18:01'),(159,110,'thisprojectfortesting',10,'litre','2020-01-02 04:18:02','2020-01-02 04:18:02'),(160,111,'thisprojectfortesting',10,'litre','2020-01-02 04:18:03','2020-01-02 04:18:03'),(161,112,'thisprojectfortesting',10,'litre','2020-01-02 04:18:04','2020-01-02 04:18:04'),(162,113,'thisprojectfortesting',10,'litre','2020-01-02 04:18:05','2020-01-02 04:18:05'),(163,114,'thisprojectfortesting',10,'litre','2020-01-02 04:18:06','2020-01-02 04:18:06'),(164,115,'thisprojectfortesting',10,'litre','2020-01-02 04:18:07','2020-01-02 04:18:07'),(165,116,'thisprojectfortesting',10,'litre','2020-01-02 04:18:07','2020-01-02 04:18:07'),(166,117,'thisprojectfortesting',10,'litre','2020-01-02 04:18:08','2020-01-02 04:18:08'),(167,118,'thisprojectfortesting',10,'litre','2020-01-02 04:18:09','2020-01-02 04:18:09'),(168,119,'thisprojectfortesting',NULL,'litre','2020-01-02 04:18:09','2020-01-02 04:18:09'),(169,120,'thisprojectfortesting',10,'','2020-01-02 04:18:10','2020-01-02 04:18:10'),(170,121,'thisprojectfortesting',10,'litre','2020-01-02 04:18:11','2020-01-02 04:18:11'),(171,122,'thisprojectfortesting',10,'litre','2020-01-02 04:18:11','2020-01-02 04:18:11'),(172,123,'thisprojectfortesting',10,'litre','2020-01-02 04:18:12','2020-01-02 04:18:12'),(173,124,'thisprojectfortesting',10,'litre','2020-01-02 04:18:13','2020-01-02 04:18:13'),(174,136,'product 1',10,'litre','2020-01-08 07:26:34','2020-01-08 07:26:35'),(175,136,'Paint',10,'litre','2020-01-08 07:26:34','2020-01-08 07:26:35'),(176,136,'Gibsom Board',10,'square feet','2020-01-08 07:26:34','2020-01-08 07:26:35'),(177,148,'flooring mosaic',9,'90','2020-01-09 07:16:26','2020-01-09 07:16:26'),(178,149,'thisprojectfortesting',10,'litre','2020-01-10 02:57:19','2020-01-10 02:57:19'),(179,150,'thisprojectfortesting',10,'litre','2020-01-10 02:57:20','2020-01-10 02:57:20'),(180,151,'thisprojectfortesting',10,'litre','2020-01-10 02:57:21','2020-01-10 02:57:21'),(181,152,'thisprojectfortesting',10,'litre','2020-01-10 02:57:23','2020-01-10 02:57:23'),(182,153,'',10,'litre','2020-01-10 02:57:23','2020-01-10 02:57:23'),(183,154,'thisprojectfortesting',10,'litre','2020-01-10 02:57:24','2020-01-10 02:57:24'),(184,155,'thisprojectfortesting',10,'litre','2020-01-10 02:57:25','2020-01-10 02:57:25'),(185,156,'thisprojectfortesting',10,'litre','2020-01-10 02:57:26','2020-01-10 02:57:26'),(186,157,'thisprojectfortesting',10,'litre','2020-01-10 02:57:27','2020-01-10 02:57:27'),(187,158,'thisprojectfortesting',10,'litre','2020-01-10 02:57:28','2020-01-10 02:57:28'),(188,159,'thisprojectfortesting',10,'litre','2020-01-10 02:57:29','2020-01-10 02:57:29'),(189,160,'thisprojectfortesting',10,'litre','2020-01-10 02:57:30','2020-01-10 02:57:30'),(190,161,'thisprojectfortesting',10,'litre','2020-01-10 02:57:30','2020-01-10 02:57:30'),(191,162,'thisprojectfortesting',10,'litre','2020-01-10 02:57:31','2020-01-10 02:57:31'),(192,163,'thisprojectfortesting',NULL,'litre','2020-01-10 02:57:32','2020-01-10 02:57:32'),(193,164,'thisprojectfortesting',10,'','2020-01-10 02:57:32','2020-01-10 02:57:32'),(194,165,'thisprojectfortesting',10,'litre','2020-01-10 02:57:33','2020-01-10 02:57:33'),(195,166,'thisprojectfortesting',10,'litre','2020-01-10 02:57:33','2020-01-10 02:57:34'),(196,167,'thisprojectfortesting',10,'litre','2020-01-10 02:57:34','2020-01-10 02:57:34'),(197,168,'thisprojectfortesting',10,'litre','2020-01-10 02:57:35','2020-01-10 02:57:35'),(199,169,'thisprojectfortesting',10,'litre','2020-01-10 03:04:45','2020-01-10 03:04:45'),(221,170,'thisprojectfortesting',10,'litre','2020-01-10 03:05:00','2020-01-10 03:05:00'),(227,1,'thisprojectfortesting',10,'litre','2020-01-10 03:05:04','2020-01-10 03:05:04'),(228,171,'Paint',3,'5','2020-01-16 10:41:56','2020-01-16 10:41:56');
/*!40000 ALTER TABLE `project_products` ENABLE KEYS */;
UNLOCK TABLES;

--
-- Table structure for table `project_questions`
--

DROP TABLE IF EXISTS `project_questions`;
/*!40101 SET @saved_cs_client     = @@character_set_client */;
/*!50503 SET character_set_client = utf8mb4 */;
CREATE TABLE `project_questions` (
  `projectqa_id` int(11) NOT NULL AUTO_INCREMENT,
  `project_id` int(11) DEFAULT NULL,
  `vendor_user_id` int(11) DEFAULT NULL,
  `client_user_id` int(11) DEFAULT NULL,
  `question` varchar(255) DEFAULT NULL,
  `answer` varchar(255) DEFAULT NULL,
  `created_at` timestamp NULL DEFAULT CURRENT_TIMESTAMP,
  `modified_date` timestamp NULL DEFAULT CURRENT_TIMESTAMP ON UPDATE CURRENT_TIMESTAMP,
  PRIMARY KEY (`projectqa_id`)
) ENGINE=InnoDB AUTO_INCREMENT=49 DEFAULT CHARSET=latin1;
/*!40101 SET character_set_client = @saved_cs_client */;

--
-- Dumping data for table `project_questions`
--

LOCK TABLES `project_questions` WRITE;
/*!40000 ALTER TABLE `project_questions` DISABLE KEYS */;
INSERT INTO `project_questions` VALUES (1,1,1,1,'Do you prefer any Paint Brand?','Yes, We prefer Asian Paint',NULL,'2019-11-26 11:31:00'),(2,1,0,0,'Do you prefer any Paint Brand?',NULL,NULL,NULL),(3,1,0,0,'Do you prefer any Paint Brand?',NULL,NULL,NULL),(4,1,1,1,'Do you prefer any Paint Brand?','Yes, We prefer Asian Paint',NULL,'2019-11-26 11:47:05'),(5,1,1,5655,'Do you prefer any Brand for steel?','Yes,WedopreferParrywareBrand','2019-12-13 12:26:13','2020-01-10 03:19:35'),(24,1,1,1,'Do you prefer any Paint Brand?','Yes, We prefer Asian Paint',NULL,NULL),(30,1,1,0,'Do you prefer any Paint Brand?',NULL,NULL,NULL),(34,1,1,0,'Do you prefer any Paint Brand?',NULL,NULL,NULL),(35,1,1,0,'Do you prefer any Brand for steel?',NULL,'2019-12-27 07:46:17','2019-12-27 07:46:17'),(36,0,1,0,'Do you prefer any Brand for steel?',NULL,'2019-12-27 07:46:18','2019-12-27 07:46:18'),(37,1,1,0,'',NULL,'2019-12-27 07:46:19','2019-12-27 07:46:19'),(38,1,0,0,'Do you prefer any Brand for steel?',NULL,'2019-12-27 07:46:19','2019-12-27 07:46:19'),(39,8714,1,0,'Do you prefer any Brand for steel?',NULL,'2019-12-27 07:46:20','2019-12-27 07:46:20'),(40,1,21564,0,'Do you prefer any Brand for steel?',NULL,'2019-12-27 07:46:21','2019-12-27 07:46:21'),(41,0,0,0,'',NULL,'2019-12-27 07:46:21','2019-12-27 07:46:21'),(42,1,1,0,'DoyoupreferanyBrandforsteel?',NULL,'2020-01-10 03:17:48','2020-01-10 03:17:48'),(43,NULL,1,0,'DoyoupreferanyBrandforsteel?',NULL,'2020-01-10 03:17:50','2020-01-10 03:17:50'),(44,1,1,0,'',NULL,'2020-01-10 03:17:50','2020-01-10 03:17:50'),(45,1,NULL,0,'DoyoupreferanyBrandforsteel?',NULL,'2020-01-10 03:17:51','2020-01-10 03:17:51'),(46,879,1,0,'DoyoupreferanyBrandforsteel?',NULL,'2020-01-10 03:17:52','2020-01-10 03:17:52'),(47,1,7778,0,'DoyoupreferanyBrandforsteel?',NULL,'2020-01-10 03:17:52','2020-01-10 03:17:52'),(48,NULL,NULL,0,'',NULL,'2020-01-10 03:17:53','2020-01-10 03:17:53');
/*!40000 ALTER TABLE `project_questions` ENABLE KEYS */;
UNLOCK TABLES;

--
-- Table structure for table `project_reviews_ratings`
--

DROP TABLE IF EXISTS `project_reviews_ratings`;
/*!40101 SET @saved_cs_client     = @@character_set_client */;
/*!50503 SET character_set_client = utf8mb4 */;
CREATE TABLE `project_reviews_ratings` (
  `id` int(11) NOT NULL AUTO_INCREMENT,
  `client_id` int(11) DEFAULT NULL,
  `project_id` int(11) DEFAULT NULL,
  `vendor_organisation_id` int(11) DEFAULT NULL,
  `vendor_id` int(11) DEFAULT NULL,
  `rating` float DEFAULT NULL,
  `review_comments` varchar(255) DEFAULT NULL,
  `reply_comments` varchar(255) DEFAULT NULL,
  `created_at` timestamp NOT NULL DEFAULT CURRENT_TIMESTAMP,
  `modified_date` timestamp NOT NULL DEFAULT CURRENT_TIMESTAMP ON UPDATE CURRENT_TIMESTAMP,
  PRIMARY KEY (`id`)
) ENGINE=InnoDB AUTO_INCREMENT=23 DEFAULT CHARSET=latin1;
/*!40101 SET character_set_client = @saved_cs_client */;

--
-- Dumping data for table `project_reviews_ratings`
--

LOCK TABLES `project_reviews_ratings` WRITE;
/*!40000 ALTER TABLE `project_reviews_ratings` DISABLE KEYS */;
INSERT INTO `project_reviews_ratings` VALUES (13,1,2,1,4566,4.5,'testing adding new review','replycomments','2019-12-14 06:16:35','2020-01-10 04:09:30'),(14,1,1,1,1,4.5,'test comments','reply comments','2019-12-14 10:00:39','2019-12-20 13:22:24'),(15,6,2,1,1,4.5,'testing adding new review','reply comments','2019-12-14 12:20:29','2020-01-14 07:21:16'),(16,1,3,2,0,4.5,'testcomments',NULL,'2020-01-10 03:56:49','2020-01-14 07:21:15'),(20,1,7,1,0,4.5,'testcomments',NULL,'2020-01-10 03:56:53','2020-01-14 07:21:13'),(21,1,8,1,0,4.5,'testcomments',NULL,'2020-01-10 03:56:54','2020-01-14 10:48:51'),(22,1,NULL,1,1,5,'test',NULL,'2020-01-14 11:00:52','2020-01-14 11:00:52');
/*!40000 ALTER TABLE `project_reviews_ratings` ENABLE KEYS */;
UNLOCK TABLES;

--
-- Table structure for table `project_tags`
--

DROP TABLE IF EXISTS `project_tags`;
/*!40101 SET @saved_cs_client     = @@character_set_client */;
/*!50503 SET character_set_client = utf8mb4 */;
CREATE TABLE `project_tags` (
  `id` int(11) NOT NULL AUTO_INCREMENT,
  `project_id` int(11) DEFAULT NULL,
  `tag_id` int(11) DEFAULT NULL,
  `created_at` timestamp NOT NULL DEFAULT CURRENT_TIMESTAMP,
  `modified_date` timestamp NOT NULL DEFAULT CURRENT_TIMESTAMP ON UPDATE CURRENT_TIMESTAMP,
  PRIMARY KEY (`id`),
  KEY `FKra1vi3p19o2pqtm3c1geaose9` (`project_id`),
  CONSTRAINT `FKra1vi3p19o2pqtm3c1geaose9` FOREIGN KEY (`project_id`) REFERENCES `projects` (`project_id`)
) ENGINE=InnoDB AUTO_INCREMENT=4 DEFAULT CHARSET=latin1;
/*!40101 SET character_set_client = @saved_cs_client */;

--
-- Dumping data for table `project_tags`
--

LOCK TABLES `project_tags` WRITE;
/*!40000 ALTER TABLE `project_tags` DISABLE KEYS */;
INSERT INTO `project_tags` VALUES (1,1,1,'2019-12-14 09:45:29','2019-12-14 09:45:29'),(2,1,2,'2019-12-14 09:45:29','2019-12-14 09:45:29'),(3,1,3,'2019-12-14 09:45:30','2019-12-14 09:45:30');
/*!40000 ALTER TABLE `project_tags` ENABLE KEYS */;
UNLOCK TABLES;

--
-- Table structure for table `projects`
--

DROP TABLE IF EXISTS `projects`;
/*!40101 SET @saved_cs_client     = @@character_set_client */;
/*!50503 SET character_set_client = utf8mb4 */;
CREATE TABLE `projects` (
  `project_id` int(11) NOT NULL AUTO_INCREMENT,
  `client_organisation_id` int(11) DEFAULT NULL,
  `client_id` int(11) DEFAULT NULL,
  `project_modified_by` int(11) DEFAULT NULL,
  `project_name` varchar(255) DEFAULT NULL,
  `tags` varchar(255) DEFAULT NULL,
  `bid_end_date` varchar(255) DEFAULT NULL,
  `project_start_date` varchar(255) DEFAULT NULL,
  `project_completion_deadline` varchar(255) DEFAULT NULL,
  `estimated_budget` varchar(255) DEFAULT NULL,
  `duration` varchar(255) DEFAULT NULL,
  `description` varchar(255) DEFAULT NULL,
  `special_conditions` varchar(255) DEFAULT NULL,
  `city` varchar(255) DEFAULT NULL,
  `contract_type` int(11) DEFAULT NULL,
  `insurance_required` int(10) DEFAULT NULL,
  `post_type` int(11) DEFAULT NULL,
  `status` int(11) DEFAULT NULL,
  `awarded_bid_id` int(11) DEFAULT NULL,
  `created_at` timestamp NULL DEFAULT CURRENT_TIMESTAMP,
  `modified_date` timestamp NULL DEFAULT CURRENT_TIMESTAMP ON UPDATE CURRENT_TIMESTAMP,
  PRIMARY KEY (`project_id`)
) ENGINE=InnoDB AUTO_INCREMENT=182 DEFAULT CHARSET=latin1;
/*!40101 SET character_set_client = @saved_cs_client */;

--
-- Dumping data for table `projects`
--

LOCK TABLES `projects` WRITE;
/*!40000 ALTER TABLE `projects` DISABLE KEYS */;
INSERT INTO `projects` VALUES (1,1,1,1,'Newproject','11','2019-11-11','2019-11-11','2019-12-12','$2,000','1month','thisprojectfortesting','noconditions','chennai',1,1,1,1,0,'2019-11-14 10:42:52','2020-01-14 12:35:03'),(2,1,1,1,'Condonuity','1,4','2019-11-27 04:00:00','2019-11-28 00:00:00','2019-11-29 00:00:00','2000000','1','test description','NA','Chennai',1,1,1,1,1,'2019-11-14 10:42:52','2019-12-19 06:52:19'),(3,1,1,1,'Condonuity','2,3','2019-11-27 04:00:00','2019-11-28 00:00:00','2019-11-29 00:00:00','3000000','1','test description','NA','Chennai',1,1,1,2,1,'2019-11-14 10:42:52','2019-12-19 06:52:19'),(4,1,1,0,'New project','1,2,3','2019-11-11','2019-11-11','2019-12-12','$2000','1 month','this project for testing','no conditions','chennai',1,1,1,1,0,'2019-11-14 10:42:52','2020-01-14 04:44:04'),(5,1,1,1,'New project','1,2,3','2019-11-11','2019-11-11','2019-12-12','$2000','1 month','this project for testing','no conditions','chennai',1,1,1,2,0,'2019-11-14 10:42:52','2019-11-14 10:42:52'),(6,1,1,0,'New project','1,2,3','2019-11-11','2019-11-11','2019-12-12','$2000','1 month','this project for testing','no conditions','chennai',1,1,1,3,0,'2019-11-14 10:42:52','2020-01-14 04:44:05'),(7,1,1,0,'New project','1,2,3','2019-11-11','2019-11-11','2019-12-12','$2000','1 month','this project for testing','no conditions','chennai',1,1,1,3,0,'2019-11-14 10:42:52','2020-01-14 04:44:04'),(8,1,1,0,'New project','1,2,3','2019-11-11','2019-11-11','2019-12-12','$2000','1 month','this project for testing','no conditions','chennai',1,1,1,3,0,'2019-11-14 10:42:52','2020-01-14 04:44:05'),(9,1,1,0,'New project','1,2,3','2019-11-11','2019-11-11','2019-12-12','$2000','1 month','this project for testing','no conditions','chennai',1,1,1,1,0,'2019-11-14 10:42:52','2019-11-14 10:42:52'),(10,1,1,0,'DLG','1','2019-12-01','2019-12-15','2019-12-30','5000','1 month','Des','Spec','Chennai',2,1,1,3,0,'2019-11-14 10:42:52','2020-01-14 04:44:06'),(11,1,1,0,'Chennai Infra','2','2019-12-02','2019-12-03','2019-12-04','5000','1 month','Des of the hospital','No Condition','Chennai',3,2,1,3,0,'2019-11-14 10:42:52','2020-01-14 04:44:07'),(12,1,1,0,'Chennai Infra','3','2019-12-02','2019-12-03','2019-12-04','5000','1 month','Des of the hospital','No Condition','Chennai',3,2,1,1,0,'2019-11-14 10:42:52','2020-01-14 04:44:07'),(13,1,1,0,'WillThisWork','4','2019-12-02','2019-12-03','2019-12-04','9','1 month','Des','Spe','Chennai',2,1,1,1,0,'2019-11-14 10:42:52','2020-01-14 04:44:07'),(14,1,1,0,'Last Project','1,2,4','2019-12-15','2019-12-16','2019-12-31','9','1 month','Des....','Spe....','Chennai',1,2,1,1,0,'2019-11-14 10:42:52','2019-11-14 10:42:52'),(15,1,1,0,'Test project','1,2,8','2019-12-25','2019-12-16','2019-12-31','5000','1 month','This is the project description','no special condition','Chennai',2,1,1,4,0,'2019-12-14 03:59:45','2020-01-12 06:43:53'),(16,1,1,0,'Test project','1,2,7','2019-12-25','2019-12-16','2019-12-31','5000','1 month','This is the project description','no special condition','Chennai',2,1,1,4,0,'2019-12-14 04:01:00','2020-01-12 06:43:53'),(17,1,1,0,'Test Project 17','1,2,5','2019-12-25','2019-12-16','2019-12-31','12345','1 month','This is the test project description','no specific test condition','Chennai',2,1,1,4,0,'2019-12-14 18:00:31','2020-01-12 06:43:51'),(18,1,1,0,'test project 18','1,2,6','2019-12-24','2019-12-25','2019-12-31','9665','1 month','one more test project','no spl condition required','Chennai',2,2,1,4,0,'2019-12-14 18:46:51','2020-01-12 06:43:51'),(19,1,1,0,'Manav Project','1,2,3','2019-12-27','2020-01-15','2020-01-30','5000000','1 month','This is a test project created by Manav','','Chennai',2,1,1,4,0,'2019-12-16 00:01:55','2020-01-12 06:43:52'),(20,1,1,0,'karim','2,3','2020-10-01','2019-01-02','2019-01-03','1000','1 month','123445','','Chennai',2,1,1,4,0,'2019-12-16 00:02:58','2020-01-12 06:43:52'),(21,1,1,0,'New project','1,2,3','2019-11-11','2019-11-11','2019-12-12','$2000','P1Month1Days','this project for testing','no conditions','chennai',1,1,1,4,0,'2019-12-17 10:01:05','2020-01-12 06:43:52'),(22,1,1,0,'New project','1,2,3','2019-11-11','2019-11-11','2019-12-12','$2000','1Month1Days','this project for testing','no conditions','chennai',1,1,1,4,0,'2019-12-17 10:02:42','2020-01-12 06:43:54'),(23,1,1,0,'New project','1,2,3','2019-11-11','2019-11-11','2019-12-12','$2000','1 Months1 Days','this project for testing','no conditions','chennai',1,1,1,3,0,'2019-12-17 10:26:35','2020-01-12 06:43:54'),(24,1,1,0,'New project','1,2,3','2019-11-11','2019-11-11','2019-12-12','$2000','1 Months1 Days','this project for testing','no conditions','chennai',1,1,1,3,0,'2019-12-17 10:27:35','2020-01-12 06:43:54'),(25,1,1,0,'New project','1,2,3','2019-11-11','2019-11-11','2019-12-12','$2000','1 Months1 Days','this project for testing','no conditions','chennai',1,1,1,3,0,'2019-12-17 10:30:42','2020-01-12 06:43:56'),(29,1,1,0,'New project','1,2,3','2019-11-11','2019-11-11','2019-12-12','$2000','1 Months1 Days','this project for testing','no conditions','chennai',1,1,1,3,0,'2019-12-17 10:42:14','2020-01-12 06:43:55'),(30,1,1,0,'New project','1,2,3','2019-11-11','2019-11-11','2019-12-12','$2000','1 Months1 Days','this project for testing','no conditions','chennai',1,1,1,3,0,'2019-12-17 10:48:04','2020-01-12 06:43:55'),(35,1,1,0,'New project','1,2,3','2019-11-11','2019-11-11','2019-12-12','$2000','1 Months1 Days','this project for testing','no conditions','chennai',1,1,1,3,0,'2019-12-17 11:08:05','2020-01-12 06:43:56'),(36,1,1,0,'New project','1,2,3','2019-11-11','2019-11-11','2019-12-12','$2000','1 Months1 Days','this project for testing','no conditions','chennai',1,1,1,3,0,'2019-12-17 11:10:45','2020-01-12 06:43:57'),(37,1,1,0,'New project','1,2,3','2019-11-11','2019-11-11','2019-12-12','$2000','1 Months1 Days','this project for testing','no conditions','chennai',1,1,1,3,0,'2019-12-17 11:16:40','2020-01-12 06:43:57'),(38,1,1,0,'New project','1,2,3','2019-11-11','2019-11-11','2019-12-12','$2000','1 Months1 Days','this project for testing','no conditions','chennai',1,1,1,1,0,'2019-12-17 11:19:59','2019-12-19 11:57:22'),(39,1,1,0,'New project','1,2,3','2019-11-11','2019-11-11','2019-12-12','$2000','1 Months1 Days','this project for testing','no conditions','chennai',1,1,1,1,0,'2019-12-17 11:56:25','2019-12-19 11:57:21'),(40,1,1,0,'New project','1,2,3','2019-11-11','2019-11-11','2019-12-12','$2000','1 Months1 Days','this project for testing','no conditions','chennai',1,1,1,1,0,'2019-12-17 12:44:39','2019-12-19 11:57:22'),(41,1,1,0,'New project','1,2,3','2019-11-11','2019-11-11','2019-12-12','$2000','1 Months1 Days','this project for testing','no conditions','chennai',1,1,1,4,0,'2019-12-17 12:55:46','2020-01-12 06:43:57'),(42,1,1,0,'New project','1,2,3','2019-11-11','2019-11-11','2019-12-12','$2000','1 month','this project for testing','no conditions','chennai',1,1,1,4,0,'2019-12-17 12:56:45','2020-01-12 06:43:58'),(43,1,1,0,'New project','1,2,3','2019-11-11','2019-11-11','2019-12-12','$2000','1 Months1 Days','this project for testing','no conditions','chennai',1,1,1,4,0,'2019-12-17 12:58:28','2020-01-12 06:43:59'),(44,1,1,0,'New project','1,2,3','2019-11-11','2019-11-11','2019-12-12','$2000','1 Months1 Days','this project for testing','no conditions','chennai',1,1,1,4,0,'2019-12-17 13:34:20','2020-01-12 06:43:58'),(45,1,1,0,'New project','1,2,3','2019-11-11','2019-11-11','2019-12-12','$2000','1 Months 1 Days ','this project for testing','no conditions','chennai',1,1,1,1,0,'2019-12-18 07:16:35','2019-12-19 11:57:24'),(46,1,1,0,'New project','1,2,3','2019-11-11','2019-11-11','2019-12-12','$2000','1 Months 1 Days ','this project for testing','no conditions','chennai',1,1,1,4,0,'2019-12-18 07:16:57','2020-01-12 06:43:59'),(47,1,1,0,'New project','1,2,3','2019-11-11','2019-11-11','2019-12-12','$2000','1 Months 1 Days ','this project for testing','no conditions','chennai',1,1,1,1,0,'2019-12-18 07:17:15','2019-12-18 07:17:15'),(48,1,1,0,'New project','1,2,3','2019-11-11','2019-11-11','2019-12-12','$2000','1 Months 1 Days ','this project for testing','no conditions','chennai',1,1,1,1,0,'2019-12-27 05:56:39','2019-12-27 05:56:39'),(49,1,1,0,'New project','1,2,3','','2019-11-11','2019-12-12','$2000','1 Months 1 Days ','this project for testing','no conditions','chennai',1,1,1,1,0,'2019-12-27 05:56:41','2019-12-27 05:56:41'),(50,1,1,0,'New project','1,2,3','2019-11-11','2019-11-11','2019-12-12','$2000','1 Months 1 Days ','this project for testing','no conditions','',1,1,1,1,0,'2019-12-27 05:56:41','2019-12-27 05:56:41'),(51,1,0,0,'New project','1,2,3','2019-11-11','2019-11-11','2019-12-12','$2000','1 Months 1 Days ','this project for testing','no conditions','chennai',1,1,1,1,0,'2019-12-27 05:56:42','2019-12-27 05:56:42'),(52,0,1,0,'New project','1,2,3','2019-11-11','2019-11-11','2019-12-12','$2000','1 Months 1 Days ','this project for testing','no conditions','chennai',1,1,1,1,0,'2019-12-27 05:56:43','2019-12-27 05:56:43'),(53,1,1,0,'New project','1,2,3','2019-11-11','2019-11-11','2019-12-12','$2000','1 Months 1 Days ','this project for testing','no conditions','chennai',0,1,1,1,0,'2019-12-27 05:56:43','2019-12-27 05:56:43'),(54,1,1,0,'New project','1,2,3','2019-11-11','2019-11-11','2019-12-12','$2000','1 Months 1 Days ','','no conditions','chennai',1,1,1,1,0,'2019-12-27 05:56:44','2019-12-27 05:56:44'),(55,1,1,0,'New project','1,2,3','2019-11-11','2019-11-11','2019-12-12','$2000','1 Months 1 Days ','this project for testing','no conditions','chennai',1,1,1,1,0,'2019-12-27 05:56:44','2019-12-27 05:56:44'),(56,1,1,0,'New project','1,2,3','2019-11-11','2019-11-11','2019-12-12','$2000','1 Months 1 Days ','this project for testing','no conditions','chennai',1,0,1,1,0,'2019-12-27 05:56:46','2019-12-27 05:56:46'),(57,1,1,0,'New project','1,2,3','2019-11-11','2019-11-11','2019-12-12','$2000','1 Months 1 Days ','this project for testing','no conditions','chennai',1,1,0,1,0,'2019-12-27 05:56:46','2019-12-27 05:56:46'),(58,1,1,0,'New project','1,2,3','2019-11-11','2019-11-11','','$2000','1 month','this project for testing','no conditions','chennai',1,1,1,1,0,'2019-12-27 05:56:47','2019-12-27 05:56:47'),(59,1,1,0,'New project','1,2,3','2019-11-11','','2019-12-12','$2000','1 month','this project for testing','no conditions','chennai',1,1,1,1,0,'2019-12-27 05:56:48','2019-12-27 05:56:48'),(60,1,1,0,'New project','1,2,3','2019-11-11','2019-11-11','2019-12-12','$2000','1 Months 1 Days ','this project for testing','','chennai',1,1,1,1,0,'2019-12-27 05:56:49','2019-12-27 05:56:49'),(61,1,1,0,'New project','1,2,3','2019-11-11','2019-11-11','2019-12-12','$2000','1 Months 1 Days ','this project for testing','no conditions','chennai',1,1,1,0,0,'2019-12-27 05:56:49','2019-12-27 05:56:49'),(62,1,1,0,'New project','1,2,3','2019-11-11','2019-11-11','2019-12-12','$2000','1 Months 1 Days ','this project for testing','no conditions','chennai',1,1,1,1,0,'2019-12-27 05:56:50','2019-12-27 07:25:30'),(63,1,1,0,'New project','1,2,3','2019-11-11','2019-11-11','2019-12-12','$2000','1 Months 1 Days ','this project for testing','no conditions','chennai',1,1,1,1,0,'2019-12-27 05:56:51','2019-12-27 05:56:51'),(64,1,1,0,'New project','1,2,3','2019-11-11','2019-11-11','2019-12-12','$2000','1 Months 1 Days ','this project for testing','no conditions','chennai',1,1,1,1,0,'2019-12-27 05:56:51','2019-12-27 05:56:51'),(65,1,1,0,'New project','1,2,3','2019-11-11','2019-11-11','2019-12-12','$2000','1 Months 1 Days ','this project for testing','no conditions','chennai',1,1,1,1,0,'2019-12-27 05:56:52','2019-12-27 05:56:52'),(66,1,80,0,'New project','1,2,3','2019-11-11','2019-11-11','2019-12-12','$2000','1 Months 1 Days ','this project for testing','no conditions','chennai',1,1,1,1,0,'2019-12-27 05:56:53','2019-12-27 05:56:53'),(67,1,1,0,'New project','1,2,3','2019-11-11','2019-11-11','2019-12-12','$2000','1 Months 1 Days ','this project for testing','no conditions','chennai',1,1,1,1,0,'2019-12-27 05:56:53','2020-01-10 07:24:06'),(68,1,1,0,'New project','1,2,3','2019-11-11','2019-11-11','2019-12-12','$2000','1 Months 1 Days ','this project for testing','no conditions','chennai',1,1,1,1,0,'2019-12-27 05:56:54','2020-01-12 06:44:00'),(69,1,1,0,'New project','1,2,3','2019-11-11','2019-11-11','2019-12-12','$2000','1 Months 1 Days ','this project for testing','no conditions','chennai',1,1,1,1,0,'2019-12-27 05:56:55','2020-01-12 06:43:59'),(70,1,1,0,'New project','1,2,3','2019-11-11','2019-11-11','2019-12-12','$2000','1 Months 1 Days ','this project for testing','no conditions','chennai',1,1,1,2,0,'2019-12-27 05:56:55','2020-01-12 06:44:00'),(71,1,1,0,'New project','1,2,3','2019-11-11','2019-11-11','2019-12-12','$2000','1 Months 1 Days ','this project for testing','no conditions','chennai',1,1,1,1,0,'2019-12-27 06:03:30','2020-01-12 06:44:01'),(72,1,1,0,'New project','1,2,3','2019-11-11','2019-11-11','2019-12-12','$2000','1 Months 1 Days ','this project for testing','no conditions','chennai',1,1,1,1,0,'2019-12-27 06:03:46','2020-01-12 06:44:01'),(73,1,1,0,'New project','1,2,3','2019-11-11','2019-11-11','2019-12-12','$2000','1 Months 1 Days ','this project for testing','no conditions','chennai',1,1,1,1,0,'2019-12-27 06:03:54','2019-12-27 06:03:54'),(74,1,1,0,'New project','1,2,3','2019-11-11','2019-11-11','2019-12-12','$2000','1 Months 1 Days ','this project for testing','no conditions','chennai',1,1,1,1,0,'2019-12-27 06:04:05','2020-01-12 06:44:02'),(75,1,1,1,'New project','1,2,3','2019-11-11','2019-11-11','2019-12-12','$2000','1 month','this project for testing','no conditions','chennai',1,1,1,1,0,'2019-12-27 07:02:27','2020-01-12 06:44:02'),(76,1,1,1,'New project','1,2,3','2019-11-11','2019-11-11','2019-12-12','$2000','1 month','this project for testing','no conditions','chennai',1,1,1,1,0,'2019-12-27 07:02:44','2020-01-12 06:44:02'),(77,1,1,0,'user@client.com','1,2,3','2019-12-27','2019-12-27','2019-12-30','600088','3 Days ','testing','no conditions','Chennai',2,1,1,1,0,'2019-12-30 06:22:33','2019-12-30 06:36:12'),(78,1,1,0,'user@client.com','1,2,3','2019-12-27','2019-12-27','2019-12-30','600088','3 Days ','testing','no conditions','Chennai',2,1,1,1,0,'2019-12-30 06:22:40','2019-12-30 06:36:13'),(79,1,1,0,'user@client.com','1,2,3','2019-12-27','2019-12-27','2019-12-30','600088','3 Days ','testing','no conditions','Chennai',2,1,1,1,0,'2019-12-30 06:22:49','2019-12-30 06:36:13'),(80,1,1,0,'New Project','1,2','2020-01-02','2020-01-15','2020-02-29','32323','1 Months 14 Days ','testing','testing','Chennai',2,2,1,1,0,'2019-12-30 06:28:12','2019-12-30 06:36:14'),(81,1,1,0,'user@client.com','1','2019-12-28','2019-12-28','2019-12-30','454','2 Days ','testing','','Chennai',0,1,1,1,0,'2019-12-30 07:36:38','2019-12-30 13:50:35'),(82,1,1,0,'Finance','1','2019-12-31','2019-12-23','2019-12-24','25888','1 Days ','FD','','Chennai',3,1,1,1,0,'2019-12-31 10:33:27','2019-12-31 13:57:15'),(83,1,1,0,'Bank','1','2019-12-10','2019-12-12','2019-12-12','2000','0 Days ','testtest','','Chennai',2,1,1,1,0,'2019-12-31 10:40:22','2019-12-31 13:57:15'),(84,1,1,0,'New project','1,2,3','2019-11-11','2019-11-11','2019-12-12','$2000','1 Months 1 Days ','this project for testing','no conditions','chennai',1,1,1,1,0,'2020-01-02 04:12:27','2020-01-02 04:12:27'),(85,1,1,0,'Newproject','1','2019-11-11','2019-11-11','2019-12-12','$2,000','1 Months 1 Days ','thisprojectfortesting','noconditions','chennai',1,1,1,1,0,'2020-01-02 04:14:44','2020-01-11 07:49:13'),(86,1,1,0,'Newproject','1','','2019-11-11','2019-12-12','$2,000','1 Months 1 Days ','thisprojectfortesting','noconditions','chennai',1,1,1,1,0,'2020-01-02 04:14:45','2020-01-11 07:49:14'),(87,1,1,0,'Newproject','1','2019-11-11','2019-11-11','2019-12-12','$2,000','1 Months 1 Days ','thisprojectfortesting','noconditions','',1,1,1,1,0,'2020-01-02 04:14:46','2020-01-11 07:49:14'),(88,1,1,0,'Newproject','1','2019-11-11','2019-11-11','2019-12-12','$2,000','1 Months 1 Days ','thisprojectfortesting','noconditions','chennai',1,1,1,1,0,'2020-01-02 04:14:48','2020-01-11 07:49:14'),(89,1,1,0,'Newproject','1','2019-11-11','2019-11-11','2019-12-12','$2,000','1 Months 1 Days ','','noconditions','chennai',1,1,1,1,0,'2020-01-02 04:14:49','2020-01-11 07:49:15'),(90,1,1,0,'Newproject','1','2019-11-11','2019-11-11','2019-12-12','$2,000','1 Months 1 Days ','thisprojectfortesting','noconditions','chennai',1,1,1,1,0,'2020-01-02 04:14:49','2020-01-11 07:49:15'),(91,1,1,0,'Newproject','1','2019-11-11','2019-11-11','2019-12-12','$2,000','1 Months 1 Days ','thisprojectfortesting','noconditions','chennai',1,1,1,1,0,'2020-01-02 04:14:51','2020-01-11 07:49:16'),(92,1,1,0,'Newproject','1','2019-11-11','2019-11-11','2019-12-12','$2,000','1 Months 1 Days ','thisprojectfortesting','noconditions','chennai',1,1,1,1,0,'2020-01-02 04:14:51','2020-01-11 07:49:16'),(93,1,1,0,'Newproject','1','2019-11-11','2019-11-11','','$2,000','1month','thisprojectfortesting','noconditions','chennai',1,1,1,1,0,'2020-01-02 04:14:52','2020-01-11 07:49:17'),(94,1,1,0,'Newproject','1','2019-11-11','','2019-12-12','$2,000','1month','thisprojectfortesting','noconditions','chennai',1,1,1,1,0,'2020-01-02 04:14:53','2020-01-11 07:49:17'),(95,1,1,0,'Newproject','1','2019-11-11','2019-11-11','2019-12-12','$2,000','1 Months 1 Days ','thisprojectfortesting','','chennai',1,1,1,1,0,'2020-01-02 04:14:54','2020-01-11 07:49:17'),(96,1,1,0,'Newproject','1','2019-11-11','2019-11-11','2019-12-12','$2,000','1 Months 1 Days ','thisprojectfortesting','noconditions','chennai',1,1,1,1,0,'2020-01-02 04:14:54','2020-01-11 07:49:18'),(97,1,1,0,'Newproject','1','2019-11-11','2019-11-11','2019-12-12','$2,000','1 Months 1 Days ','thisprojectfortesting','noconditions','chennai',1,1,1,1,0,'2020-01-02 04:14:55','2020-01-04 12:55:31'),(98,1,1,0,'Newproject','1','2019-11-11','2019-11-11','2019-12-12','$2,000','1 Months 1 Days ','thisprojectfortesting','noconditions','chennai',1,1,1,1,0,'2020-01-02 04:14:56','2020-01-11 07:49:18'),(99,1,1,0,'Newproject','1','2019-11-11','2019-11-11','2019-12-12','$2,000','1 Months 1 Days ','thisprojectfortesting','noconditions','chennai',1,1,1,1,0,'2020-01-02 04:14:56','2020-01-11 07:49:19'),(100,1,1,0,'Newproject','1','2019-11-11','2019-11-11','2019-12-12','$2,000','1 Months 1 Days ','thisprojectfortesting','noconditions','chennai',1,1,1,1,0,'2020-01-02 04:14:57','2020-01-11 07:49:19'),(101,1,1,0,'Newproject','1','2019-11-11','2019-11-11','2019-12-12','$2,000','1 Months 1 Days ','thisprojectfortesting','noconditions','chennai',1,1,1,1,0,'2020-01-02 04:14:58','2020-01-11 07:49:20'),(102,1,1,0,'Newproject','1','2019-11-11','2019-11-11','2019-12-12','$2,000','1 Months 1 Days ','thisprojectfortesting','noconditions','chennai',1,1,1,1,0,'2020-01-02 04:14:58','2020-01-11 07:49:20'),(103,1,1,0,'Newproject','1','2019-11-11','2019-11-11','2019-12-12','$2,000','1 Months 1 Days ','thisprojectfortesting','noconditions','chennai',1,1,1,1,0,'2020-01-02 04:14:59','2020-01-12 06:44:03'),(104,1,1,0,'Newproject','1','2019-11-11','2019-11-11','2019-12-12','$2,000','1 Months 1 Days ','thisprojectfortesting','noconditions','chennai',1,1,1,1,0,'2020-01-02 04:15:00','2020-01-12 06:44:03'),(105,1,1,0,'Newproject','1','2019-11-11','2019-11-11','2019-12-12','$2,000','1 Months 1 Days ','thisprojectfortesting','noconditions','chennai',1,1,1,1,0,'2020-01-02 04:17:57','2020-01-11 07:49:22'),(106,1,1,0,'Newproject','1','','2019-11-11','2019-12-12','$2,000','1 Months 1 Days ','thisprojectfortesting','noconditions','chennai',1,1,1,1,0,'2020-01-02 04:17:58','2020-01-11 07:49:21'),(107,1,1,0,'Newproject','1','2019-11-11','2019-11-11','2019-12-12','$2,000','1 Months 1 Days ','thisprojectfortesting','noconditions','',1,1,1,1,0,'2020-01-02 04:17:59','2020-01-11 07:49:23'),(108,1,1,0,'Newproject','1','2019-11-11','2019-11-11','2019-12-12','$2,000','1 Months 1 Days ','thisprojectfortesting','noconditions','chennai',1,1,1,1,0,'2020-01-02 04:18:01','2020-01-11 07:49:22'),(109,1,1,0,'Newproject','1','2019-11-11','2019-11-11','2019-12-12','$2,000','1 Months 1 Days ','','noconditions','chennai',1,1,1,1,0,'2020-01-02 04:18:01','2020-01-11 07:49:23'),(110,1,1,0,'Newproject','1','2019-11-11','2019-11-11','2019-12-12','$2,000','1 Months 1 Days ','thisprojectfortesting','noconditions','chennai',1,1,1,1,0,'2020-01-02 04:18:02','2020-01-11 07:49:24'),(111,1,1,0,'Newproject','1','2019-11-11','2019-11-11','2019-12-12','$2,000','1 Months 1 Days ','thisprojectfortesting','noconditions','chennai',1,1,1,1,0,'2020-01-02 04:18:03','2020-01-11 07:49:24'),(112,1,1,0,'Newproject','1','2019-11-11','2019-11-11','2019-12-12','$2,000','1 Months 1 Days ','thisprojectfortesting','noconditions','chennai',1,1,1,1,0,'2020-01-02 04:18:04','2020-01-11 07:49:24'),(113,1,1,0,'Newproject','1','2019-11-11','2019-11-11','','$2,000','1month','thisprojectfortesting','noconditions','chennai',1,1,1,1,0,'2020-01-02 04:18:05','2020-01-11 07:49:25'),(114,1,1,0,'Newproject','1','2019-11-11','','2019-12-12','$2,000','1month','thisprojectfortesting','noconditions','chennai',1,1,1,1,0,'2020-01-02 04:18:06','2020-01-11 07:49:25'),(115,1,1,0,'Newproject','1','2019-11-11','2019-11-11','2019-12-12','$2,000','1 Months 1 Days ','thisprojectfortesting','','chennai',1,1,1,1,0,'2020-01-02 04:18:07','2020-01-11 07:49:26'),(116,1,1,0,'Newproject','1','2019-11-11','2019-11-11','2019-12-12','$2,000','1 Months 1 Days ','thisprojectfortesting','noconditions','chennai',1,1,1,1,0,'2020-01-02 04:18:07','2020-01-11 07:49:26'),(117,1,1,0,'Newproject','1','2019-11-11','2019-11-11','2019-12-12','$2,000','1 Months 1 Days ','thisprojectfortesting','noconditions','chennai',1,1,1,1,0,'2020-01-02 04:18:08','2020-01-04 12:55:10'),(118,1,1,0,'Newproject','1','2019-11-11','2019-11-11','2019-12-12','$2,000','1 Months 1 Days ','thisprojectfortesting','noconditions','chennai',1,1,1,1,0,'2020-01-02 04:18:09','2020-01-11 07:49:27'),(119,1,1,0,'Newproject','1','2019-11-11','2019-11-11','2019-12-12','$2,000','1 Months 1 Days ','thisprojectfortesting','noconditions','chennai',1,1,1,1,0,'2020-01-02 04:18:09','2020-01-11 07:49:27'),(120,1,1,0,'Newproject','1','2019-11-11','2019-11-11','2019-12-12','$2,000','1 Months 1 Days ','thisprojectfortesting','noconditions','chennai',1,1,1,1,0,'2020-01-02 04:18:10','2020-01-11 07:49:27'),(121,1,4646,0,'Newproject','1','2019-11-11','2019-11-11','2019-12-12','$2,000','1 Months 1 Days ','thisprojectfortesting','noconditions','chennai',1,1,1,1,0,'2020-01-02 04:18:11','2020-01-11 07:49:28'),(122,6767,1,0,'Newproject','1','2019-11-11','2019-11-11','2019-12-12','$2,000','1 Months 1 Days ','thisprojectfortesting','noconditions','chennai',1,1,1,1,0,'2020-01-02 04:18:11','2020-01-11 07:49:28'),(123,1,1,0,'Newproject','1','2019-11-11','2019-11-11','2019-12-12','$2,000','1 Months 1 Days ','thisprojectfortesting','noconditions','chennai',1,1,1,1,0,'2020-01-02 04:18:12','2020-01-12 06:44:04'),(124,1,1,0,'Newproject','1','2019-11-11','2019-11-11','2019-12-12','$2,000','1 Months 1 Days ','thisprojectfortesting','noconditions','chennai',1,1,1,1,0,'2020-01-02 04:18:13','2020-01-12 06:44:04'),(125,1,1,0,'ABT ','1','2020-01-02','2020-01-02','2020-01-31','200000','29 Days ','Material','','Chennai',2,2,1,1,0,'2020-01-02 06:47:22','2020-01-04 12:52:22'),(126,1,1,0,'ABT ','1','2020-01-02','2020-01-02','2020-01-31','200000','29 Days ','Material','','Chennai',2,2,1,1,0,'2020-01-02 06:50:34','2020-01-04 12:52:23'),(127,1,1,0,'ABT ','1','2020-01-02','2020-01-02','2020-01-31','200000','29 Days ','Material','','Chennai',2,1,1,1,0,'2020-01-02 06:50:36','2020-01-04 12:52:22'),(128,1,1,0,'ABT ','1','2020-01-02','2020-01-02','2020-01-31','200000','29 Days ','Material','','Chennai',2,1,1,1,0,'2020-01-02 06:50:40','2020-01-04 12:52:23'),(129,1,1,0,'Painter1','1','2020-01-29','2020-01-21','2020-01-28','2333','7 Days ','tst','','Chennai',1,1,1,1,0,'2020-01-04 13:07:50','2020-01-04 14:17:30'),(130,1,1,0,'Painter1','1','2020-01-29','2020-01-21','2020-01-28','2333','7 Days ','tst','','Chennai',0,1,1,1,0,'2020-01-04 13:38:13','2020-01-04 14:17:30'),(131,1,1,0,'Nproje','1,2','2020-01-07','2020-01-16','2020-01-31','2343','15 Days ','Som decription','Some condition','Chennai',2,2,1,1,0,'2020-01-06 07:12:10','2020-01-06 07:12:10'),(132,1,1,0,'Methane','1,2','2020-01-06','2020-01-06','2020-01-06','200000','0 Days ','Test','','Chennai',0,2,1,1,0,'2020-01-06 14:32:36','2020-01-06 14:32:36'),(133,1,1,0,'Methane','1,2','2020-01-06','2020-01-06','2020-01-06','200000','0 Days ','Test','','Chennai',0,2,1,1,0,'2020-01-06 14:33:30','2020-01-06 14:33:30'),(134,2,1,0,'Test Project','2,3,99,100','2020-01-08','2020-01-15','2020-01-31','9000','16 Days ','Test description','Test Condition','Chennai',2,1,1,1,0,'2020-01-07 14:52:49','2020-01-07 14:52:49'),(135,2,1,0,'MyTestProj','1,4,5','2020-01-10','2020-01-12','2020-01-30','15000','18 Days ','Some flooring work needs to be done','Nothing special','Chennai',3,1,1,1,0,'2020-01-08 06:35:51','2020-01-08 06:35:51'),(136,1,1,0,'New project','1,2,3','2019-11-11','2019-11-11','2019-12-12','$2000','1 Months 1 Days ','this project for testing','no conditions','chennai',1,1,1,1,0,'2020-01-08 07:26:33','2020-01-08 07:26:33'),(137,1,1,0,'test','1,2','2020-01-08','2020-01-10','2020-01-25','150000','15 Days ','Testing project','','Chennai',2,1,1,1,0,'2020-01-08 07:30:48','2020-01-08 07:30:48'),(138,1,1,0,'Test','1,2','2020-01-30','2020-01-31','2020-01-31','1000','0 Days ','Test','','Chennai',2,1,1,1,0,'2020-01-08 07:35:23','2020-01-08 07:35:23'),(139,1,1,0,'New Project','1,2','2020-01-09','2020-01-10','2020-01-11','1100','1 Days ','Test','','Chennai',2,1,1,1,0,'2020-01-08 07:38:34','2020-01-08 07:38:34'),(140,1,1,0,'New Project','1,2','2020-01-09','2020-01-10','2020-01-11','1100','1 Days ','Test','','Chennai',2,1,1,1,0,'2020-01-08 07:50:38','2020-01-08 07:50:38'),(141,1,1,0,'New Project','1,2','2020-01-09','2020-01-10','2020-01-11','1100','1 Days ','Test','','Chennai',2,1,1,1,0,'2020-01-08 07:51:05','2020-01-08 07:51:05'),(142,1,1,0,'ASP','1,2','2020-01-11','2020-01-09','2020-01-22','52000000.25','13 Days ','build','','Chennai',0,1,1,1,0,'2020-01-08 12:05:32','2020-01-08 12:05:32'),(143,1,1,0,'ASP','1,2','2020-01-11','2020-01-09','2020-01-22','52000000.25','13 Days ','build','','Chennai',0,1,1,1,0,'2020-01-08 12:07:40','2020-01-08 12:07:40'),(144,1,1,0,'1/31/2020','1,2','2020-01-15','2020-01-16','2020-01-25','888888','9 Days ','1111','','Chennai',0,1,1,1,0,'2020-01-08 12:11:40','2020-01-08 12:11:40'),(145,1,1,0,'1/31/2020','1,2','2020-01-15','2020-01-16','2020-01-25','888888','9 Days ','1111','','Chennai',0,1,1,1,0,'2020-01-08 12:11:45','2020-01-08 12:11:45'),(146,1,1,0,'RST','1,2','2020-01-13','2020-01-15','2020-01-17','111455222.25','2 Days ','Test desc','test spl conditions','Chennai',1,1,1,1,0,'2020-01-08 12:56:45','2020-01-08 12:56:45'),(147,1,1,0,'RST1','1,2','2020-01-13','2020-01-15','2020-01-17','111455222.25','2 Days ','Test desc','test spl conditions','Chennai',1,1,1,1,0,'2020-01-08 12:59:44','2020-01-08 12:59:44'),(148,1,1,0,'PRJ','113,114,115,119','2020-01-10','2020-01-10','2020-01-10','110000','0 Days ','Sq.ft','Sq.ft','Chennai',3,1,1,1,0,'2020-01-09 07:16:26','2020-01-09 07:16:26'),(149,1,1,0,'Newproject','12','2019-11-11','2019-11-11','2019-12-12','$2,000','1 Months 1 Days ','thisprojectfortesting','noconditions','chennai',1,1,1,1,0,'2020-01-10 02:57:18','2020-01-10 07:06:47'),(150,1,1,0,'Newproject','12','','2019-11-11','2019-12-12','$2,000','1 Months 1 Days ','thisprojectfortesting','noconditions','chennai',1,1,1,1,0,'2020-01-10 02:57:20','2020-01-10 07:06:47'),(151,1,1,0,'Newproject','12','2019-11-11','2019-11-11','2019-12-12','$2,000','1 Months 1 Days ','thisprojectfortesting','noconditions','',1,1,1,1,0,'2020-01-10 02:57:21','2020-01-10 07:06:48'),(152,1,1,0,'Newproject','12','2019-11-11','2019-11-11','2019-12-12','$2,000','1 Months 1 Days ','thisprojectfortesting','noconditions','chennai',1,1,1,1,0,'2020-01-10 02:57:23','2020-01-10 12:45:26'),(153,1,1,0,'Newproject','12','2019-11-11','2019-11-11','2019-12-12','$2,000','1 Months 1 Days ','','noconditions','chennai',1,1,1,1,0,'2020-01-10 02:57:23','2020-01-10 07:06:49'),(154,1,1,0,'Newproject','12','2019-11-11','2019-11-11','2019-12-12','$2,000','1 Months 1 Days ','thisprojectfortesting','noconditions','chennai',1,1,1,1,0,'2020-01-10 02:57:24','2020-01-10 07:06:50'),(155,1,1,0,'Newproject','1','2019-11-11','2019-11-11','2019-12-12','$2,000','1 Months 1 Days ','thisprojectfortesting','noconditions','chennai',1,1,1,1,0,'2020-01-10 02:57:25','2020-01-10 12:45:26'),(156,1,1,0,'Newproject','1','2019-11-11','2019-11-11','2019-12-12','$2,000','1 Months 1 Days ','thisprojectfortesting','noconditions','chennai',1,1,1,1,0,'2020-01-10 02:57:26','2020-01-10 12:45:25'),(157,1,1,0,'Newproject','1','2019-11-11','2019-11-11','','$2,000','1month','thisprojectfortesting','noconditions','chennai',1,1,1,1,0,'2020-01-10 02:57:27','2020-01-10 07:06:51'),(158,1,1,0,'Newproject','1','2019-11-11','','2019-12-12','$2,000','1month','thisprojectfortesting','noconditions','chennai',1,1,1,1,0,'2020-01-10 02:57:28','2020-01-10 07:06:51'),(159,1,1,0,'Newproject','1','2019-11-11','2019-11-11','2019-12-12','$2,000','1 Months 1 Days ','thisprojectfortesting','','chennai',1,1,1,1,0,'2020-01-10 02:57:29','2020-01-10 07:06:52'),(160,1,1,0,'Newproject','1','2019-11-11','2019-11-11','2019-12-12','$2,000','1 Months 1 Days ','thisprojectfortesting','noconditions','chennai',1,1,1,1,0,'2020-01-10 02:57:30','2020-01-10 12:45:25'),(161,1,1,0,'Newproject','1','2019-11-11','2019-11-11','2019-12-12','$2,000','1 Months 1 Days ','thisprojectfortesting','noconditions','chennai',1,1,1,1,0,'2020-01-10 02:57:30','2020-01-10 07:03:35'),(162,1,1,0,'Newproject','12','2019-11-11','2019-11-11','2019-12-12','$2,000','1 Months 1 Days ','thisprojectfortesting','noconditions','chennai',1,1,1,1,0,'2020-01-10 02:57:31','2020-01-10 07:06:46'),(163,1,1,0,'Newproject','12','2019-11-11','2019-11-11','2019-12-12','$2,000','1 Months 1 Days ','thisprojectfortesting','noconditions','chennai',1,1,1,1,0,'2020-01-10 02:57:32','2020-01-10 07:06:46'),(164,1,1,0,'Newproject','12','2019-11-11','2019-11-11','2019-12-12','$2,000','1 Months 1 Days ','thisprojectfortesting','noconditions','chennai',1,1,1,1,0,'2020-01-10 02:57:32','2020-01-10 07:06:45'),(165,1,2,0,'Newproject','12','2019-11-11','2019-11-11','2019-12-12','$2,000','1 Months 1 Days ','thisprojectfortesting','noconditions','chennai',1,1,1,1,0,'2020-01-10 02:57:33','2020-01-10 07:23:38'),(166,2,1,0,'Newproject','12','2019-11-11','2019-11-11','2019-12-12','$2,000','1 Months 1 Days ','thisprojectfortesting','noconditions','chennai',1,1,1,1,0,'2020-01-10 02:57:33','2020-01-10 07:23:38'),(167,1,1,0,'Newproject','12','2019-11-11','2019-11-11','2019-12-12','$2,000','1 Months 1 Days ','thisprojectfortesting','noconditions','chennai',1,1,1,1,0,'2020-01-10 02:57:34','2020-01-12 06:44:05'),(168,1,1,0,'Newproject','12','2019-11-11','2019-11-11','2019-12-12','$2,000','1 Months 1 Days ','thisprojectfortesting','noconditions','chennai',1,1,1,1,0,'2020-01-10 02:57:35','2020-01-12 06:44:05'),(169,1,1,1,'Newproject','12','2019-11-11','2019-11-11','2019-12-12','$2,000','1month','thisprojectfortesting','noconditions','chennai',1,1,1,1,0,'2020-01-10 03:04:45','2020-01-12 06:44:05'),(170,1,1,1,'Newproject','12','2019-11-11','2019-11-11','2019-12-12','$2,000','1month','thisprojectfortesting','noconditions','chennai',1,1,1,1,0,'2020-01-10 03:05:00','2020-01-12 06:44:06'),(171,129,1,0,'Test','4,5','2020-01-15','2020-01-15','2020-01-15','12334445','0 Days','AMount reduced','Term basis','Chennai',2,2,1,1,0,'2020-01-16 10:41:56','2020-01-16 10:41:56'),(172,1,1,0,'Exterior window cleaning ','39','2020-03-31','2020-04-15','2020-05-01','10000','16 Days','High rise window cleaning, 30 floors','','Chennai',2,1,1,1,0,'2020-01-17 20:09:10','2020-01-17 20:09:10'),(173,1,1,0,'test project123','1','2020-01-30','2020-01-20','2020-01-31','2000','11 Days','test','','Chennai',2,1,1,1,0,'2020-01-20 07:38:18','2020-01-20 07:38:18'),(174,1,1,0,'Project 2','31,32','2020-01-31','2020-01-01','2020-01-31','50000','30 Days','test','','Chennai',3,1,1,1,0,'2020-01-20 11:54:40','2020-01-20 11:54:40'),(175,145,1,0,'Project 1','3','2020-01-22','2020-01-30','2020-01-29','345000','-1 Days','test','','Chennai',3,1,1,1,0,'2020-01-21 10:58:27','2020-01-21 10:58:27'),(176,153,1,0,'RB Project1','123','2020-01-31','2020-01-23','2020-01-31','20000','8 Days','63','','Chennai',1,1,1,1,0,'2020-01-22 06:58:39','2020-01-22 06:58:39'),(177,153,1,0,'RB2','123','2020-01-31','2020-01-23','2020-01-31','40000','8 Days','TEst','','Chennai',3,1,1,1,0,'2020-01-22 12:02:01','2020-01-22 12:02:01'),(178,153,1,0,'RB2','123','2020-01-31','2020-01-23','2020-01-31','40000','8 Days','TEst','','Chennai',3,1,1,1,0,'2020-01-22 12:02:25','2020-01-22 12:02:25'),(179,153,1,0,'RB2','123','2020-01-31','2020-01-23','2020-01-31','40000','8 Days','TEst','','Chennai',3,1,1,1,0,'2020-01-22 12:02:28','2020-01-22 12:02:28'),(180,153,1,0,'RB2','123','2020-01-31','2020-01-23','2020-01-31','40000','8 Days','TEst','','Chennai',3,1,1,1,0,'2020-01-22 12:02:28','2020-01-22 12:02:28'),(181,153,1,0,'RB2','123','2020-01-31','2020-01-23','2020-01-31','40000','8 Days','TEst','','Chennai',3,1,1,1,0,'2020-01-22 12:02:28','2020-01-22 12:02:28');
/*!40000 ALTER TABLE `projects` ENABLE KEYS */;
UNLOCK TABLES;

--
-- Table structure for table `service_cities`
--

DROP TABLE IF EXISTS `service_cities`;
/*!40101 SET @saved_cs_client     = @@character_set_client */;
/*!50503 SET character_set_client = utf8mb4 */;
CREATE TABLE `service_cities` (
  `id` int(11) NOT NULL AUTO_INCREMENT,
  `city_name` varchar(255) DEFAULT NULL,
  `city_province` varchar(255) DEFAULT NULL,
  `status` int(11) DEFAULT NULL,
  `created_at` timestamp NOT NULL DEFAULT CURRENT_TIMESTAMP,
  `modified_date` timestamp NOT NULL DEFAULT CURRENT_TIMESTAMP ON UPDATE CURRENT_TIMESTAMP,
  PRIMARY KEY (`id`)
) ENGINE=InnoDB AUTO_INCREMENT=300 DEFAULT CHARSET=latin1;
/*!40101 SET character_set_client = @saved_cs_client */;

--
-- Dumping data for table `service_cities`
--

LOCK TABLES `service_cities` WRITE;
/*!40000 ALTER TABLE `service_cities` DISABLE KEYS */;
INSERT INTO `service_cities` VALUES (1,'Toronto','',1,'2019-12-23 12:25:42','2019-12-23 12:32:22'),(2,'Montreal','',1,'2019-12-23 12:25:42','2019-12-23 12:32:22'),(3,'Calgary','',1,'2019-12-23 12:25:42','2019-12-23 12:32:22'),(4,'Ottawa','',1,'2019-12-23 12:25:42','2019-12-23 12:32:22'),(5,'Edmonton','',1,'2019-12-23 12:25:42','2019-12-23 12:32:22'),(6,'Mississauga','',1,'2019-12-23 12:25:42','2019-12-23 12:32:22'),(7,'Winnipeg','',1,'2019-12-23 12:25:42','2019-12-23 12:32:22'),(8,'Vancouver','',1,'2019-12-23 12:25:42','2019-12-23 12:32:22'),(9,'Brampton','',1,'2019-12-23 12:25:42','2019-12-23 12:32:22'),(10,'Hamilton','',1,'2019-12-23 12:25:42','2019-12-23 12:32:22'),(11,'Quebec City','',1,'2019-12-23 12:25:42','2019-12-23 12:32:22'),(12,'Surrey','',1,'2019-12-23 12:25:42','2019-12-23 12:32:22'),(13,'Laval','',1,'2019-12-23 12:25:42','2019-12-23 12:32:22'),(14,'Halifax','',1,'2019-12-23 12:25:42','2019-12-23 12:32:22'),(15,'London','',1,'2019-12-23 12:25:42','2019-12-23 12:32:22'),(16,'Markham','',1,'2019-12-23 12:25:42','2019-12-23 12:32:22'),(17,'Vaughan','',1,'2019-12-23 12:25:42','2019-12-23 12:32:22'),(18,'Gatineau','',1,'2019-12-23 12:25:42','2019-12-23 12:32:22'),(19,'Saskatoon','',1,'2019-12-23 12:25:42','2019-12-23 12:32:22'),(20,'Longueuil','',1,'2019-12-23 12:25:42','2019-12-23 12:32:22'),(21,'Kitchener','',1,'2019-12-23 12:25:42','2019-12-23 12:32:22'),(22,'Burnaby','',1,'2019-12-23 12:25:42','2019-12-23 12:32:22'),(23,'Windsor','',1,'2019-12-23 12:25:42','2019-12-23 12:32:22'),(24,'Regina','',1,'2019-12-23 12:25:42','2019-12-23 12:32:22'),(25,'Richmond','',1,'2019-12-23 12:25:42','2019-12-23 12:32:22'),(26,'Richmond Hill','',1,'2019-12-23 12:25:42','2019-12-23 12:32:22'),(27,'Oakville','',1,'2019-12-23 12:25:42','2019-12-23 12:32:22'),(28,'Burlington','',1,'2019-12-23 12:25:42','2019-12-23 12:32:22'),(29,'Greater Sudbury','',1,'2019-12-23 12:25:42','2019-12-23 12:32:22'),(30,'Sherbrooke','',1,'2019-12-23 12:25:42','2019-12-23 12:32:22'),(31,'Oshawa','',1,'2019-12-23 12:25:42','2019-12-23 12:32:22'),(32,'Saguenay','',1,'2019-12-23 12:25:42','2019-12-23 12:32:22'),(33,'Levis','',1,'2019-12-23 12:25:42','2019-12-23 12:32:22'),(34,'Barrie','',1,'2019-12-23 12:25:42','2019-12-23 12:32:22'),(35,'Abbotsford','',1,'2019-12-23 12:25:42','2019-12-23 12:32:22'),(36,'Coquitlam','',1,'2019-12-23 12:25:42','2019-12-23 12:32:22'),(37,'Trois-Rivieres','',1,'2019-12-23 12:25:42','2019-12-23 12:32:22'),(38,'St. Catharines','',1,'2019-12-23 12:25:42','2019-12-23 12:32:22'),(39,'Guelph','',1,'2019-12-23 12:25:42','2019-12-23 12:32:22'),(40,'Cambridge','',1,'2019-12-23 12:25:42','2019-12-23 12:32:22'),(41,'Whitby','',1,'2019-12-23 12:25:42','2019-12-23 12:32:22'),(42,'Kelowna','',1,'2019-12-23 12:25:42','2019-12-23 12:32:22'),(43,'Kingston','',1,'2019-12-23 12:25:42','2019-12-23 12:32:22'),(44,'Ajax','',1,'2019-12-23 12:25:42','2019-12-23 12:32:22'),(45,'Langley','',1,'2019-12-23 12:25:42','2019-12-23 12:32:22'),(46,'Saanich','',1,'2019-12-23 12:25:42','2019-12-23 12:32:22'),(47,'Terrebonne','',1,'2019-12-23 12:25:42','2019-12-23 12:32:22'),(48,'Milton','',1,'2019-12-23 12:25:42','2019-12-23 12:32:22'),(49,'St. John\'s','',1,'2019-12-23 12:25:42','2019-12-23 12:32:22'),(50,'Thunder Bay','',1,'2019-12-23 12:25:42','2019-12-23 12:32:22'),(51,'Waterloo','',1,'2019-12-23 12:25:42','2019-12-23 12:32:22'),(52,'Delta','',1,'2019-12-23 12:25:42','2019-12-23 12:32:22'),(53,'Chatham-Kent','',1,'2019-12-23 12:25:42','2019-12-23 12:32:22'),(54,'Red Deer','',1,'2019-12-23 12:25:42','2019-12-23 12:32:22'),(55,'Strathcona County','',1,'2019-12-23 12:25:42','2019-12-23 12:32:22'),(56,'Brantford','',1,'2019-12-23 12:25:42','2019-12-23 12:32:22'),(57,'Saint-Jean-sur-Richelieu','',1,'2019-12-23 12:25:42','2019-12-23 12:32:22'),(58,'Cape Breton','',1,'2019-12-23 12:25:42','2019-12-23 12:32:22'),(59,'Lethbridge','',1,'2019-12-23 12:25:42','2019-12-23 12:32:22'),(60,'Clarington','',1,'2019-12-23 12:25:42','2019-12-23 12:32:22'),(61,'Pickering','',1,'2019-12-23 12:25:42','2019-12-23 12:32:22'),(62,'Nanaimo','',1,'2019-12-23 12:25:42','2019-12-23 12:32:22'),(63,'Kamloops','',1,'2019-12-23 12:25:42','2019-12-23 12:32:22'),(64,'Niagara Falls','',1,'2019-12-23 12:25:42','2019-12-23 12:32:22'),(65,'North Vancouver','',1,'2019-12-23 12:25:42','2019-12-23 12:32:22'),(66,'Victoria','',1,'2019-12-23 12:25:42','2019-12-23 12:32:22'),(67,'Brossard','',1,'2019-12-23 12:25:42','2019-12-23 12:32:22'),(68,'Repentigny','',1,'2019-12-23 12:25:42','2019-12-23 12:32:22'),(69,'Newmarket','',1,'2019-12-23 12:25:42','2019-12-23 12:32:22'),(70,'Chilliwack','',1,'2019-12-23 12:25:42','2019-12-23 12:32:22'),(71,'Maple Ridge','',1,'2019-12-23 12:25:42','2019-12-23 12:32:22'),(72,'Peterborough','',1,'2019-12-23 12:25:42','2019-12-23 12:32:22'),(73,'Kawartha Lakes','',1,'2019-12-23 12:25:42','2019-12-23 12:32:22'),(74,'Drummondville','',1,'2019-12-23 12:25:42','2019-12-23 12:32:22'),(75,'Saint-Jerome','',1,'2019-12-23 12:25:42','2019-12-23 12:32:22'),(76,'Prince George','',1,'2019-12-23 12:25:42','2019-12-23 12:32:22'),(77,'Sault Ste. Marie','',1,'2019-12-23 12:25:42','2019-12-23 12:32:22'),(78,'Moncton','',1,'2019-12-23 12:25:42','2019-12-23 12:32:22'),(79,'Sarnia','',1,'2019-12-23 12:25:42','2019-12-23 12:32:22'),(80,'Wood Buffalo','',1,'2019-12-23 12:25:42','2019-12-23 12:32:22'),(81,'New Westminster','',1,'2019-12-23 12:25:42','2019-12-23 12:32:22'),(82,'Saint John','',1,'2019-12-23 12:25:42','2019-12-23 12:32:22'),(83,'Caledon','',1,'2019-12-23 12:25:42','2019-12-23 12:32:22'),(84,'Granby','',1,'2019-12-23 12:25:42','2019-12-23 12:32:22'),(85,'St. Albert','',1,'2019-12-23 12:25:42','2019-12-23 12:32:22'),(86,'Norfolk County','',1,'2019-12-23 12:25:42','2019-12-23 12:32:22'),(87,'Medicine Hat','',1,'2019-12-23 12:25:42','2019-12-23 12:32:22'),(88,'Grande Prairie','',1,'2019-12-23 12:25:42','2019-12-23 12:32:22'),(89,'Airdrie','',1,'2019-12-23 12:25:42','2019-12-23 12:32:22'),(90,'Halton Hills','',1,'2019-12-23 12:25:42','2019-12-23 12:32:22'),(91,'Port Coquitlam','',1,'2019-12-23 12:25:42','2019-12-23 12:32:22'),(92,'Fredericton','',1,'2019-12-23 12:25:42','2019-12-23 12:32:22'),(93,'Blainville','',1,'2019-12-23 12:25:42','2019-12-23 12:32:22'),(94,'Saint-Hyacinthe','',1,'2019-12-23 12:25:42','2019-12-23 12:32:22'),(95,'Aurora','',1,'2019-12-23 12:25:42','2019-12-23 12:32:22'),(96,'Welland','',1,'2019-12-23 12:25:42','2019-12-23 12:32:22'),(97,'North Bay','',1,'2019-12-23 12:25:42','2019-12-23 12:32:22'),(98,'Belleville','',1,'2019-12-23 12:25:42','2019-12-23 12:32:22'),(99,'Mirabel','',1,'2019-12-23 12:25:42','2019-12-23 12:32:22'),(100,'Bancroft','',1,'2019-12-23 12:25:42','2019-12-23 12:32:22'),(101,'Barrie','',1,'2019-12-23 12:25:42','2019-12-23 12:32:22'),(102,'Belleville','',1,'2019-12-23 12:25:42','2019-12-23 12:32:22'),(103,'Brampton','',1,'2019-12-23 12:25:42','2019-12-23 12:32:22'),(104,'Brantford','',1,'2019-12-23 12:25:42','2019-12-23 12:32:22'),(105,'Brockville','',1,'2019-12-23 12:25:42','2019-12-23 12:32:22'),(106,'Burlington','',1,'2019-12-23 12:25:42','2019-12-23 12:32:22'),(107,'Cambridge','',1,'2019-12-23 12:25:42','2019-12-23 12:32:22'),(108,'Chatham','',1,'2019-12-23 12:25:42','2019-12-23 12:32:22'),(109,'Chatham-Kent','',1,'2019-12-23 12:25:42','2019-12-23 12:32:22'),(110,'Cornwall','',1,'2019-12-23 12:25:42','2019-12-23 12:32:22'),(111,'Elliot Lake','',1,'2019-12-23 12:25:42','2019-12-23 12:32:22'),(112,'Etobicoke','',1,'2019-12-23 12:25:42','2019-12-23 12:32:22'),(113,'Fort Erie','',1,'2019-12-23 12:25:42','2019-12-23 12:32:22'),(114,'Fort Frances','',1,'2019-12-23 12:25:42','2019-12-23 12:32:22'),(115,'Gananoque','',1,'2019-12-23 12:25:42','2019-12-23 12:32:22'),(116,'Guelph','',1,'2019-12-23 12:25:42','2019-12-23 12:32:22'),(117,'Hamilton','',1,'2019-12-23 12:25:42','2019-12-23 12:32:22'),(118,'Iroquois Falls','',1,'2019-12-23 12:25:42','2019-12-23 12:32:22'),(119,'Kapuskasing','',1,'2019-12-23 12:25:42','2019-12-23 12:32:22'),(120,'Kawartha Lakes','',1,'2019-12-23 12:25:42','2019-12-23 12:32:22'),(121,'Kenora','',1,'2019-12-23 12:25:42','2019-12-23 12:32:22'),(122,'Kingston','',1,'2019-12-23 12:25:42','2019-12-23 12:32:22'),(123,'Kirkland Lake','',1,'2019-12-23 12:25:42','2019-12-23 12:32:22'),(124,'Kitchener','',1,'2019-12-23 12:25:42','2019-12-23 12:32:22'),(125,'Laurentian Hills','',1,'2019-12-23 12:25:42','2019-12-23 12:32:22'),(126,'London','',1,'2019-12-23 12:25:42','2019-12-23 12:32:22'),(127,'Midland','',1,'2019-12-23 12:25:42','2019-12-23 12:32:22'),(128,'Mississauga','',1,'2019-12-23 12:25:42','2019-12-23 12:32:22'),(129,'Moose Factory','',1,'2019-12-23 12:25:42','2019-12-23 12:32:22'),(130,'Moosonee','',1,'2019-12-23 12:25:42','2019-12-23 12:32:22'),(131,'Niagara Falls','',1,'2019-12-23 12:25:42','2019-12-23 12:32:22'),(132,'Niagara-on-the-Lake','',1,'2019-12-23 12:25:42','2019-12-23 12:32:22'),(133,'North Bay','',1,'2019-12-23 12:25:42','2019-12-23 12:32:22'),(134,'North York','',1,'2019-12-23 12:25:42','2019-12-23 12:32:22'),(135,'Oakville','',1,'2019-12-23 12:25:42','2019-12-23 12:32:22'),(136,'Orillia','',1,'2019-12-23 12:25:42','2019-12-23 12:32:22'),(137,'Oshawa','',1,'2019-12-23 12:25:42','2019-12-23 12:32:22'),(138,'Ottawa','',1,'2019-12-23 12:25:42','2019-12-23 12:32:22'),(139,'Parry Sound','',1,'2019-12-23 12:25:42','2019-12-23 12:32:22'),(140,'Perth','',1,'2019-12-23 12:25:42','2019-12-23 12:32:22'),(141,'Peterborough','',1,'2019-12-23 12:25:42','2019-12-23 12:32:22'),(142,'Picton','',1,'2019-12-23 12:25:42','2019-12-23 12:32:22'),(143,'Port Colborne','',1,'2019-12-23 12:25:42','2019-12-23 12:32:22'),(144,'Saint Catharines','',1,'2019-12-23 12:25:42','2019-12-23 12:32:22'),(145,'Saint Thomas','',1,'2019-12-23 12:25:42','2019-12-23 12:32:22'),(146,'Sarnia-Clearwater','',1,'2019-12-23 12:25:42','2019-12-23 12:32:22'),(147,'Sault Sainte Marie','',1,'2019-12-23 12:25:42','2019-12-23 12:32:22'),(148,'Scarborough','',1,'2019-12-23 12:25:42','2019-12-23 12:32:22'),(149,'Simcoe','',1,'2019-12-23 12:25:42','2019-12-23 12:32:22'),(150,'Stratford','',1,'2019-12-23 12:25:42','2019-12-23 12:32:22'),(151,'Sudbury','',1,'2019-12-23 12:25:42','2019-12-23 12:32:22'),(152,'Temiskaming Shores','',1,'2019-12-23 12:25:42','2019-12-23 12:32:22'),(153,'Thorold','',1,'2019-12-23 12:25:42','2019-12-23 12:32:22'),(154,'Thunder Bay','',1,'2019-12-23 12:25:42','2019-12-23 12:32:22'),(155,'Timmins','',1,'2019-12-23 12:25:42','2019-12-23 12:32:22'),(156,'Toronto','',1,'2019-12-23 12:25:42','2019-12-23 12:32:22'),(157,'Trenton','',1,'2019-12-23 12:25:42','2019-12-23 12:32:22'),(158,'Waterloo','',1,'2019-12-23 12:25:42','2019-12-23 12:32:22'),(159,'Welland','',1,'2019-12-23 12:25:42','2019-12-23 12:32:22'),(160,'West Nipissing','',1,'2019-12-23 12:25:42','2019-12-23 12:32:22'),(161,'Windsor','',1,'2019-12-23 12:25:42','2019-12-23 12:32:22'),(162,'Woodstock','',1,'2019-12-23 12:25:42','2019-12-23 12:32:22'),(163,'York','',1,'2019-12-23 12:25:42','2019-12-23 12:32:22'),(164,'Uxbridge','',1,'2019-12-23 12:25:42','2019-12-23 12:32:22'),(165,'Innisfil','',1,'2019-12-23 12:25:42','2019-12-23 12:32:22'),(166,'Thornhill','',1,'2019-12-23 12:25:42','2019-12-23 12:32:22'),(167,'Orangeville','',1,'2019-12-23 12:25:42','2019-12-23 12:32:22'),(168,'Stouffville','',1,'2019-12-23 12:25:42','2019-12-23 12:32:22'),(169,'Concord','',1,'2019-12-23 12:25:42','2019-12-23 12:32:22'),(170,'Keswick','',1,'2019-12-23 12:25:42','2019-12-23 12:32:22'),(171,'Woodbridge','',1,'2019-12-23 12:25:42','2019-12-23 12:32:22'),(172,'Stoney Creek','',1,'2019-12-23 12:25:42','2019-12-23 12:32:22'),(173,'Frankford','',1,'2019-12-23 12:25:42','2019-12-23 12:32:22'),(174,'Owen Sound','',1,'2019-12-23 12:25:42','2019-12-23 12:32:22'),(175,'Don Mills','',1,'2019-12-23 12:25:42','2019-12-23 12:32:22'),(176,'Maple','',1,'2019-12-23 12:25:42','2019-12-23 12:32:22'),(177,'Petrolia','',1,'2019-12-23 12:25:42','2019-12-23 12:32:22'),(178,'Banff','',1,'2019-12-23 12:25:42','2019-12-23 12:32:22'),(179,'Brooks','',1,'2019-12-23 12:25:42','2019-12-23 12:32:22'),(180,'Fort McMurray','',1,'2019-12-23 12:25:42','2019-12-23 12:32:22'),(181,'Jasper','',1,'2019-12-23 12:25:42','2019-12-23 12:32:22'),(182,'Lake Louise','',1,'2019-12-23 12:25:42','2019-12-23 12:32:22'),(183,'Saint Albert','',1,'2019-12-23 12:25:42','2019-12-23 12:32:22'),(184,'Barkerville','',1,'2019-12-23 12:25:42','2019-12-23 12:32:22'),(185,'Campbell River','',1,'2019-12-23 12:25:42','2019-12-23 12:32:22'),(186,'Courtenay','',1,'2019-12-23 12:25:42','2019-12-23 12:32:22'),(187,'Cranbrook','',1,'2019-12-23 12:25:42','2019-12-23 12:32:22'),(188,'Dawson Creek','',1,'2019-12-23 12:25:42','2019-12-23 12:32:22'),(189,'Esquimalt','',1,'2019-12-23 12:25:42','2019-12-23 12:32:22'),(190,'Fort Saint James','',1,'2019-12-23 12:25:42','2019-12-23 12:32:22'),(191,'Fort Saint John','',1,'2019-12-23 12:25:42','2019-12-23 12:32:22'),(192,'Hope','',1,'2019-12-23 12:25:42','2019-12-23 12:32:22'),(193,'Kimberley','',1,'2019-12-23 12:25:42','2019-12-23 12:32:22'),(194,'Kitimat','',1,'2019-12-23 12:25:42','2019-12-23 12:32:22'),(195,'Nelson','',1,'2019-12-23 12:25:42','2019-12-23 12:32:22'),(196,'Oak Bay','',1,'2019-12-23 12:25:42','2019-12-23 12:32:22'),(197,'Penticton','',1,'2019-12-23 12:25:42','2019-12-23 12:32:22'),(198,'Powell River','',1,'2019-12-23 12:25:42','2019-12-23 12:32:22'),(199,'Prince Rupert','',1,'2019-12-23 12:25:42','2019-12-23 12:32:22'),(200,'Quesnel','',1,'2019-12-23 12:25:42','2019-12-23 12:32:22'),(201,'Revelstoke','',1,'2019-12-23 12:25:42','2019-12-23 12:32:22'),(202,'Rossland','',1,'2019-12-23 12:25:42','2019-12-23 12:32:22'),(203,'Trail','',1,'2019-12-23 12:25:42','2019-12-23 12:32:22'),(204,'Vernon','',1,'2019-12-23 12:25:42','2019-12-23 12:32:22'),(205,'West Vancouver','',1,'2019-12-23 12:25:42','2019-12-23 12:32:22'),(206,'White Rock','',1,'2019-12-23 12:25:42','2019-12-23 12:32:22'),(207,'Brandon','',1,'2019-12-23 12:25:42','2019-12-23 12:32:22'),(208,'Churchill','',1,'2019-12-23 12:25:42','2019-12-23 12:32:22'),(209,'Dauphin','',1,'2019-12-23 12:25:42','2019-12-23 12:32:22'),(210,'Flin Flon','',1,'2019-12-23 12:25:42','2019-12-23 12:32:22'),(211,'Kildonan','',1,'2019-12-23 12:25:42','2019-12-23 12:32:22'),(212,'Saint Boniface','',1,'2019-12-23 12:25:42','2019-12-23 12:32:22'),(213,'Swan River','',1,'2019-12-23 12:25:42','2019-12-23 12:32:22'),(214,'Thompson','',1,'2019-12-23 12:25:42','2019-12-23 12:32:22'),(215,'York Factory','',1,'2019-12-23 12:25:42','2019-12-23 12:32:22'),(216,'Bathurst','',1,'2019-12-23 12:25:42','2019-12-23 12:32:22'),(217,'Caraquet','',1,'2019-12-23 12:25:42','2019-12-23 12:32:22'),(218,'Dalhousie','',1,'2019-12-23 12:25:42','2019-12-23 12:32:22'),(219,'Miramichi','',1,'2019-12-23 12:25:42','2019-12-23 12:32:22'),(220,'Argentia','',1,'2019-12-23 12:25:42','2019-12-23 12:32:22'),(221,'Bonavista','',1,'2019-12-23 12:25:42','2019-12-23 12:32:22'),(222,'Channel-Port aux Basques','',1,'2019-12-23 12:25:42','2019-12-23 12:32:22'),(223,'Corner Brook','',1,'2019-12-23 12:25:42','2019-12-23 12:32:22'),(224,'Ferryland','',1,'2019-12-23 12:25:42','2019-12-23 12:32:22'),(225,'Gander','',1,'2019-12-23 12:25:42','2019-12-23 12:32:22'),(226,'Grand FallsWindsor','',1,'2019-12-23 12:25:42','2019-12-23 12:32:22'),(227,'Happy ValleyGoose Bay','',1,'2019-12-23 12:25:42','2019-12-23 12:32:22'),(228,'Harbour Grace','',1,'2019-12-23 12:25:42','2019-12-23 12:32:22'),(229,'Labrador City','',1,'2019-12-23 12:25:42','2019-12-23 12:32:22'),(230,'Placentia','',1,'2019-12-23 12:25:42','2019-12-23 12:32:22'),(231,'Saint Anthony','',1,'2019-12-23 12:25:42','2019-12-23 12:32:22'),(232,'St. Johns','',1,'2019-12-23 12:25:42','2019-12-23 12:32:22'),(233,'Wabana','',1,'2019-12-23 12:25:42','2019-12-23 12:32:22'),(234,'Fort Smith','',1,'2019-12-23 12:25:42','2019-12-23 12:32:22'),(235,'Hay River','',1,'2019-12-23 12:25:42','2019-12-23 12:32:22'),(236,'Inuvik','',1,'2019-12-23 12:25:42','2019-12-23 12:32:22'),(237,'Tuktoyaktuk','',1,'2019-12-23 12:25:42','2019-12-23 12:32:22'),(238,'Yellowknife','',1,'2019-12-23 12:25:42','2019-12-23 12:32:22'),(239,'Baddeck','',1,'2019-12-23 12:25:42','2019-12-23 12:32:22'),(240,'Digby','',1,'2019-12-23 12:25:42','2019-12-23 12:32:22'),(241,'Glace Bay','',1,'2019-12-23 12:25:42','2019-12-23 12:32:22'),(242,'Liverpool','',1,'2019-12-23 12:25:42','2019-12-23 12:32:22'),(243,'Louisbourg','',1,'2019-12-23 12:25:42','2019-12-23 12:32:22'),(244,'Lunenburg','',1,'2019-12-23 12:25:42','2019-12-23 12:32:22'),(245,'Pictou','',1,'2019-12-23 12:25:42','2019-12-23 12:32:22'),(246,'Port Hawkesbury','',1,'2019-12-23 12:25:42','2019-12-23 12:32:22'),(247,'Springhill','',1,'2019-12-23 12:25:42','2019-12-23 12:32:22'),(248,'Sydney','',1,'2019-12-23 12:25:42','2019-12-23 12:32:22'),(249,'Yarmouth','',1,'2019-12-23 12:25:42','2019-12-23 12:32:22'),(250,'Iqaluit','',1,'2019-12-23 12:25:42','2019-12-23 12:32:22'),(251,'Borden','',1,'2019-12-23 12:25:42','2019-12-23 12:32:22'),(252,'Cavendish','',1,'2019-12-23 12:25:42','2019-12-23 12:32:22'),(253,'Charlottetown','',1,'2019-12-23 12:25:42','2019-12-23 12:32:22'),(254,'Souris','',1,'2019-12-23 12:25:42','2019-12-23 12:32:22'),(255,'Summerside','',1,'2019-12-23 12:25:42','2019-12-23 12:32:22'),(256,'Asbestos','',1,'2019-12-23 12:25:42','2019-12-23 12:32:22'),(257,'Baie-Comeau','',1,'2019-12-23 12:25:42','2019-12-23 12:32:22'),(258,'Beloeil','',1,'2019-12-23 12:25:42','2019-12-23 12:32:22'),(259,'Cap-de-la-Madeleine','',1,'2019-12-23 12:25:42','2019-12-23 12:32:22'),(260,'Chambly','',1,'2019-12-23 12:25:42','2019-12-23 12:32:22'),(261,'Charlesbourg','',1,'2019-12-23 12:25:42','2019-12-23 12:32:22'),(262,'Chteauguay','',1,'2019-12-23 12:25:42','2019-12-23 12:32:22'),(263,'Chibougamau','',1,'2019-12-23 12:25:42','2019-12-23 12:32:22'),(264,'Cote-Saint-Luc','',1,'2019-12-23 12:25:42','2019-12-23 12:32:22'),(265,'Dorval','',1,'2019-12-23 12:25:42','2019-12-23 12:32:22'),(266,'Gaspe','',1,'2019-12-23 12:25:42','2019-12-23 12:32:22'),(267,'Havre-Saint-Pierre','',1,'2019-12-23 12:25:42','2019-12-23 12:32:22'),(268,'Hull','',1,'2019-12-23 12:25:42','2019-12-23 12:32:22'),(269,'Jonquiere','',1,'2019-12-23 12:25:42','2019-12-23 12:32:22'),(270,'Kuujjuaq','',1,'2019-12-23 12:25:42','2019-12-23 12:32:22'),(271,'La Salle','',1,'2019-12-23 12:25:42','2019-12-23 12:32:22'),(272,'La Tuque','',1,'2019-12-23 12:25:42','2019-12-23 12:32:22'),(273,'Lachine','',1,'2019-12-23 12:25:42','2019-12-23 12:32:22'),(274,'Levis','',1,'2019-12-23 12:25:42','2019-12-23 12:32:22'),(275,'Magog','',1,'2019-12-23 12:25:42','2019-12-23 12:32:22'),(276,'Matane','',1,'2019-12-23 12:25:42','2019-12-23 12:32:22'),(277,'Montreal-Nord','',1,'2019-12-23 12:25:42','2019-12-23 12:32:22'),(278,'Perce','',1,'2019-12-23 12:25:42','2019-12-23 12:32:22'),(279,'Port-Cartier','',1,'2019-12-23 12:25:42','2019-12-23 12:32:22'),(280,'Rimouski','',1,'2019-12-23 12:25:42','2019-12-23 12:32:22'),(281,'Rouyn-Noranda','',1,'2019-12-23 12:25:42','2019-12-23 12:32:22'),(282,'Saint-Eustache','',1,'2019-12-23 12:25:42','2019-12-23 12:32:22'),(283,'Saint-Hubert','',1,'2019-12-23 12:25:42','2019-12-23 12:32:22'),(284,'Sainte-Anne-de-Beaupre','',1,'2019-12-23 12:25:42','2019-12-23 12:32:22'),(285,'Sainte-Foy','',1,'2019-12-23 12:25:42','2019-12-23 12:32:22'),(286,'Sainte-Therese','',1,'2019-12-23 12:25:42','2019-12-23 12:32:22'),(287,'Sept-Iles','',1,'2019-12-23 12:25:42','2019-12-23 12:32:22'),(288,'Sorel-Tracy','',1,'2019-12-23 12:25:42','2019-12-23 12:32:22'),(289,'Val-dOr','',1,'2019-12-23 12:25:42','2019-12-23 12:32:22'),(290,'Waskaganish','',1,'2019-12-23 12:25:42','2019-12-23 12:32:22'),(291,'Batoche','',1,'2019-12-23 12:25:42','2019-12-23 12:32:22'),(292,'Cumberland House','',1,'2019-12-23 12:25:42','2019-12-23 12:32:22'),(293,'Estevan','',1,'2019-12-23 12:25:42','2019-12-23 12:32:22'),(294,'Moose Jaw','',1,'2019-12-23 12:25:42','2019-12-23 12:32:22'),(295,'Prince Albert','',1,'2019-12-23 12:25:42','2019-12-23 12:32:22'),(296,'Uranium City','',1,'2019-12-23 12:25:42','2019-12-23 12:32:22'),(297,'Dawson','',1,'2019-12-23 12:25:42','2019-12-23 12:32:22'),(298,'Watson Lake','',1,'2019-12-23 12:25:42','2019-12-23 12:32:22'),(299,'Whitehorse','',1,'2019-12-23 12:25:42','2019-12-23 12:32:22');
/*!40000 ALTER TABLE `service_cities` ENABLE KEYS */;
UNLOCK TABLES;

--
-- Table structure for table `support_user`
--

DROP TABLE IF EXISTS `support_user`;
/*!40101 SET @saved_cs_client     = @@character_set_client */;
/*!50503 SET character_set_client = utf8mb4 */;
CREATE TABLE `support_user` (
  `id` int(11) NOT NULL AUTO_INCREMENT,
  `email` varchar(255) DEFAULT NULL,
  `full_name` varchar(255) DEFAULT NULL,
  `user_type` int(11) DEFAULT NULL,
  `user_role` int(11) DEFAULT NULL,
  `city` varchar(255) DEFAULT NULL,
  `created_at` timestamp NULL DEFAULT CURRENT_TIMESTAMP,
  `modified_date` timestamp NULL DEFAULT CURRENT_TIMESTAMP ON UPDATE CURRENT_TIMESTAMP,
  PRIMARY KEY (`id`)
) ENGINE=InnoDB AUTO_INCREMENT=7 DEFAULT CHARSET=latin1;
/*!40101 SET character_set_client = @saved_cs_client */;

--
-- Dumping data for table `support_user`
--

LOCK TABLES `support_user` WRITE;
/*!40000 ALTER TABLE `support_user` DISABLE KEYS */;
INSERT INTO `support_user` VALUES (1,'user@support.com','Support User',3,1,'Chennai','2019-12-20 06:18:48','2019-12-20 06:18:57'),(2,'user1@support.com','',3,1,'','2019-12-20 07:53:07','2019-12-20 07:53:07'),(3,'user2@support.com','',3,1,'','2019-12-20 07:53:17','2019-12-20 07:53:43'),(4,'mail@mail.com','',3,1,'','2020-01-10 04:35:20','2020-01-10 04:35:20'),(5,'fdgdfghd','',3,1,'','2020-01-10 04:35:21','2020-01-10 04:35:21'),(6,'','',3,1,'','2020-01-10 04:35:22','2020-01-10 04:35:22');
/*!40000 ALTER TABLE `support_user` ENABLE KEYS */;
UNLOCK TABLES;

--
-- Table structure for table `user_account`
--

DROP TABLE IF EXISTS `user_account`;
/*!40101 SET @saved_cs_client     = @@character_set_client */;
/*!50503 SET character_set_client = utf8mb4 */;
CREATE TABLE `user_account` (
  `id` int(11) NOT NULL,
  `password` varchar(255) DEFAULT NULL,
  `user_id` int(11) DEFAULT NULL,
  `user_role` int(11) DEFAULT NULL,
  `user_type` int(11) DEFAULT NULL,
  `username` varchar(255) DEFAULT NULL,
  PRIMARY KEY (`id`)
) ENGINE=InnoDB DEFAULT CHARSET=latin1;
/*!40101 SET character_set_client = @saved_cs_client */;

--
-- Dumping data for table `user_account`
--

LOCK TABLES `user_account` WRITE;
/*!40000 ALTER TABLE `user_account` DISABLE KEYS */;
/*!40000 ALTER TABLE `user_account` ENABLE KEYS */;
UNLOCK TABLES;

--
-- Table structure for table `user_login`
--

DROP TABLE IF EXISTS `user_login`;
/*!40101 SET @saved_cs_client     = @@character_set_client */;
/*!50503 SET character_set_client = utf8mb4 */;
CREATE TABLE `user_login` (
  `id` int(11) NOT NULL AUTO_INCREMENT,
  `username` varchar(255) NOT NULL,
  `user_id` int(11) DEFAULT NULL,
  `user_type` int(11) DEFAULT NULL,
  `password` varchar(255) DEFAULT NULL,
  `terms_accepted_date` varchar(255) DEFAULT NULL,
  `created_at` timestamp NOT NULL DEFAULT CURRENT_TIMESTAMP,
  `modified_date` timestamp NOT NULL DEFAULT CURRENT_TIMESTAMP ON UPDATE CURRENT_TIMESTAMP,
  PRIMARY KEY (`id`),
  UNIQUE KEY `username` (`username`)
) ENGINE=InnoDB AUTO_INCREMENT=238 DEFAULT CHARSET=latin1;
/*!40101 SET character_set_client = @saved_cs_client */;

--
-- Dumping data for table `user_login`
--

LOCK TABLES `user_login` WRITE;
/*!40000 ALTER TABLE `user_login` DISABLE KEYS */;
INSERT INTO `user_login` VALUES (1,'user@client.com',1,1,'12345',NULL,'2019-11-14 09:53:43','2020-01-12 18:39:50'),(2,'user@vendor.com',1,2,'12345',NULL,'2019-11-15 10:35:32','2020-01-13 07:33:43'),(3,'user@support.com',1,3,'12345',NULL,'2019-11-15 10:41:52','2019-12-20 06:03:48'),(10,'Test3@clientuser.com',0,1,'',NULL,'2019-11-15 10:44:54','2019-11-15 10:44:54'),(11,'Test4@clientuser.com',0,1,'',NULL,'2019-11-15 10:45:57','2019-11-15 10:45:57'),(12,'Test5@clientuser.com',0,1,'',NULL,'2019-11-15 11:01:53','2019-11-15 11:01:53'),(14,'Test6@clientuser.com',15,1,'',NULL,'2019-11-15 11:06:39','2019-11-15 11:06:39'),(15,'Test11@clientuser.com',21,1,'',NULL,'2019-11-15 11:11:37','2019-11-15 11:11:37'),(16,'Test12@clientuser.com',22,1,'',NULL,'2019-11-15 11:14:21','2019-11-15 11:14:21'),(18,'7418261@gmail.com',4,2,'12345',NULL,'2019-11-25 06:50:03','2020-01-11 06:23:45'),(20,'mprakashexplorer@gmail.com',5,2,'',NULL,'2019-11-25 06:52:02','2019-12-26 05:05:00'),(21,'sample@gmail.com',29,1,'',NULL,'2019-11-25 07:00:02','2019-11-25 07:00:02'),(22,'7418261283@gmail.com',30,1,'',NULL,'2019-11-26 14:35:16','2019-11-26 14:35:16'),(23,'prakashexplorer@gmail.com',6,2,'',NULL,'2019-11-26 14:36:46','2019-11-26 14:36:46'),(24,'admin',0,0,'',NULL,'2019-11-27 02:50:12','2019-12-24 05:39:07'),(25,'ram@gmail.com',31,1,'',NULL,'2019-11-27 08:02:15','2019-11-27 08:02:15'),(26,'test@gmail.com',7,2,'',NULL,'2019-11-28 03:46:59','2019-11-28 03:46:59'),(27,'123@gmail.com',8,2,'123456',NULL,'2019-11-28 05:00:42','2019-12-24 05:42:49'),(28,'raj@gmail.com',32,1,'',NULL,'2019-11-28 05:20:45','2019-11-28 05:20:45'),(29,'raj1@gmail.com',33,1,'',NULL,'2019-11-28 05:27:27','2019-11-28 05:27:27'),(30,'raj2@gmail.com',34,1,'',NULL,'2019-11-28 05:29:27','2019-11-28 05:29:27'),(31,'raj3@gmail.com',35,1,'',NULL,'2019-11-28 05:35:24','2019-11-28 05:35:24'),(32,'ran1@gmail.com',36,1,'',NULL,'2019-11-28 05:36:08','2019-11-28 05:36:08'),(33,'raj4@gmail.com',9,2,'',NULL,'2019-11-28 05:40:00','2019-11-28 05:40:00'),(35,'raj6@gmail.com',38,1,'',NULL,'2019-11-28 05:50:13','2019-11-28 05:50:13'),(36,'test1@gmail.com',13,2,'',NULL,'2019-11-28 07:18:02','2019-11-28 07:18:02'),(37,'raj7@gmail.com',15,2,'',NULL,'2019-11-29 02:27:05','2019-11-29 02:27:05'),(38,'raj@21gmail.com',40,1,'',NULL,'2019-12-02 04:17:43','2019-12-02 04:17:43'),(39,'raj22@gmail.com',41,1,'',NULL,'2019-12-02 04:37:20','2019-12-02 04:37:20'),(40,'raj24@gmail.com',42,1,'',NULL,'2019-12-02 05:17:39','2019-12-02 05:17:39'),(41,'raj@31gmail.com',43,1,'',NULL,'2019-12-03 03:13:24','2019-12-03 03:13:24'),(42,'test',44,1,'',NULL,'2019-12-05 10:59:44','2019-12-05 10:59:44'),(43,'test@vendor.com',16,2,'',NULL,'2019-12-05 11:06:52','2019-12-05 11:06:52'),(44,'test123@vendor.com',45,1,'12345',NULL,'2019-12-06 06:34:57','2019-12-08 06:53:46'),(45,'7418@gmail.com',46,1,'n8ekuBacrAownZLC6vWdYQ==',NULL,'2019-12-07 06:51:48','2019-12-07 06:56:32'),(46,'mask@gms.com',47,1,'',NULL,'2019-12-13 06:37:15','2019-12-13 06:37:15'),(47,'anand@mailinator.com',48,1,'',NULL,'2019-12-13 06:51:11','2019-12-13 06:51:11'),(48,'raaa@mailinator.com',49,1,'',NULL,'2019-12-13 07:06:57','2019-12-13 07:06:57'),(49,'74182612839@mailinator.com',50,1,'',NULL,'2019-12-13 07:11:56','2019-12-13 07:11:56'),(50,'74182612837@mailinator.com',51,1,'',NULL,'2019-12-13 07:19:13','2019-12-13 07:19:13'),(51,'74182612835@mailinator.com',52,1,'',NULL,'2019-12-13 07:22:29','2019-12-13 07:22:29'),(52,'74182612830@mailinator.com',53,1,'',NULL,'2019-12-13 09:54:45','2019-12-13 09:54:45'),(53,'74182612836@mailinator.com',54,1,'',NULL,'2019-12-13 10:03:04','2019-12-13 10:03:04'),(54,'8248706713@mailinator.com',19,2,'',NULL,'2019-12-13 10:08:35','2019-12-13 10:08:35'),(55,'7418261283999@mailinator.com',55,1,'',NULL,'2019-12-14 05:12:10','2019-12-14 05:12:10'),(56,'7418261283123@mailinator.com',56,1,'',NULL,'2019-12-14 05:13:52','2019-12-14 05:13:52'),(57,'nga@gj.com',20,2,'',NULL,'2019-12-16 11:08:38','2019-12-16 11:08:38'),(58,'test12434@vendor.com',57,1,'',NULL,'2019-12-16 11:11:26','2019-12-16 11:11:26'),(59,'naga@gmail.com',58,1,'',NULL,'2019-12-16 11:27:55','2019-12-16 11:27:55'),(60,'test98@client.com',59,1,'',NULL,'2019-12-16 13:41:52','2019-12-16 13:41:52'),(61,'test245654@client.com',60,1,'',NULL,'2019-12-16 13:41:56','2019-12-16 13:41:56'),(62,'mail@mail.com',61,1,'',NULL,'2019-12-23 12:12:45','2019-12-23 12:12:45'),(64,'test@test.com',63,1,'',NULL,'2019-12-23 13:40:56','2019-12-23 13:40:56'),(66,'maill@mail.com',22,2,'',NULL,'2019-12-24 04:32:25','2019-12-24 04:32:25'),(67,'sampledad@gmail.com',64,1,'',NULL,'2019-12-24 06:07:54','2019-12-24 06:07:54'),(69,'test@vendor.vendor',23,2,'',NULL,'2019-12-24 07:08:28','2019-12-24 07:08:28'),(70,'24122019@mailinator.com',24,2,'123456',NULL,'2019-12-24 07:10:24','2019-12-26 05:03:38'),(71,'manav1@torbay.tech',25,2,'',NULL,'2019-12-24 07:11:27','2019-12-24 10:48:59'),(72,'manoj1@torbay.tech',26,2,'',NULL,'2019-12-24 07:14:25','2019-12-24 10:49:00'),(73,'prakash1@torbay.tech',27,2,'',NULL,'2019-12-24 07:15:34','2019-12-24 10:49:16'),(74,'ramalingam.clds@gmail.com',28,2,'',NULL,'2019-12-24 07:19:13','2019-12-24 07:19:13'),(75,'prakash.clds1@gmail.com',29,2,'',NULL,'2019-12-24 07:19:37','2019-12-24 13:01:53'),(76,'nagaraj1@clouddesigners.com',30,2,'',NULL,'2019-12-24 07:24:42','2019-12-24 12:37:45'),(77,'testing@gmail.com',32,2,'',NULL,'2019-12-24 07:28:43','2019-12-24 07:28:43'),(78,'tester@gmail.com',36,2,'',NULL,'2019-12-24 07:43:19','2019-12-24 07:43:19'),(79,'241219@mailinator.com',39,2,'',NULL,'2019-12-24 10:01:40','2019-12-24 10:01:40'),(85,'manoj@torbay.tech',45,2,'',NULL,'2019-12-24 10:50:13','2019-12-24 10:50:13'),(86,'manav@torbay.tech',46,2,'',NULL,'2019-12-24 10:50:34','2019-12-24 10:50:34'),(87,'prakash@torbay.tech',47,2,'',NULL,'2019-12-24 10:50:56','2019-12-24 10:50:56'),(88,'t2@dfg.of',66,1,'',NULL,'2019-12-24 11:28:36','2019-12-24 11:28:36'),(91,'nagaraj@clouddesigners.com',49,2,'12345',NULL,'2019-12-24 12:38:05','2019-12-28 11:24:06'),(92,'prakash.clds@gmail.com',68,1,'',NULL,'2019-12-24 13:02:51','2019-12-24 13:02:51'),(93,'testemail@client.com',69,1,'',NULL,'2019-12-26 06:05:28','2019-12-26 06:05:28'),(94,'testtt@gmail.com',54,2,'',NULL,'2019-12-26 06:08:07','2019-12-26 06:08:07'),(95,'y@y.mn',70,1,'',NULL,'2019-12-26 07:21:35','2019-12-26 07:21:35'),(96,'testuser12323@gmail.com',55,2,'',NULL,'2019-12-26 10:26:22','2019-12-26 10:26:22'),(99,'nagarajan.an123@gmail.com',57,2,'',NULL,'2019-12-26 19:42:31','2019-12-30 07:19:04'),(100,'a@a.c',61,2,'',NULL,'2019-12-27 06:55:03','2019-12-27 06:55:03'),(101,'akash1@clouddesigners.com',76,1,'',NULL,'2019-12-27 07:05:05','2019-12-27 09:53:32'),(103,'akash@clouddesigners.com',78,1,'',NULL,'2019-12-27 09:54:08','2019-12-27 09:54:08'),(107,'prakash.clds@mailinator.com',82,1,'',NULL,'2019-12-28 08:15:35','2019-12-28 08:15:35'),(108,'prakash.vendor@gmail.com',65,2,'',NULL,'2019-12-28 09:19:59','2019-12-28 09:19:59'),(109,'prakash.vendor@mailinator.com',66,2,'',NULL,'2019-12-28 09:20:48','2019-12-28 09:20:48'),(110,'fgfg@gmail.com',83,1,'',NULL,'2019-12-28 10:13:43','2019-12-28 10:13:43'),(111,'741826128388@gmail.com',84,1,'',NULL,'2019-12-28 11:59:17','2019-12-28 11:59:17'),(112,'test23232324564@gmail',0,0,' ',NULL,'2019-12-28 12:09:58','2019-12-28 12:12:32'),(113,'test2323232555@gmail',0,0,' ',NULL,'2019-12-28 12:09:59','2019-12-28 12:12:33'),(114,'test23232322111@gmail',0,0,' ',NULL,'2019-12-28 12:09:59','2019-12-28 12:12:33'),(115,'test23232322222@gmail',0,0,' ',NULL,'2019-12-28 12:10:00','2019-12-28 12:12:34'),(116,'test232323245454@gmail',0,0,' ',NULL,'2019-12-28 12:10:00','2019-12-28 12:12:34'),(117,'test23232326776@gmail',0,0,'  ',NULL,'2019-12-28 12:10:01','2019-12-28 12:12:35'),(118,'test2323232777@gmail',0,0,' ',NULL,'2019-12-28 12:10:01','2019-12-28 12:12:35'),(119,'test23232327777@gmail',0,0,' ',NULL,'2019-12-28 12:10:02','2019-12-28 12:12:36'),(120,'test2323232889@gmail',0,0,' ',NULL,'2019-12-28 12:10:02','2019-12-28 12:12:36'),(121,'test232323288@gmail',0,0,' ',NULL,'2019-12-28 12:10:03','2019-12-28 12:12:37'),(122,'test2323232989@gmail',0,0,' ',NULL,'2019-12-28 12:10:03','2019-12-28 12:12:37'),(123,'test2323232788877@gmail',0,0,' ',NULL,'2019-12-28 12:10:04','2019-12-28 12:12:38'),(124,'test23232328888@gmail',0,0,' ',NULL,'2019-12-28 12:10:04','2019-12-28 12:12:38'),(125,'test2323232999955@gmail',0,0,' ',NULL,'2019-12-28 12:10:05','2019-12-28 12:29:04'),(126,'test@t.oo',0,0,' ',NULL,'2019-12-28 12:29:37','2019-12-28 12:29:37'),(127,'prakash.ccc@mailinator.com',85,1,'123456','2019-12-28 12:49:00','2019-12-28 12:42:23','2019-12-28 12:53:39'),(128,'abc@gmail.com',67,2,'',NULL,'2019-12-28 12:49:07','2019-12-28 12:49:07'),(129,'prakash.ddd@mailinator.com',86,1,'','','2019-12-28 13:00:25','2019-12-28 13:00:25'),(130,'prakash.eee@mailinator.com',87,1,'123456','2019-12-28 13:04:43','2019-12-28 13:02:29','2019-12-28 13:04:49'),(131,'vendor.a@mailinator.com',68,2,'123456','2019-12-28 13:14:19','2019-12-28 13:12:50','2019-12-28 13:14:25'),(132,'nagarajan.ann123@gmail.com',69,2,'12345','2019-12-29 06:41:26','2019-12-28 18:27:25','2019-12-30 07:19:05'),(133,'user1@client.com',88,1,'','','2019-12-30 04:51:50','2019-12-30 04:51:50'),(134,'klfrnds@gmail.com',89,1,'12345','2019-12-30 05:01:39','2019-12-30 04:57:52','2019-12-30 05:01:39'),(136,'klfrnds1@gmail.com',71,2,'','','2019-12-30 05:52:20','2019-12-30 05:52:20'),(137,'explorer1@mailinator.com',90,1,'123456789','2019-12-30 06:36:36','2019-12-30 06:32:23','2019-12-30 08:21:07'),(138,'explorer2@mailinator.com',72,2,'','2019-12-30 06:40:46','2019-12-30 06:39:13','2020-01-10 07:35:20'),(139,'client2@mailinator.com',73,2,'12345','2019-12-30 07:13:26','2019-12-30 07:11:59','2019-12-30 07:13:26'),(140,'nagarajan.ann@gmail.com',91,1,'12345','2019-12-31 06:56:25','2019-12-30 07:20:18','2019-12-31 06:56:25'),(141,'kalaiselvi.clds@gmail.com',74,2,'123456','2019-12-31 05:46:08','2019-12-30 07:44:04','2019-12-31 05:46:08'),(142,'preethi.clds@gmail.com',75,2,'Preethi@9193','2019-12-31 05:20:10','2019-12-30 08:12:07','2020-01-21 07:10:27'),(144,'sampleprkas@gmail.com',93,1,'','','2019-12-30 10:22:24','2019-12-30 10:22:24'),(145,'sampleprkas@mailinator.com',94,1,'','','2019-12-30 10:23:06','2019-12-30 10:23:06'),(146,'rajendran.clds@gmail.com',76,2,'12345','2019-12-31 05:45:04','2019-12-30 10:36:35','2019-12-31 05:45:04'),(147,'sampleprakash@mailinator.com',95,1,'','','2019-12-30 10:36:52','2019-12-30 10:36:52'),(148,'sampleprakash1@mailinator.com',96,1,'','','2019-12-30 10:43:55','2019-12-30 10:43:55'),(149,'explorer3@mailinator.com',97,1,'','','2019-12-30 11:53:57','2019-12-30 11:53:57'),(150,'explorer4@mailinator.com',77,2,'','','2019-12-30 12:04:42','2019-12-30 12:04:42'),(151,'explorer6@mailinator.com',78,2,'','','2019-12-30 12:06:10','2019-12-30 12:06:10'),(152,'nagarajan.a@gmail.com',98,1,'','','2019-12-30 15:22:16','2019-12-30 15:22:16'),(154,'nivetha.clds@gmail.com',99,1,'12345','2019-12-31 05:53:03','2019-12-31 05:50:36','2019-12-31 05:53:03'),(155,'pandian.clds@gmail.com',100,1,'123456','2019-12-31 06:37:43','2019-12-31 05:57:57','2019-12-31 06:37:43'),(156,'kldsd@gmail.com',80,2,'','','2019-12-31 06:44:35','2019-12-31 06:44:35'),(157,'klaaghash@gmail.com',81,2,'','','2019-12-31 06:45:23','2019-12-31 06:45:23'),(159,'mask1@gms.com',83,2,'','','2019-12-31 06:47:56','2019-12-31 06:47:56'),(160,'mass@client.com',84,2,'','','2019-12-31 06:48:51','2019-12-31 06:48:51'),(161,'mas1k@gms.com',85,2,'','','2019-12-31 07:00:36','2019-12-31 07:00:36'),(162,'sddsd@gma.vom',86,2,'','','2019-12-31 07:06:53','2019-12-31 07:06:53'),(163,'m22ask@gms.ff',87,2,'','','2019-12-31 07:20:15','2019-12-31 07:20:15'),(164,'ntesting@mailinator.com',101,1,'','','2019-12-31 07:49:51','2019-12-31 07:49:51'),(165,'test@mailinator.com',102,1,'','','2019-12-31 08:44:57','2019-12-31 08:44:57'),(166,'samp@mailinator.com',88,2,'','','2019-12-31 09:42:25','2019-12-31 09:42:25'),(167,'klfrnds2@gmail.com',89,2,'','','2019-12-31 09:48:54','2019-12-31 09:48:54'),(168,'mail@mailinator.com',90,2,'','','2019-12-31 09:50:27','2019-12-31 09:50:27'),(169,'mail1@mailinator.com',91,2,'','','2019-12-31 10:18:53','2019-12-31 10:18:53'),(171,'akash@mailinator.com',92,2,'','','2019-12-31 10:22:25','2019-12-31 10:22:25'),(172,'google@mailinator.com',104,1,'','','2019-12-31 10:23:07','2019-12-31 10:23:07'),(173,'googlex@mailinator.com',105,1,'12345','2019-12-31 10:28:00','2019-12-31 10:26:36','2019-12-31 10:28:00'),(174,'clientc@mailinator.com',106,1,'','','2019-12-31 10:36:39','2019-12-31 10:36:39'),(175,'users@mailinator.com',107,1,'12345','2019-12-31 11:05:10','2019-12-31 11:04:29','2019-12-31 11:05:10'),(176,'user1@mailinator.com',108,1,'12345','2019-12-31 12:13:12','2019-12-31 12:12:13','2019-12-31 12:13:12'),(177,'mailinate@mailinator.com',109,1,'','','2019-12-31 15:11:53','2019-12-31 15:11:53'),(178,'mytest13@mailinator.com',110,1,'12345','2019-12-31 18:07:19','2019-12-31 15:16:17','2019-12-31 18:07:19'),(179,'vendor@mailinator.com',93,2,'12345','2020-01-01 16:46:39','2020-01-01 15:31:51','2020-01-01 16:46:39'),(180,'vendor44@mailinator.com',94,2,'12345','2020-01-01 18:50:51','2020-01-01 18:28:01','2020-01-01 18:50:51'),(181,'mas1@mailinator.com',111,1,'','','2020-01-02 06:35:27','2020-01-02 06:35:27'),(182,'mask007@mailinator.com',95,2,'','','2020-01-02 06:37:19','2020-01-02 06:37:19'),(183,'mars@mailinator.com',96,2,'','','2020-01-02 06:58:06','2020-01-02 06:58:06'),(184,'client1@mailinator.com',112,1,'12345','2020-01-02 07:33:53','2020-01-02 07:27:12','2020-01-02 07:33:53'),(185,'jai@mailinator.com',113,1,'12345','2020-01-02 07:32:33','2020-01-02 07:32:03','2020-01-02 07:32:33'),(186,'mmm@mailinator.com',97,2,'12345','2020-01-02 07:33:17','2020-01-02 07:32:57','2020-01-02 07:33:17'),(187,'client3@mailinator.com',114,1,'12345','2020-01-02 08:02:00','2020-01-02 08:01:27','2020-01-02 08:02:00'),(188,'vendor1@mailinator.com',98,2,'12345','2020-01-02 14:13:07','2020-01-02 14:12:42','2020-01-02 14:13:07'),(189,'vendor2@mailinator.com',99,2,'12345','2020-01-03 07:01:39','2020-01-03 07:00:58','2020-01-03 07:01:39'),(190,'vendor4@mailinator.com',100,2,'12345','2020-01-03 11:50:59','2020-01-03 11:50:28','2020-01-03 11:50:59'),(191,'prakash@mailinator.com',115,1,'12345','2020-01-03 12:12:54','2020-01-03 12:11:52','2020-01-03 12:12:54'),(192,'test123@mailinator.com',101,2,'12345','2020-01-03 12:19:31','2020-01-03 12:19:00','2020-01-03 12:19:31'),(193,'tst@mailinator.com',102,2,'','','2020-01-03 12:22:13','2020-01-03 12:22:13'),(194,'test11@mailinator.com',116,1,'12345','2020-01-04 07:38:41','2020-01-04 07:38:19','2020-01-04 07:38:41'),(196,'test1234@mailinator.com',103,2,'12345','2020-01-04 09:45:48','2020-01-04 09:45:04','2020-01-04 09:45:48'),(197,'test222@mailinator.com',104,2,'12345','2020-01-04 10:59:17','2020-01-04 10:58:33','2020-01-04 10:59:17'),(198,'04012020@mailinator.com',105,2,'12345','2020-01-04 11:09:21','2020-01-04 11:03:19','2020-01-04 11:09:21'),(199,'baskar.clds@gmail.com',106,2,'','','2020-01-04 11:52:24','2020-01-04 11:52:24'),(200,'kinanrai@yahoo.com',118,1,'','','2020-01-06 04:09:28','2020-01-06 04:09:28'),(201,'vendoruser@mailinator.com',107,2,'123','2020-01-06 07:30:07','2020-01-06 07:29:30','2020-01-06 07:30:07'),(202,'clientuser@mailinator.com',119,1,'12345','2020-01-06 07:31:21','2020-01-06 07:31:01','2020-01-06 07:31:21'),(203,'test1@mailinator.com',120,1,'','','2020-01-06 09:28:45','2020-01-06 09:28:45'),(205,'test12@mailinator.com',109,2,'12345','2020-01-06 12:33:52','2020-01-06 12:32:12','2020-01-06 12:33:52'),(206,'tt@mailinator.com',121,1,'','','2020-01-06 13:40:18','2020-01-06 13:40:18'),(207,'mail1@mail.com',122,1,'','','2020-01-07 10:44:31','2020-01-07 10:44:31'),(208,'ram@mailinator.com',123,1,'','','2020-01-07 10:49:20','2020-01-07 10:49:20'),(209,'maill2@mail.com',110,2,'','','2020-01-07 11:38:19','2020-01-07 11:38:19'),(211,'sampleone@gmail.com',112,2,'','','2020-01-09 09:47:53','2020-01-09 09:47:53'),(212,'vendoradmin@mailinator.com',113,2,'','','2020-01-11 06:12:51','2020-01-11 06:12:51'),(213,'testvendor@mailinator.com',114,2,'12345','2020-01-11 06:15:50','2020-01-11 06:14:40','2020-01-11 06:15:50'),(214,'testvendor1@mailinator.com',115,2,'12345','2020-01-11 06:51:46','2020-01-11 06:50:57','2020-01-11 06:51:46'),(215,'testvendor44@mailinator.com',116,2,'12345','2020-01-12 09:56:32','2020-01-11 13:33:55','2020-01-12 09:56:32'),(216,'testvendor43@mailinator.com',117,2,'','','2020-01-12 09:34:41','2020-01-12 09:34:41'),(217,'explorer@mailinator.com',124,1,'12345','2020-01-13 06:50:17','2020-01-13 06:27:46','2020-01-13 06:50:17'),(218,'explorervendor@mailinator.com',118,2,'','','2020-01-13 06:51:50','2020-01-13 06:51:50'),(219,'vendor11@mailinator.com',119,2,'12345','2020-01-14 05:24:19','2020-01-14 05:23:53','2020-01-17 09:34:56'),(220,'vendor12@mailinator.com',125,1,'','','2020-01-14 09:55:50','2020-01-14 09:55:50'),(222,'laura@mailinator.com',121,2,'12345','2020-01-14 12:18:55','2020-01-14 12:18:14','2020-01-14 12:18:55'),(223,'test23@mailinator.com',126,1,'12345','2020-01-16 07:24:28','2020-01-16 07:24:00','2020-01-16 07:24:28'),(224,'vendor10@mailinator.com',122,2,'12345','2020-01-17 10:26:03','2020-01-17 09:39:13','2020-01-17 10:26:03'),(225,'vendor13@mailinator.com',123,2,'','','2020-01-20 05:23:55','2020-01-20 05:23:55'),(226,'client22@mailinator.com',127,1,'12345','2020-01-20 12:00:46','2020-01-20 07:04:49','2020-01-20 12:00:46'),(227,'test100@mailinator.com',128,1,'','','2020-01-20 08:03:59','2020-01-20 08:03:59'),(228,'aaron.john@mailinator.com',129,1,'12345','2020-01-20 12:23:54','2020-01-20 12:14:17','2020-01-20 12:23:54'),(230,'ken@mailinator.com',131,1,'','','2020-01-21 07:43:18','2020-01-21 07:43:18'),(231,'vendorexplorer@mailinator.com',124,2,'Prakash@123','2020-01-21 09:48:45','2020-01-21 09:47:32','2020-01-21 09:48:45'),(232,'test101@mailinator.com',132,1,'Test@123','2020-01-21 12:54:54','2020-01-21 12:36:44','2020-01-21 12:54:54'),(233,'ss@mailinator.com',133,1,'','','2020-01-21 13:15:55','2020-01-21 13:15:55'),(234,'k@yahoo.com',134,1,'','','2020-01-22 00:38:48','2020-01-22 00:38:48'),(235,'kinan_rai@hotmail.com',135,1,'Kinan1234','2020-01-22 00:41:05','2020-01-22 00:39:06','2020-01-22 00:41:05'),(236,'ktabah@gmail.com',125,2,'Karim@123a','2020-01-22 00:42:11','2020-01-22 00:40:10','2020-01-22 00:42:11'),(237,'manav.phull@gmail.com',136,1,'Abc12345','2020-01-22 00:41:12','2020-01-22 00:40:33','2020-01-22 00:41:12');
/*!40000 ALTER TABLE `user_login` ENABLE KEYS */;
UNLOCK TABLES;

--
-- Table structure for table `user_profile_images`
--

DROP TABLE IF EXISTS `user_profile_images`;
/*!40101 SET @saved_cs_client     = @@character_set_client */;
/*!50503 SET character_set_client = utf8mb4 */;
CREATE TABLE `user_profile_images` (
  `id` int(11) NOT NULL AUTO_INCREMENT,
  `user_type` int(11) DEFAULT NULL,
  `user_id` int(11) DEFAULT NULL,
  `container_name` varchar(255) DEFAULT NULL,
  `blob_name` varchar(255) DEFAULT NULL,
  `file_name` varchar(255) DEFAULT NULL,
  `file_type` varchar(255) DEFAULT NULL,
  `file_url` varchar(255) DEFAULT NULL,
  `created_at` timestamp NOT NULL DEFAULT CURRENT_TIMESTAMP,
  `modified_date` timestamp NOT NULL DEFAULT CURRENT_TIMESTAMP ON UPDATE CURRENT_TIMESTAMP,
  PRIMARY KEY (`id`)
) ENGINE=InnoDB AUTO_INCREMENT=2 DEFAULT CHARSET=latin1;
/*!40101 SET character_set_client = @saved_cs_client */;

--
-- Dumping data for table `user_profile_images`
--

LOCK TABLES `user_profile_images` WRITE;
/*!40000 ALTER TABLE `user_profile_images` DISABLE KEYS */;
INSERT INTO `user_profile_images` VALUES (1,1,1,'profileimages','5fe73788-0b4b-4b6b-804e-d4f75e33932d','male_doctor.jpg','image/jpeg','https://condonuitystoragedev.blob.core.windows.net/profileimages/5fe73788-0b4b-4b6b-804e-d4f75e33932d','2020-01-22 12:18:04','2020-01-22 12:18:04');
/*!40000 ALTER TABLE `user_profile_images` ENABLE KEYS */;
UNLOCK TABLES;

--
-- Table structure for table `user_wish_list`
--

DROP TABLE IF EXISTS `user_wish_list`;
/*!40101 SET @saved_cs_client     = @@character_set_client */;
/*!50503 SET character_set_client = utf8mb4 */;
CREATE TABLE `user_wish_list` (
  `id` int(11) NOT NULL AUTO_INCREMENT,
  `wisher_org_id` int(11) DEFAULT NULL,
  `wisher_user_id` int(11) DEFAULT NULL,
  `wisher_user_type` int(11) DEFAULT NULL,
  `favourite_org_id` int(11) DEFAULT NULL,
  `favourite_user_type` int(11) DEFAULT NULL,
  `created_at` timestamp NOT NULL DEFAULT CURRENT_TIMESTAMP,
  `modified_date` timestamp NOT NULL DEFAULT CURRENT_TIMESTAMP ON UPDATE CURRENT_TIMESTAMP,
  PRIMARY KEY (`id`)
) ENGINE=InnoDB AUTO_INCREMENT=21 DEFAULT CHARSET=latin1;
/*!40101 SET character_set_client = @saved_cs_client */;

--
-- Dumping data for table `user_wish_list`
--

LOCK TABLES `user_wish_list` WRITE;
/*!40000 ALTER TABLE `user_wish_list` DISABLE KEYS */;
INSERT INTO `user_wish_list` VALUES (1,1,1,1,1,2,'2019-12-19 07:34:57','2019-12-19 07:34:57'),(2,1,1,2,1,1,'2019-12-19 07:52:14','2019-12-19 07:52:51'),(3,1,1,1,2,2,'2019-12-19 11:04:27','2019-12-19 11:04:27'),(4,1,1,2,4,1,'2019-12-19 11:04:27','2019-12-19 11:04:27'),(5,1,1,1,1,2,'2020-01-10 04:23:17','2020-01-10 04:23:17'),(6,1,1,1,NULL,2,'2020-01-10 04:23:18','2020-01-10 04:23:18'),(7,NULL,1,1,1,2,'2020-01-10 04:23:19','2020-01-10 04:23:19'),(8,1,NULL,1,1,2,'2020-01-10 04:23:19','2020-01-10 04:23:19'),(9,1,1,1,546456,2,'2020-01-10 04:23:20','2020-01-10 04:23:20'),(10,6456,1,1,1,2,'2020-01-10 04:23:21','2020-01-10 04:23:21'),(11,1,5644,1,1,2,'2020-01-10 04:23:21','2020-01-10 04:23:21'),(12,NULL,NULL,1,NULL,2,'2020-01-10 04:23:22','2020-01-10 04:23:22'),(13,1,1,2,1,1,'2020-01-10 04:28:53','2020-01-10 04:28:53'),(14,1,1,2,NULL,1,'2020-01-10 04:28:55','2020-01-10 04:28:55'),(15,NULL,1,2,1,1,'2020-01-10 04:28:56','2020-01-10 04:28:56'),(16,1,NULL,2,1,1,'2020-01-10 04:28:56','2020-01-10 04:28:56'),(17,1,1,2,546456,1,'2020-01-10 04:28:57','2020-01-10 04:28:57'),(18,6456,1,2,1,1,'2020-01-10 04:28:58','2020-01-10 04:28:58'),(19,1,5644,2,1,1,'2020-01-10 04:28:58','2020-01-10 04:28:58'),(20,NULL,NULL,2,NULL,1,'2020-01-10 04:28:59','2020-01-10 04:28:59');
/*!40000 ALTER TABLE `user_wish_list` ENABLE KEYS */;
UNLOCK TABLES;

--
-- Table structure for table `vendor`
--

DROP TABLE IF EXISTS `vendor`;
/*!40101 SET @saved_cs_client     = @@character_set_client */;
/*!50503 SET character_set_client = utf8mb4 */;
CREATE TABLE `vendor` (
  `vendor_org_id` int(11) NOT NULL,
  `address` varchar(255) DEFAULT NULL,
  `admin_email` varchar(255) DEFAULT NULL,
  `annual_revenue` varchar(255) DEFAULT NULL,
  `city` varchar(255) DEFAULT NULL,
  `company_name` varchar(255) DEFAULT NULL,
  `contact_person` varchar(255) DEFAULT NULL,
  `contact_person_email` varchar(255) DEFAULT NULL,
  `contact_person_phone` varchar(255) DEFAULT NULL,
  `country_code` int(11) DEFAULT NULL,
  `created_date` varchar(255) DEFAULT NULL,
  `description` varchar(255) DEFAULT NULL,
  `email` varchar(255) DEFAULT NULL,
  `employees_count` int(11) DEFAULT NULL,
  `established_date` varchar(255) DEFAULT NULL,
  `expertise_category` varchar(255) DEFAULT NULL,
  `fax_number` varchar(255) DEFAULT NULL,
  `legal_name` varchar(255) DEFAULT NULL,
  `logo_name` varchar(255) DEFAULT NULL,
  `phone_number` varchar(255) DEFAULT NULL,
  `postal_code` varchar(255) DEFAULT NULL,
  `province` varchar(255) DEFAULT NULL,
  `rating` int(11) DEFAULT NULL,
  `search_terms` varchar(255) DEFAULT NULL,
  `user_type` int(11) DEFAULT NULL,
  `website` varchar(255) DEFAULT NULL,
  PRIMARY KEY (`vendor_org_id`)
) ENGINE=InnoDB DEFAULT CHARSET=latin1;
/*!40101 SET character_set_client = @saved_cs_client */;

--
-- Dumping data for table `vendor`
--

LOCK TABLES `vendor` WRITE;
/*!40000 ALTER TABLE `vendor` DISABLE KEYS */;
/*!40000 ALTER TABLE `vendor` ENABLE KEYS */;
UNLOCK TABLES;

--
-- Table structure for table `vendor_brands`
--

DROP TABLE IF EXISTS `vendor_brands`;
/*!40101 SET @saved_cs_client     = @@character_set_client */;
/*!50503 SET character_set_client = utf8mb4 */;
CREATE TABLE `vendor_brands` (
  `id` int(11) NOT NULL AUTO_INCREMENT,
  `vendor_organisation_id` int(11) DEFAULT NULL,
  `brand_name` varchar(255) DEFAULT NULL,
  `created_at` timestamp NOT NULL DEFAULT CURRENT_TIMESTAMP,
  `modified_date` timestamp NOT NULL DEFAULT CURRENT_TIMESTAMP ON UPDATE CURRENT_TIMESTAMP,
  PRIMARY KEY (`id`)
) ENGINE=InnoDB AUTO_INCREMENT=130 DEFAULT CHARSET=latin1;
/*!40101 SET character_set_client = @saved_cs_client */;

--
-- Dumping data for table `vendor_brands`
--

LOCK TABLES `vendor_brands` WRITE;
/*!40000 ALTER TABLE `vendor_brands` DISABLE KEYS */;
INSERT INTO `vendor_brands` VALUES (1,1,'Asian Paint','2020-01-04 07:42:10','2020-01-04 07:42:10'),(2,1,'Sleek Materials','2020-01-04 07:42:11','2020-01-04 07:42:11'),(3,87,'Painting','2020-01-04 11:56:05','2020-01-04 11:56:05'),(4,87,'Interior','2020-01-04 11:56:06','2020-01-04 11:56:06'),(5,88,'Painting','2020-01-04 12:02:35','2020-01-04 12:02:35'),(6,88,'Interior','2020-01-04 12:02:36','2020-01-04 12:02:36'),(7,89,'Asian Paint','2020-01-04 12:07:31','2020-01-04 12:07:31'),(8,89,'Sleek designers','2020-01-04 12:07:32','2020-01-04 12:07:32'),(9,90,'Asian Paint','2020-01-04 12:38:15','2020-01-04 12:38:15'),(10,90,'Sleek designers','2020-01-04 12:38:16','2020-01-04 12:38:16'),(11,89,'Asian Paint','2020-01-04 13:33:09','2020-01-04 13:33:09'),(12,90,'Asian Paint','2020-01-04 13:35:33','2020-01-04 13:35:33'),(13,90,'Asian Paint','2020-01-04 14:00:27','2020-01-04 14:00:27'),(14,90,'Asian Paint','2020-01-10 02:28:40','2020-01-10 02:28:40'),(15,91,'Asian Paint','2020-01-10 02:28:42','2020-01-10 02:28:42'),(16,90,'Asian Paint','2020-01-10 02:28:44','2020-01-10 02:28:44'),(17,90,'Asian Paint','2020-01-10 02:28:45','2020-01-10 02:28:45'),(18,90,'Asian Paint','2020-01-10 02:28:46','2020-01-10 02:28:46'),(19,90,'Asian Paint','2020-01-10 02:28:48','2020-01-10 02:28:48'),(20,90,'Asian Paint','2020-01-10 02:28:49','2020-01-10 02:28:49'),(21,90,'Asian Paint','2020-01-10 02:28:51','2020-01-10 02:28:51'),(22,90,'Asian Paint','2020-01-10 02:28:52','2020-01-10 02:28:52'),(23,90,'Asian Paint','2020-01-10 02:28:53','2020-01-10 02:28:53'),(24,90,'Asian Paint','2020-01-10 02:28:54','2020-01-10 02:28:54'),(25,90,'Asian Paint','2020-01-10 02:28:56','2020-01-10 02:28:56'),(26,90,'Asian Paint','2020-01-10 02:28:57','2020-01-10 02:28:57'),(27,90,'Asian Paint','2020-01-10 02:28:59','2020-01-10 02:28:59'),(28,90,'Asian Paint','2020-01-10 02:29:00','2020-01-10 02:29:00'),(29,90,'Asian Paint','2020-01-10 02:29:02','2020-01-10 02:29:02'),(30,90,'Asian Paint','2020-01-10 02:29:03','2020-01-10 02:29:03'),(31,90,'Asian Paint','2020-01-10 02:29:04','2020-01-10 02:29:04'),(32,90,'Asian Paint','2020-01-10 02:29:05','2020-01-10 02:29:05'),(33,90,'Asian Paint','2020-01-10 02:29:07','2020-01-10 02:29:07'),(34,90,'Asian Paint','2020-01-10 02:29:08','2020-01-10 02:29:08'),(35,90,'Asian Paint','2020-01-10 02:29:09','2020-01-10 02:29:09'),(36,90,'Asian Paint','2020-01-10 02:29:11','2020-01-10 02:29:11'),(37,90,'Asian Paint','2020-01-10 02:29:13','2020-01-10 02:29:13'),(38,90,'','2020-01-10 02:29:14','2020-01-10 02:29:14'),(39,90,'Asian Paint','2020-01-10 02:29:15','2020-01-10 02:29:15'),(40,90,'Asian Paint','2020-01-10 02:29:16','2020-01-10 02:29:16'),(41,90,'Asian Paint','2020-01-10 02:29:18','2020-01-10 02:29:18'),(42,90,'Asian Paint','2020-01-10 02:29:19','2020-01-10 02:29:19'),(43,90,'Asian Paint','2020-01-10 02:29:20','2020-01-10 02:29:20'),(44,90,'Asian Paint','2020-01-10 02:29:22','2020-01-10 02:29:22'),(45,90,'Asian Paint','2020-01-10 02:29:23','2020-01-10 02:29:23'),(46,90,'Asian Paint','2020-01-10 02:29:24','2020-01-10 02:29:24'),(47,90,'Asian Paint','2020-01-10 02:29:25','2020-01-10 02:29:25'),(48,90,'Asian Paint','2020-01-10 02:29:27','2020-01-10 02:29:27'),(49,92,'Asian Paint','2020-01-10 02:29:28','2020-01-10 02:29:28'),(50,90,'Asian Paint','2020-01-10 02:29:30','2020-01-10 02:29:30'),(51,90,'Asian Paint','2020-01-10 02:29:31','2020-01-10 02:29:31'),(52,90,'Asian Paint','2020-01-10 02:29:32','2020-01-10 02:29:32'),(53,90,'Asian Paint','2020-01-10 02:29:34','2020-01-10 02:29:34'),(54,90,'Asian Paint','2020-01-10 02:29:35','2020-01-10 02:29:35'),(55,90,'Asian Paint','2020-01-10 02:29:36','2020-01-10 02:29:36'),(56,90,'Asian Paint','2020-01-10 02:33:23','2020-01-10 02:33:23'),(57,93,'Asian Paint','2020-01-10 02:33:25','2020-01-10 02:33:25'),(58,90,'Asian Paint','2020-01-10 02:33:27','2020-01-10 02:33:27'),(59,90,'Asian Paint','2020-01-10 02:33:28','2020-01-10 02:33:28'),(60,90,'Asian Paint','2020-01-10 02:33:30','2020-01-10 02:33:30'),(61,90,'Asian Paint','2020-01-10 02:33:31','2020-01-10 02:33:31'),(62,90,'Asian Paint','2020-01-10 02:33:32','2020-01-10 02:33:32'),(63,90,'Asian Paint','2020-01-10 02:33:34','2020-01-10 02:33:34'),(64,90,'Asian Paint','2020-01-10 02:33:35','2020-01-10 02:33:35'),(65,90,'Asian Paint','2020-01-10 02:33:36','2020-01-10 02:33:36'),(66,90,'Asian Paint','2020-01-10 02:33:38','2020-01-10 02:33:38'),(67,90,'Asian Paint','2020-01-10 02:33:39','2020-01-10 02:33:39'),(68,90,'Asian Paint','2020-01-10 02:33:40','2020-01-10 02:33:40'),(69,90,'Asian Paint','2020-01-10 02:33:42','2020-01-10 02:33:42'),(70,90,'Asian Paint','2020-01-10 02:33:44','2020-01-10 02:33:44'),(71,90,'Asian Paint','2020-01-10 02:33:45','2020-01-10 02:33:45'),(72,90,'Asian Paint','2020-01-10 02:33:46','2020-01-10 02:33:46'),(73,90,'Asian Paint','2020-01-10 02:33:47','2020-01-10 02:33:47'),(74,90,'Asian Paint','2020-01-10 02:33:49','2020-01-10 02:33:49'),(75,90,'Asian Paint','2020-01-10 02:33:50','2020-01-10 02:33:50'),(76,90,'Asian Paint','2020-01-10 02:33:52','2020-01-10 02:33:52'),(77,90,'Asian Paint','2020-01-10 02:33:54','2020-01-10 02:33:54'),(78,90,'Asian Paint','2020-01-10 02:33:55','2020-01-10 02:33:55'),(79,90,'Asian Paint','2020-01-10 02:33:57','2020-01-10 02:33:57'),(80,90,'','2020-01-10 02:33:59','2020-01-10 02:33:59'),(81,90,'Asian Paint','2020-01-10 02:34:00','2020-01-10 02:34:00'),(82,90,'Asian Paint','2020-01-10 02:34:03','2020-01-10 02:34:03'),(83,90,'Asian Paint','2020-01-10 02:34:04','2020-01-10 02:34:04'),(84,90,'Asian Paint','2020-01-10 02:34:05','2020-01-10 02:34:05'),(85,90,'Asian Paint','2020-01-10 02:34:07','2020-01-10 02:34:07'),(86,90,'Asian Paint','2020-01-10 02:34:08','2020-01-10 02:34:08'),(87,90,'Asian Paint','2020-01-10 02:34:09','2020-01-10 02:34:09'),(88,90,'Asian Paint','2020-01-10 02:34:11','2020-01-10 02:34:11'),(89,90,'Asian Paint','2020-01-10 02:34:12','2020-01-10 02:34:12'),(90,90,'Asian Paint','2020-01-10 02:34:14','2020-01-10 02:34:14'),(91,94,'Asian Paint','2020-01-10 02:34:15','2020-01-10 02:34:15'),(92,90,'Asian Paint','2020-01-10 02:34:16','2020-01-10 02:34:16'),(93,90,'Asian Paint','2020-01-10 02:34:18','2020-01-10 02:34:18'),(94,90,'Asian Paint','2020-01-10 02:34:19','2020-01-10 02:34:19'),(95,90,'Asian Paint','2020-01-10 02:34:20','2020-01-10 02:34:20'),(96,90,'Asian Paint','2020-01-10 02:34:22','2020-01-10 02:34:22'),(97,90,'Asian Paint','2020-01-10 02:34:24','2020-01-10 02:34:24'),(98,90,'Asian Paint','2020-01-10 02:37:52','2020-01-10 02:37:52'),(99,95,'Asian Paint','2020-01-10 02:37:54','2020-01-10 02:37:54'),(100,90,'Asian Paint','2020-01-10 02:37:55','2020-01-10 02:37:55'),(101,90,'Asian Paint','2020-01-10 02:37:56','2020-01-10 02:37:56'),(102,90,'Asian Paint','2020-01-10 02:37:58','2020-01-10 02:37:58'),(103,90,'Asian Paint','2020-01-10 02:37:59','2020-01-10 02:37:59'),(104,90,'Asian Paint','2020-01-10 02:38:00','2020-01-10 02:38:00'),(105,90,'Asian Paint','2020-01-10 02:38:02','2020-01-10 02:38:02'),(106,90,'Asian Paint','2020-01-10 02:38:03','2020-01-10 02:38:03'),(107,90,'Asian Paint','2020-01-10 02:38:04','2020-01-10 02:38:04'),(108,90,'Asian Paint','2020-01-10 02:38:06','2020-01-10 02:38:06'),(109,90,'Asian Paint','2020-01-10 02:38:07','2020-01-10 02:38:07'),(110,90,'Asian Paint','2020-01-10 02:38:08','2020-01-10 02:38:08'),(111,90,'Asian Paint','2020-01-10 02:38:10','2020-01-10 02:38:10'),(112,90,'Asian Paint','2020-01-10 02:38:12','2020-01-10 02:38:12'),(121,11,'Asian Paint','2020-01-11 13:34:10','2020-01-11 13:34:10'),(122,11,'Sleek designers','2020-01-11 13:34:11','2020-01-11 13:34:11'),(123,96,'Fino','2020-01-12 09:37:30','2020-01-12 09:37:30'),(124,96,' Aqua','2020-01-12 09:37:31','2020-01-12 09:37:31'),(125,97,'ABT','2020-01-12 09:59:28','2020-01-12 09:59:28'),(126,97,' Nelox','2020-01-12 09:59:28','2020-01-12 09:59:28'),(127,98,'test5','2020-01-14 07:01:45','2020-01-14 07:01:45'),(128,99,'test5','2020-01-14 07:02:00','2020-01-14 07:02:00'),(129,100,'Asian paints','2020-01-17 09:46:41','2020-01-17 09:46:41');
/*!40000 ALTER TABLE `vendor_brands` ENABLE KEYS */;
UNLOCK TABLES;

--
-- Table structure for table `vendor_category_ratings`
--

DROP TABLE IF EXISTS `vendor_category_ratings`;
/*!40101 SET @saved_cs_client     = @@character_set_client */;
/*!50503 SET character_set_client = utf8mb4 */;
CREATE TABLE `vendor_category_ratings` (
  `id` int(11) NOT NULL AUTO_INCREMENT,
  `client_id` int(11) DEFAULT NULL,
  `vendor_organisation_id` int(11) DEFAULT NULL,
  `project_id` int(11) DEFAULT NULL,
  `rating` float DEFAULT NULL,
  `rating_category` int(11) DEFAULT NULL,
  `created_at` timestamp NOT NULL DEFAULT CURRENT_TIMESTAMP,
  `modified_date` timestamp NOT NULL DEFAULT CURRENT_TIMESTAMP ON UPDATE CURRENT_TIMESTAMP,
  PRIMARY KEY (`id`)
) ENGINE=InnoDB AUTO_INCREMENT=42 DEFAULT CHARSET=latin1;
/*!40101 SET character_set_client = @saved_cs_client */;

--
-- Dumping data for table `vendor_category_ratings`
--

LOCK TABLES `vendor_category_ratings` WRITE;
/*!40000 ALTER TABLE `vendor_category_ratings` DISABLE KEYS */;
INSERT INTO `vendor_category_ratings` VALUES (1,1,1,1,5,1,'2019-12-20 11:57:07','2020-01-14 07:01:23'),(2,1,1,1,5,2,'2019-12-20 11:57:08','2020-01-14 07:01:24'),(3,1,1,1,5,3,'2019-12-20 11:57:09','2020-01-14 07:01:23'),(4,1,1,1,5,4,'2020-01-14 05:39:34','2020-01-14 05:52:24'),(5,1,1,8,5,1,'2020-01-10 05:02:32','2020-01-14 07:01:24'),(6,1,1,8,5,2,'2020-01-10 05:02:33','2020-01-14 07:01:25'),(7,1,1,2,5,3,'2020-01-10 05:02:33','2020-01-14 07:01:25'),(8,1,1,2,5,4,'2020-01-10 05:02:33','2020-01-13 15:53:33'),(9,1,1,2,5,1,'2020-01-10 05:13:37','2020-01-14 07:01:25'),(10,1,1,2,5,2,'2020-01-10 05:19:27','2020-01-14 07:01:26'),(11,1,2,3,5,1,'2020-01-10 05:19:28','2020-01-14 11:12:27'),(12,1,2,3,5,2,'2020-01-10 05:19:28','2020-01-14 11:12:27'),(13,1,2,3,5,3,'2020-01-10 05:19:29','2020-01-14 11:12:28'),(14,1,2,3,5,4,'2020-01-10 05:19:30','2020-01-14 11:12:28'),(15,1,1,9,5,1,'2020-01-10 05:19:30','2020-01-14 07:01:28'),(16,1,1,7,5,1,'2020-01-10 05:19:31','2020-01-14 05:02:30'),(17,1,1,7,5,2,'2020-01-10 05:19:32','2020-01-14 07:01:28'),(18,1,1,9,5,2,'2020-01-10 05:19:32','2020-01-14 07:01:29'),(19,1,1,NULL,5,1,'2020-01-10 05:19:33','2020-01-14 11:00:15'),(20,1,1,7,5,3,'2020-01-13 16:04:46','2020-01-14 07:01:29'),(21,1,1,7,5,4,'2020-01-13 16:04:47','2020-01-14 07:01:30'),(28,1,1,8,5,3,'2020-01-14 05:05:05','2020-01-14 07:01:31'),(29,1,1,8,5,4,'2020-01-14 05:05:06','2020-01-14 07:01:30');
/*!40000 ALTER TABLE `vendor_category_ratings` ENABLE KEYS */;
UNLOCK TABLES;

--
-- Table structure for table `vendor_licenses`
--

DROP TABLE IF EXISTS `vendor_licenses`;
/*!40101 SET @saved_cs_client     = @@character_set_client */;
/*!50503 SET character_set_client = utf8mb4 */;
CREATE TABLE `vendor_licenses` (
  `id` int(11) NOT NULL AUTO_INCREMENT,
  `vendor_organisation_id` int(11) DEFAULT NULL,
  `license_name` varchar(255) DEFAULT NULL,
  `license_number` varchar(255) DEFAULT NULL,
  `license_expiry_date` varchar(255) DEFAULT NULL,
  `created_at` timestamp NOT NULL DEFAULT CURRENT_TIMESTAMP,
  `modified_date` timestamp NOT NULL DEFAULT CURRENT_TIMESTAMP ON UPDATE CURRENT_TIMESTAMP,
  PRIMARY KEY (`id`)
) ENGINE=InnoDB AUTO_INCREMENT=120 DEFAULT CHARSET=latin1;
/*!40101 SET character_set_client = @saved_cs_client */;

--
-- Dumping data for table `vendor_licenses`
--

LOCK TABLES `vendor_licenses` WRITE;
/*!40000 ALTER TABLE `vendor_licenses` DISABLE KEYS */;
INSERT INTO `vendor_licenses` VALUES (1,1,'Excellence Interior','EXCL223232','2020-12-12','2020-01-04 07:40:11','2020-01-04 10:00:17'),(2,87,'Painting','','','2020-01-04 11:56:07','2020-01-04 11:56:07'),(3,87,'Interior','','','2020-01-04 11:56:08','2020-01-04 11:56:08'),(4,88,'Painting','','','2020-01-04 12:02:38','2020-01-04 12:02:38'),(5,88,'Interior','','','2020-01-04 12:02:39','2020-01-04 12:02:39'),(6,89,'Example','','','2020-01-04 12:07:33','2020-01-04 12:07:33'),(7,90,'Example','','','2020-01-04 12:38:17','2020-01-04 12:38:17'),(8,89,'ExampleUpdate','','','2020-01-04 13:33:10','2020-01-04 13:33:10'),(9,90,'ExampleUpdate','','','2020-01-04 13:35:34','2020-01-04 13:35:34'),(10,90,'ExampleUpdate','','','2020-01-04 14:00:28','2020-01-04 14:00:28'),(11,90,'ExampleUpdate','','','2020-01-10 02:28:40','2020-01-10 02:28:40'),(12,91,'ExampleUpdate','','','2020-01-10 02:28:42','2020-01-10 02:28:42'),(13,90,'ExampleUpdate','','','2020-01-10 02:28:44','2020-01-10 02:28:44'),(14,90,'ExampleUpdate','','','2020-01-10 02:28:45','2020-01-10 02:28:45'),(15,90,'ExampleUpdate','','','2020-01-10 02:28:46','2020-01-10 02:28:46'),(16,90,'ExampleUpdate','','','2020-01-10 02:28:48','2020-01-10 02:28:48'),(17,90,'ExampleUpdate','','','2020-01-10 02:28:49','2020-01-10 02:28:49'),(18,90,'ExampleUpdate','','','2020-01-10 02:28:51','2020-01-10 02:28:51'),(19,90,'ExampleUpdate','','','2020-01-10 02:28:52','2020-01-10 02:28:52'),(20,90,'ExampleUpdate','','','2020-01-10 02:28:53','2020-01-10 02:28:53'),(21,90,'ExampleUpdate','','','2020-01-10 02:28:55','2020-01-10 02:28:55'),(22,90,'ExampleUpdate','','','2020-01-10 02:28:56','2020-01-10 02:28:56'),(23,90,'ExampleUpdate','','','2020-01-10 02:28:57','2020-01-10 02:28:57'),(24,90,'ExampleUpdate','','','2020-01-10 02:28:59','2020-01-10 02:28:59'),(25,90,'ExampleUpdate','','','2020-01-10 02:29:00','2020-01-10 02:29:00'),(26,90,'ExampleUpdate','','','2020-01-10 02:29:02','2020-01-10 02:29:02'),(27,90,'ExampleUpdate','','','2020-01-10 02:29:03','2020-01-10 02:29:03'),(28,90,'ExampleUpdate','','','2020-01-10 02:29:04','2020-01-10 02:29:04'),(29,90,'ExampleUpdate','','','2020-01-10 02:29:05','2020-01-10 02:29:05'),(30,90,'ExampleUpdate','','','2020-01-10 02:29:07','2020-01-10 02:29:07'),(31,90,'ExampleUpdate','','','2020-01-10 02:29:08','2020-01-10 02:29:08'),(32,90,'ExampleUpdate','','','2020-01-10 02:29:09','2020-01-10 02:29:09'),(33,90,'ExampleUpdate','','','2020-01-10 02:29:11','2020-01-10 02:29:11'),(34,90,'ExampleUpdate','','','2020-01-10 02:29:13','2020-01-10 02:29:13'),(35,90,'ExampleUpdate','','','2020-01-10 02:29:14','2020-01-10 02:29:14'),(36,90,'ExampleUpdate','','','2020-01-10 02:29:15','2020-01-10 02:29:15'),(37,90,'','','','2020-01-10 02:29:17','2020-01-10 02:29:17'),(38,90,'ExampleUpdate','','','2020-01-10 02:29:18','2020-01-10 02:29:18'),(39,90,'ExampleUpdate','','','2020-01-10 02:29:19','2020-01-10 02:29:19'),(40,90,'ExampleUpdate','','','2020-01-10 02:29:20','2020-01-10 02:29:20'),(41,90,'ExampleUpdate','','','2020-01-10 02:29:22','2020-01-10 02:29:22'),(42,90,'ExampleUpdate','','','2020-01-10 02:29:23','2020-01-10 02:29:23'),(43,90,'ExampleUpdate','','','2020-01-10 02:29:24','2020-01-10 02:29:24'),(44,90,'ExampleUpdate','','','2020-01-10 02:29:25','2020-01-10 02:29:25'),(45,90,'ExampleUpdate','','','2020-01-10 02:29:27','2020-01-10 02:29:27'),(46,92,'ExampleUpdate','','','2020-01-10 02:29:28','2020-01-10 02:29:28'),(47,90,'ExampleUpdate','','','2020-01-10 02:29:30','2020-01-10 02:29:30'),(48,90,'ExampleUpdate','','','2020-01-10 02:29:31','2020-01-10 02:29:31'),(49,90,'ExampleUpdate','','','2020-01-10 02:29:32','2020-01-10 02:29:32'),(50,90,'ExampleUpdate','','','2020-01-10 02:29:34','2020-01-10 02:29:34'),(51,90,'ExampleUpdate','','','2020-01-10 02:29:35','2020-01-10 02:29:35'),(52,90,'ExampleUpdate','','','2020-01-10 02:29:36','2020-01-10 02:29:36'),(53,90,'ExampleUpdate','','','2020-01-10 02:33:23','2020-01-10 02:33:23'),(54,93,'ExampleUpdate','','','2020-01-10 02:33:25','2020-01-10 02:33:25'),(55,90,'ExampleUpdate','','','2020-01-10 02:33:27','2020-01-10 02:33:27'),(56,90,'ExampleUpdate','','','2020-01-10 02:33:28','2020-01-10 02:33:28'),(57,90,'ExampleUpdate','','','2020-01-10 02:33:30','2020-01-10 02:33:30'),(58,90,'ExampleUpdate','','','2020-01-10 02:33:31','2020-01-10 02:33:31'),(59,90,'ExampleUpdate','','','2020-01-10 02:33:32','2020-01-10 02:33:32'),(60,90,'ExampleUpdate','','','2020-01-10 02:33:34','2020-01-10 02:33:34'),(61,90,'ExampleUpdate','','','2020-01-10 02:33:35','2020-01-10 02:33:35'),(62,90,'ExampleUpdate','','','2020-01-10 02:33:36','2020-01-10 02:33:36'),(63,90,'ExampleUpdate','','','2020-01-10 02:33:38','2020-01-10 02:33:38'),(64,90,'ExampleUpdate','','','2020-01-10 02:33:39','2020-01-10 02:33:39'),(65,90,'ExampleUpdate','','','2020-01-10 02:33:40','2020-01-10 02:33:40'),(66,90,'ExampleUpdate','','','2020-01-10 02:33:42','2020-01-10 02:33:42'),(67,90,'ExampleUpdate','','','2020-01-10 02:33:44','2020-01-10 02:33:44'),(68,90,'ExampleUpdate','','','2020-01-10 02:33:45','2020-01-10 02:33:45'),(69,90,'ExampleUpdate','','','2020-01-10 02:33:46','2020-01-10 02:33:46'),(70,90,'ExampleUpdate','','','2020-01-10 02:33:48','2020-01-10 02:33:48'),(71,90,'ExampleUpdate','','','2020-01-10 02:33:49','2020-01-10 02:33:49'),(72,90,'ExampleUpdate','','','2020-01-10 02:33:51','2020-01-10 02:33:51'),(73,90,'ExampleUpdate','','','2020-01-10 02:33:52','2020-01-10 02:33:52'),(74,90,'ExampleUpdate','','','2020-01-10 02:33:54','2020-01-10 02:33:54'),(75,90,'ExampleUpdate','','','2020-01-10 02:33:55','2020-01-10 02:33:55'),(76,90,'ExampleUpdate','','','2020-01-10 02:33:57','2020-01-10 02:33:57'),(77,90,'ExampleUpdate','','','2020-01-10 02:33:59','2020-01-10 02:33:59'),(78,90,'ExampleUpdate','','','2020-01-10 02:34:00','2020-01-10 02:34:00'),(79,90,'','','','2020-01-10 02:34:03','2020-01-10 02:34:03'),(80,90,'ExampleUpdate','','','2020-01-10 02:34:04','2020-01-10 02:34:04'),(81,90,'ExampleUpdate','','','2020-01-10 02:34:05','2020-01-10 02:34:05'),(82,90,'ExampleUpdate','','','2020-01-10 02:34:07','2020-01-10 02:34:07'),(83,90,'ExampleUpdate','','','2020-01-10 02:34:08','2020-01-10 02:34:08'),(84,90,'ExampleUpdate','','','2020-01-10 02:34:09','2020-01-10 02:34:09'),(85,90,'ExampleUpdate','','','2020-01-10 02:34:11','2020-01-10 02:34:11'),(86,90,'ExampleUpdate','','','2020-01-10 02:34:12','2020-01-10 02:34:12'),(87,90,'ExampleUpdate','','','2020-01-10 02:34:14','2020-01-10 02:34:14'),(88,94,'ExampleUpdate','','','2020-01-10 02:34:15','2020-01-10 02:34:15'),(89,90,'ExampleUpdate','','','2020-01-10 02:34:16','2020-01-10 02:34:16'),(90,90,'ExampleUpdate','','','2020-01-10 02:34:18','2020-01-10 02:34:18'),(91,90,'ExampleUpdate','','','2020-01-10 02:34:19','2020-01-10 02:34:19'),(92,90,'ExampleUpdate','','','2020-01-10 02:34:20','2020-01-10 02:34:20'),(93,90,'ExampleUpdate','','','2020-01-10 02:34:22','2020-01-10 02:34:22'),(94,90,'ExampleUpdate','','','2020-01-10 02:34:24','2020-01-10 02:34:24'),(95,90,'ExampleUpdate','','','2020-01-10 02:37:52','2020-01-10 02:37:52'),(96,95,'ExampleUpdate','','','2020-01-10 02:37:54','2020-01-10 02:37:54'),(97,90,'ExampleUpdate','','','2020-01-10 02:37:55','2020-01-10 02:37:55'),(98,90,'ExampleUpdate','','','2020-01-10 02:37:56','2020-01-10 02:37:56'),(99,90,'ExampleUpdate','','','2020-01-10 02:37:58','2020-01-10 02:37:58'),(100,90,'ExampleUpdate','','','2020-01-10 02:37:59','2020-01-10 02:37:59'),(101,90,'ExampleUpdate','','','2020-01-10 02:38:01','2020-01-10 02:38:01'),(102,90,'ExampleUpdate','','','2020-01-10 02:38:02','2020-01-10 02:38:02'),(103,90,'ExampleUpdate','','','2020-01-10 02:38:03','2020-01-10 02:38:03'),(104,90,'ExampleUpdate','','','2020-01-10 02:38:05','2020-01-10 02:38:05'),(105,90,'ExampleUpdate','','','2020-01-10 02:38:06','2020-01-10 02:38:06'),(106,90,'ExampleUpdate','','','2020-01-10 02:38:07','2020-01-10 02:38:07'),(107,90,'ExampleUpdate','','','2020-01-10 02:38:08','2020-01-10 02:38:08'),(108,90,'ExampleUpdate','','','2020-01-10 02:38:11','2020-01-10 02:38:11'),(109,90,'ExampleUpdate','','','2020-01-10 02:38:12','2020-01-10 02:38:12'),(114,11,'Example','','','2020-01-11 13:34:12','2020-01-11 13:34:12'),(115,96,'ANC3234686','','','2020-01-12 09:37:32','2020-01-12 09:37:32'),(116,97,'SDF343454','','','2020-01-12 09:59:28','2020-01-12 09:59:28'),(117,98,'test2','','','2020-01-14 07:01:46','2020-01-14 07:01:46'),(118,99,'test2','','','2020-01-14 07:02:00','2020-01-14 07:02:00'),(119,100,'sn23232','','','2020-01-17 09:46:41','2020-01-17 09:46:41');
/*!40000 ALTER TABLE `vendor_licenses` ENABLE KEYS */;
UNLOCK TABLES;

--
-- Table structure for table `vendor_memberships`
--

DROP TABLE IF EXISTS `vendor_memberships`;
/*!40101 SET @saved_cs_client     = @@character_set_client */;
/*!50503 SET character_set_client = utf8mb4 */;
CREATE TABLE `vendor_memberships` (
  `id` int(11) NOT NULL AUTO_INCREMENT,
  `vendor_organisation_id` int(11) DEFAULT NULL,
  `membership_name` varchar(255) DEFAULT NULL,
  `membership_provider` varchar(255) DEFAULT NULL,
  `created_at` timestamp NOT NULL DEFAULT CURRENT_TIMESTAMP,
  `modified_date` timestamp NOT NULL DEFAULT CURRENT_TIMESTAMP ON UPDATE CURRENT_TIMESTAMP,
  PRIMARY KEY (`id`)
) ENGINE=InnoDB AUTO_INCREMENT=220 DEFAULT CHARSET=latin1;
/*!40101 SET character_set_client = @saved_cs_client */;

--
-- Dumping data for table `vendor_memberships`
--

LOCK TABLES `vendor_memberships` WRITE;
/*!40000 ALTER TABLE `vendor_memberships` DISABLE KEYS */;
INSERT INTO `vendor_memberships` VALUES (1,1,'Premium','Condonuity','2020-01-04 07:39:24','2020-01-04 07:39:24'),(2,87,'Painting','','2020-01-04 11:56:09','2020-01-04 11:56:09'),(3,87,'Interior','','2020-01-04 11:56:10','2020-01-04 11:56:10'),(4,88,'Painting','','2020-01-04 12:02:40','2020-01-04 12:02:40'),(5,88,'Interior','','2020-01-04 12:02:41','2020-01-04 12:02:41'),(6,89,'VIP','','2020-01-04 12:07:35','2020-01-04 12:07:35'),(7,90,'VIP','','2020-01-04 12:38:18','2020-01-04 12:38:18'),(8,89,'VIP','','2020-01-04 13:33:11','2020-01-04 13:33:11'),(9,89,'Premium','','2020-01-04 13:33:12','2020-01-04 13:33:12'),(10,90,'VIP','','2020-01-04 13:35:35','2020-01-04 13:35:35'),(11,90,'Premium','','2020-01-04 13:35:36','2020-01-04 13:35:36'),(12,90,'VIP','','2020-01-04 14:00:29','2020-01-04 14:00:29'),(13,90,'Premium','','2020-01-04 14:00:30','2020-01-04 14:00:30'),(14,90,'VIP','','2020-01-10 02:28:40','2020-01-10 02:28:40'),(15,90,'Premium','','2020-01-10 02:28:41','2020-01-10 02:28:41'),(16,91,'VIP','','2020-01-10 02:28:42','2020-01-10 02:28:42'),(17,91,'Premium','','2020-01-10 02:28:42','2020-01-10 02:28:42'),(18,90,'VIP','','2020-01-10 02:28:44','2020-01-10 02:28:44'),(19,90,'Premium','','2020-01-10 02:28:44','2020-01-10 02:28:44'),(20,90,'VIP','','2020-01-10 02:28:45','2020-01-10 02:28:45'),(21,90,'Premium','','2020-01-10 02:28:45','2020-01-10 02:28:45'),(22,90,'VIP','','2020-01-10 02:28:46','2020-01-10 02:28:46'),(23,90,'Premium','','2020-01-10 02:28:47','2020-01-10 02:28:47'),(24,90,'VIP','','2020-01-10 02:28:48','2020-01-10 02:28:48'),(25,90,'Premium','','2020-01-10 02:28:48','2020-01-10 02:28:48'),(26,90,'VIP','','2020-01-10 02:28:49','2020-01-10 02:28:49'),(27,90,'Premium','','2020-01-10 02:28:49','2020-01-10 02:28:49'),(28,90,'VIP','','2020-01-10 02:28:51','2020-01-10 02:28:51'),(29,90,'Premium','','2020-01-10 02:28:51','2020-01-10 02:28:51'),(30,90,'VIP','','2020-01-10 02:28:52','2020-01-10 02:28:52'),(31,90,'Premium','','2020-01-10 02:28:52','2020-01-10 02:28:52'),(32,90,'VIP','','2020-01-10 02:28:53','2020-01-10 02:28:53'),(33,90,'Premium','','2020-01-10 02:28:53','2020-01-10 02:28:53'),(34,90,'VIP','','2020-01-10 02:28:55','2020-01-10 02:28:55'),(35,90,'Premium','','2020-01-10 02:28:55','2020-01-10 02:28:55'),(36,90,'VIP','','2020-01-10 02:28:56','2020-01-10 02:28:56'),(37,90,'Premium','','2020-01-10 02:28:56','2020-01-10 02:28:56'),(38,90,'VIP','','2020-01-10 02:28:57','2020-01-10 02:28:57'),(39,90,'Premium','','2020-01-10 02:28:57','2020-01-10 02:28:57'),(40,90,'VIP','','2020-01-10 02:28:59','2020-01-10 02:28:59'),(41,90,'Premium','','2020-01-10 02:28:59','2020-01-10 02:28:59'),(42,90,'VIP','','2020-01-10 02:29:00','2020-01-10 02:29:00'),(43,90,'Premium','','2020-01-10 02:29:01','2020-01-10 02:29:01'),(44,90,'VIP','','2020-01-10 02:29:02','2020-01-10 02:29:02'),(45,90,'Premium','','2020-01-10 02:29:02','2020-01-10 02:29:02'),(46,90,'VIP','','2020-01-10 02:29:03','2020-01-10 02:29:03'),(47,90,'Premium','','2020-01-10 02:29:03','2020-01-10 02:29:03'),(48,90,'VIP','','2020-01-10 02:29:04','2020-01-10 02:29:04'),(49,90,'Premium','','2020-01-10 02:29:04','2020-01-10 02:29:04'),(50,90,'VIP','','2020-01-10 02:29:06','2020-01-10 02:29:06'),(51,90,'Premium','','2020-01-10 02:29:06','2020-01-10 02:29:06'),(52,90,'VIP','','2020-01-10 02:29:07','2020-01-10 02:29:07'),(53,90,'Premium','','2020-01-10 02:29:07','2020-01-10 02:29:07'),(54,90,'VIP','','2020-01-10 02:29:08','2020-01-10 02:29:08'),(55,90,'Premium','','2020-01-10 02:29:08','2020-01-10 02:29:08'),(56,90,'VIP','','2020-01-10 02:29:09','2020-01-10 02:29:09'),(57,90,'Premium','','2020-01-10 02:29:10','2020-01-10 02:29:10'),(58,90,'VIP','','2020-01-10 02:29:11','2020-01-10 02:29:11'),(59,90,'Premium','','2020-01-10 02:29:11','2020-01-10 02:29:11'),(60,90,'VIP','','2020-01-10 02:29:13','2020-01-10 02:29:13'),(61,90,'Premium','','2020-01-10 02:29:13','2020-01-10 02:29:13'),(62,90,'VIP','','2020-01-10 02:29:14','2020-01-10 02:29:14'),(63,90,'Premium','','2020-01-10 02:29:14','2020-01-10 02:29:14'),(64,90,'VIP','','2020-01-10 02:29:15','2020-01-10 02:29:15'),(65,90,'Premium','','2020-01-10 02:29:16','2020-01-10 02:29:16'),(66,90,'VIP','','2020-01-10 02:29:17','2020-01-10 02:29:17'),(67,90,'Premium','','2020-01-10 02:29:17','2020-01-10 02:29:17'),(68,90,'','','2020-01-10 02:29:18','2020-01-10 02:29:18'),(69,90,'VIP','','2020-01-10 02:29:19','2020-01-10 02:29:19'),(70,90,'Premium','','2020-01-10 02:29:19','2020-01-10 02:29:19'),(71,90,'VIP','','2020-01-10 02:29:20','2020-01-10 02:29:20'),(72,90,'Premium','','2020-01-10 02:29:20','2020-01-10 02:29:20'),(73,90,'VIP','','2020-01-10 02:29:22','2020-01-10 02:29:22'),(74,90,'Premium','','2020-01-10 02:29:22','2020-01-10 02:29:22'),(75,90,'VIP','','2020-01-10 02:29:23','2020-01-10 02:29:23'),(76,90,'Premium','','2020-01-10 02:29:23','2020-01-10 02:29:23'),(77,90,'VIP','','2020-01-10 02:29:24','2020-01-10 02:29:24'),(78,90,'Premium','','2020-01-10 02:29:24','2020-01-10 02:29:24'),(79,90,'VIP','','2020-01-10 02:29:26','2020-01-10 02:29:26'),(80,90,'Premium','','2020-01-10 02:29:26','2020-01-10 02:29:26'),(81,90,'VIP','','2020-01-10 02:29:27','2020-01-10 02:29:27'),(82,90,'Premium','','2020-01-10 02:29:27','2020-01-10 02:29:27'),(83,92,'VIP','','2020-01-10 02:29:28','2020-01-10 02:29:28'),(84,92,'Premium','','2020-01-10 02:29:29','2020-01-10 02:29:29'),(85,90,'VIP','','2020-01-10 02:29:30','2020-01-10 02:29:30'),(86,90,'Premium','','2020-01-10 02:29:30','2020-01-10 02:29:30'),(87,90,'VIP','','2020-01-10 02:29:31','2020-01-10 02:29:31'),(88,90,'Premium','','2020-01-10 02:29:31','2020-01-10 02:29:31'),(89,90,'VIP','','2020-01-10 02:29:32','2020-01-10 02:29:32'),(90,90,'Premium','','2020-01-10 02:29:33','2020-01-10 02:29:33'),(91,90,'VIP','','2020-01-10 02:29:34','2020-01-10 02:29:34'),(92,90,'Premium','','2020-01-10 02:29:34','2020-01-10 02:29:34'),(93,90,'VIP','','2020-01-10 02:29:35','2020-01-10 02:29:35'),(94,90,'Premium','','2020-01-10 02:29:35','2020-01-10 02:29:35'),(95,90,'VIP','','2020-01-10 02:29:36','2020-01-10 02:29:36'),(96,90,'Premium','','2020-01-10 02:29:36','2020-01-10 02:29:36'),(97,90,'VIP','','2020-01-10 02:33:23','2020-01-10 02:33:23'),(98,90,'Premium','','2020-01-10 02:33:23','2020-01-10 02:33:23'),(99,93,'VIP','','2020-01-10 02:33:25','2020-01-10 02:33:25'),(100,93,'Premium','','2020-01-10 02:33:25','2020-01-10 02:33:25'),(101,90,'VIP','','2020-01-10 02:33:27','2020-01-10 02:33:27'),(102,90,'Premium','','2020-01-10 02:33:27','2020-01-10 02:33:27'),(103,90,'VIP','','2020-01-10 02:33:28','2020-01-10 02:33:28'),(104,90,'Premium','','2020-01-10 02:33:28','2020-01-10 02:33:28'),(105,90,'VIP','','2020-01-10 02:33:30','2020-01-10 02:33:30'),(106,90,'Premium','','2020-01-10 02:33:30','2020-01-10 02:33:30'),(107,90,'VIP','','2020-01-10 02:33:31','2020-01-10 02:33:31'),(108,90,'Premium','','2020-01-10 02:33:31','2020-01-10 02:33:31'),(109,90,'VIP','','2020-01-10 02:33:32','2020-01-10 02:33:32'),(110,90,'Premium','','2020-01-10 02:33:32','2020-01-10 02:33:32'),(111,90,'VIP','','2020-01-10 02:33:34','2020-01-10 02:33:34'),(112,90,'Premium','','2020-01-10 02:33:34','2020-01-10 02:33:34'),(113,90,'VIP','','2020-01-10 02:33:35','2020-01-10 02:33:35'),(114,90,'Premium','','2020-01-10 02:33:35','2020-01-10 02:33:35'),(115,90,'VIP','','2020-01-10 02:33:36','2020-01-10 02:33:36'),(116,90,'Premium','','2020-01-10 02:33:36','2020-01-10 02:33:36'),(117,90,'VIP','','2020-01-10 02:33:38','2020-01-10 02:33:38'),(118,90,'Premium','','2020-01-10 02:33:38','2020-01-10 02:33:38'),(119,90,'VIP','','2020-01-10 02:33:39','2020-01-10 02:33:39'),(120,90,'Premium','','2020-01-10 02:33:39','2020-01-10 02:33:39'),(121,90,'VIP','','2020-01-10 02:33:40','2020-01-10 02:33:40'),(122,90,'Premium','','2020-01-10 02:33:41','2020-01-10 02:33:41'),(123,90,'VIP','','2020-01-10 02:33:42','2020-01-10 02:33:42'),(124,90,'Premium','','2020-01-10 02:33:42','2020-01-10 02:33:42'),(125,90,'VIP','','2020-01-10 02:33:44','2020-01-10 02:33:44'),(126,90,'Premium','','2020-01-10 02:33:44','2020-01-10 02:33:44'),(127,90,'VIP','','2020-01-10 02:33:45','2020-01-10 02:33:45'),(128,90,'Premium','','2020-01-10 02:33:45','2020-01-10 02:33:45'),(129,90,'VIP','','2020-01-10 02:33:46','2020-01-10 02:33:46'),(130,90,'Premium','','2020-01-10 02:33:46','2020-01-10 02:33:46'),(131,90,'VIP','','2020-01-10 02:33:48','2020-01-10 02:33:48'),(132,90,'Premium','','2020-01-10 02:33:48','2020-01-10 02:33:48'),(133,90,'VIP','','2020-01-10 02:33:49','2020-01-10 02:33:49'),(134,90,'Premium','','2020-01-10 02:33:49','2020-01-10 02:33:49'),(135,90,'VIP','','2020-01-10 02:33:51','2020-01-10 02:33:51'),(136,90,'Premium','','2020-01-10 02:33:51','2020-01-10 02:33:51'),(137,90,'VIP','','2020-01-10 02:33:52','2020-01-10 02:33:52'),(138,90,'Premium','','2020-01-10 02:33:52','2020-01-10 02:33:52'),(139,90,'VIP','','2020-01-10 02:33:54','2020-01-10 02:33:54'),(140,90,'Premium','','2020-01-10 02:33:54','2020-01-10 02:33:54'),(141,90,'VIP','','2020-01-10 02:33:55','2020-01-10 02:33:55'),(142,90,'Premium','','2020-01-10 02:33:55','2020-01-10 02:33:55'),(143,90,'VIP','','2020-01-10 02:33:57','2020-01-10 02:33:57'),(144,90,'Premium','','2020-01-10 02:33:58','2020-01-10 02:33:58'),(145,90,'VIP','','2020-01-10 02:33:59','2020-01-10 02:33:59'),(146,90,'Premium','','2020-01-10 02:33:59','2020-01-10 02:33:59'),(147,90,'VIP','','2020-01-10 02:34:00','2020-01-10 02:34:00'),(148,90,'Premium','','2020-01-10 02:34:00','2020-01-10 02:34:00'),(149,90,'VIP','','2020-01-10 02:34:03','2020-01-10 02:34:03'),(150,90,'Premium','','2020-01-10 02:34:03','2020-01-10 02:34:03'),(151,90,'','','2020-01-10 02:34:04','2020-01-10 02:34:04'),(152,90,'VIP','','2020-01-10 02:34:05','2020-01-10 02:34:05'),(153,90,'Premium','','2020-01-10 02:34:05','2020-01-10 02:34:05'),(154,90,'VIP','','2020-01-10 02:34:07','2020-01-10 02:34:07'),(155,90,'Premium','','2020-01-10 02:34:07','2020-01-10 02:34:07'),(156,90,'VIP','','2020-01-10 02:34:08','2020-01-10 02:34:08'),(157,90,'Premium','','2020-01-10 02:34:08','2020-01-10 02:34:08'),(158,90,'VIP','','2020-01-10 02:34:09','2020-01-10 02:34:09'),(159,90,'Premium','','2020-01-10 02:34:09','2020-01-10 02:34:09'),(160,90,'VIP','','2020-01-10 02:34:11','2020-01-10 02:34:11'),(161,90,'Premium','','2020-01-10 02:34:11','2020-01-10 02:34:11'),(162,90,'VIP','','2020-01-10 02:34:12','2020-01-10 02:34:12'),(163,90,'Premium','','2020-01-10 02:34:12','2020-01-10 02:34:12'),(164,90,'VIP','','2020-01-10 02:34:14','2020-01-10 02:34:14'),(165,90,'Premium','','2020-01-10 02:34:14','2020-01-10 02:34:14'),(166,94,'VIP','','2020-01-10 02:34:15','2020-01-10 02:34:15'),(167,94,'Premium','','2020-01-10 02:34:15','2020-01-10 02:34:15'),(168,90,'VIP','','2020-01-10 02:34:17','2020-01-10 02:34:17'),(169,90,'Premium','','2020-01-10 02:34:17','2020-01-10 02:34:17'),(170,90,'VIP','','2020-01-10 02:34:18','2020-01-10 02:34:18'),(171,90,'Premium','','2020-01-10 02:34:18','2020-01-10 02:34:18'),(172,90,'VIP','','2020-01-10 02:34:19','2020-01-10 02:34:19'),(173,90,'Premium','','2020-01-10 02:34:19','2020-01-10 02:34:19'),(174,90,'VIP','','2020-01-10 02:34:20','2020-01-10 02:34:20'),(175,90,'Premium','','2020-01-10 02:34:21','2020-01-10 02:34:21'),(176,90,'VIP','','2020-01-10 02:34:22','2020-01-10 02:34:22'),(177,90,'Premium','','2020-01-10 02:34:22','2020-01-10 02:34:22'),(178,90,'VIP','','2020-01-10 02:34:24','2020-01-10 02:34:24'),(179,90,'Premium','','2020-01-10 02:34:24','2020-01-10 02:34:24'),(180,90,'VIP','','2020-01-10 02:37:52','2020-01-10 02:37:52'),(181,90,'Premium','','2020-01-10 02:37:52','2020-01-10 02:37:52'),(182,95,'VIP','','2020-01-10 02:37:54','2020-01-10 02:37:54'),(183,95,'Premium','','2020-01-10 02:37:54','2020-01-10 02:37:54'),(184,90,'VIP','','2020-01-10 02:37:55','2020-01-10 02:37:55'),(185,90,'Premium','','2020-01-10 02:37:55','2020-01-10 02:37:55'),(186,90,'VIP','','2020-01-10 02:37:57','2020-01-10 02:37:57'),(187,90,'Premium','','2020-01-10 02:37:57','2020-01-10 02:37:57'),(188,90,'VIP','','2020-01-10 02:37:58','2020-01-10 02:37:58'),(189,90,'Premium','','2020-01-10 02:37:58','2020-01-10 02:37:58'),(190,90,'VIP','','2020-01-10 02:37:59','2020-01-10 02:37:59'),(191,90,'Premium','','2020-01-10 02:37:59','2020-01-10 02:37:59'),(192,90,'VIP','','2020-01-10 02:38:01','2020-01-10 02:38:01'),(193,90,'Premium','','2020-01-10 02:38:01','2020-01-10 02:38:01'),(194,90,'VIP','','2020-01-10 02:38:02','2020-01-10 02:38:02'),(195,90,'Premium','','2020-01-10 02:38:02','2020-01-10 02:38:02'),(196,90,'VIP','','2020-01-10 02:38:03','2020-01-10 02:38:03'),(197,90,'Premium','','2020-01-10 02:38:03','2020-01-10 02:38:03'),(198,90,'VIP','','2020-01-10 02:38:05','2020-01-10 02:38:05'),(199,90,'Premium','','2020-01-10 02:38:05','2020-01-10 02:38:05'),(200,90,'VIP','','2020-01-10 02:38:06','2020-01-10 02:38:06'),(201,90,'Premium','','2020-01-10 02:38:06','2020-01-10 02:38:06'),(202,90,'VIP','','2020-01-10 02:38:07','2020-01-10 02:38:07'),(203,90,'Premium','','2020-01-10 02:38:07','2020-01-10 02:38:07'),(204,90,'VIP','','2020-01-10 02:38:09','2020-01-10 02:38:09'),(205,90,'Premium','','2020-01-10 02:38:09','2020-01-10 02:38:09'),(206,90,'VIP','','2020-01-10 02:38:11','2020-01-10 02:38:11'),(207,90,'Premium','','2020-01-10 02:38:11','2020-01-10 02:38:11'),(208,90,'VIP','','2020-01-10 02:38:12','2020-01-10 02:38:12'),(209,90,'Premium','','2020-01-10 02:38:12','2020-01-10 02:38:12'),(214,11,'VIP','','2020-01-11 13:34:13','2020-01-11 13:34:13'),(215,96,'Some products','','2020-01-12 09:37:33','2020-01-12 09:37:33'),(216,97,'Royal','','2020-01-12 09:59:28','2020-01-12 09:59:28'),(217,98,'test3','','2020-01-14 07:01:46','2020-01-14 07:01:46'),(218,99,'test3','','2020-01-14 07:02:00','2020-01-14 07:02:00'),(219,100,'SnMembership','','2020-01-17 09:46:41','2020-01-17 09:46:41');
/*!40000 ALTER TABLE `vendor_memberships` ENABLE KEYS */;
UNLOCK TABLES;

--
-- Table structure for table `vendor_organisation`
--

DROP TABLE IF EXISTS `vendor_organisation`;
/*!40101 SET @saved_cs_client     = @@character_set_client */;
/*!50503 SET character_set_client = utf8mb4 */;
CREATE TABLE `vendor_organisation` (
  `vendor_organisation_id` int(11) NOT NULL AUTO_INCREMENT,
  `user_type` int(11) DEFAULT NULL,
  `legal_name` varchar(255) DEFAULT NULL,
  `company_name` varchar(255) DEFAULT NULL,
  `contact_person` varchar(255) DEFAULT NULL,
  `address` varchar(255) DEFAULT NULL,
  `city` varchar(255) DEFAULT NULL,
  `province` varchar(255) DEFAULT NULL,
  `postal_code` varchar(255) DEFAULT NULL,
  `expertise_category` varchar(255) DEFAULT NULL,
  `country_code` varchar(255) DEFAULT NULL,
  `email` varchar(255) DEFAULT NULL,
  `phone_number` varchar(255) DEFAULT NULL,
  `fax_number` varchar(255) DEFAULT NULL,
  `website` varchar(255) DEFAULT NULL,
  `logo_name` varchar(255) DEFAULT NULL,
  `established_date` datetime DEFAULT NULL,
  `annual_revenue` varchar(255) DEFAULT NULL,
  `description` varchar(255) DEFAULT NULL,
  `vendor_services_cities` varchar(255) DEFAULT NULL,
  `vendor_services` varchar(255) DEFAULT NULL,
  `products` varchar(255) DEFAULT NULL,
  `brands` varchar(255) DEFAULT NULL,
  `licenses` varchar(255) DEFAULT NULL,
  `memberships` varchar(255) DEFAULT NULL,
  `contact_person_email` varchar(255) DEFAULT NULL,
  `contact_person_phone` varchar(255) DEFAULT NULL,
  `employees_count` int(11) DEFAULT NULL,
  `created_at` timestamp NULL DEFAULT CURRENT_TIMESTAMP,
  `modified_date` timestamp NULL DEFAULT CURRENT_TIMESTAMP ON UPDATE CURRENT_TIMESTAMP,
  PRIMARY KEY (`vendor_organisation_id`)
) ENGINE=InnoDB AUTO_INCREMENT=101 DEFAULT CHARSET=latin1;
/*!40101 SET character_set_client = @saved_cs_client */;

--
-- Dumping data for table `vendor_organisation`
--

LOCK TABLES `vendor_organisation` WRITE;
/*!40000 ALTER TABLE `vendor_organisation` DISABLE KEYS */;
INSERT INTO `vendor_organisation` VALUES (1,2,'Vendor New','AnnexCLDS','Prakash','Vandalur','chennai','IN','645645','interior','IN','email.email.co','235345345','fx35435345','vendor.com','Vendor Logo','2019-01-01 00:00:00','$5464564','new vendor','chennai','Paint','paint','paint','lcs3434','Premium','prakash@vendor.com','7489834233423',500,'2019-12-19 12:28:51','2020-01-11 12:11:24'),(2,2,'5Vendor New','5AnnexCLDS','5Prakash','5medavakkam','5chennai','5IN','5645645','5interior','5IN','5email.email.co','5235345345','5fx35435345','5vendor.com','5Vendor Logo','2019-01-01 00:00:00','5$5464564','5new vendor','5chennai','5Paint','5paint','5paint','5lcs3434','5Premium','5prakash@vendor.com','57489834233423',5500,'2019-12-19 12:28:51','2020-01-11 10:11:27'),(3,2,'5Vendor New','5AnnexCLDS','5Prakash','5medavakkam','5chennai','5IN','5645645','5interior','5IN','5email.email.co','5235345345','5fx35435345','5vendor.com','5Vendor Logo','2019-01-01 00:00:00','5$5464564','5new vendor','5chennai','5Paint','5paint','5paint','5lcs3434','5Premium','5prakash@vendor.com','57489834233423',5500,'2019-12-19 12:28:51','2020-01-11 10:11:27'),(4,2,'5Vendor New','5AnnexCLDS','5Prakash','5medavakkam','5chennai','5IN','5645645','5interior','5IN','5email.email.co','5235345345','5fx35435345','5vendor.com','5Vendor Logo','2019-01-01 00:00:00','5$5464564','5new vendor','5chennai','5Paint','5paint','5paint','5lcs3434','5Premium','5prakash@vendor.com','57489834233423',5500,'2019-12-19 12:28:51','2020-01-11 10:11:27'),(5,2,'5Vendor New','5AnnexCLDS','5Prakash','5medavakkam','5chennai','5IN','5645645','5interior','5IN','5email.email.co','5235345345','5fx35435345','5vendor.com','5Vendor Logo','2019-01-01 00:00:00','5$5464564','5new vendor','5chennai','5Paint','5paint','5paint','5lcs3434','5Premium','5prakash@vendor.com','57489834233423',5500,'2019-12-24 05:22:13','2020-01-11 10:11:28'),(6,2,'5Vendor New','5AnnexCLDS','5Prakash','5medavakkam','5chennai','5IN','5645645','5interior','5IN','5email.email.co','5235345345','5fx35435345','5vendor.com','5Vendor Logo','2019-01-01 00:00:00','5$5464564','5new vendor','5chennai','5Paint','5paint','5paint','5lcs3434','5Premium','5prakash@vendor.com','57489834233423',5500,'2019-12-24 05:22:27','2020-01-11 10:11:29'),(7,2,'5Vendor New','5AnnexCLDS','5Prakash','5medavakkam','5chennai','5IN','5645645','5interior','5IN','5email.email.co','5235345345','5fx35435345','5vendor.com','5Vendor Logo','2019-01-01 00:00:00','5$5464564','5new vendor','5chennai','5Paint','5paint','5paint','5lcs3434','5Premium','5prakash@vendor.com','57489834233423',5500,'2019-12-24 05:29:26','2020-01-11 10:11:28'),(8,2,'5Vendor New','5AnnexCLDS','5Prakash','5medavakkam','5chennai','5IN','5645645','5interior','5IN','5email.email.co','5235345345','5fx35435345','5vendor.com','5Vendor Logo','2019-01-01 00:00:00','5$5464564','5new vendor','5chennai','5Paint','5paint','5paint','5lcs3434','5Premium','5prakash@vendor.com','57489834233423',5500,'2019-12-24 05:30:07','2020-01-11 10:11:29'),(9,0,'string','string','string','string','string','string','string','string','string','string','string','string','string','string','2019-12-12 00:00:00','string','string','string','string','string','string','string','string','string','string',0,'2019-12-24 13:48:38','2020-01-11 10:11:29'),(10,0,'string','string','string','string','string','string','string','string','string','string','string','string','string','string','2019-12-12 00:00:00','string','string','string','string','string','string','string','string','string','string',0,'2019-12-24 14:05:43','2020-01-11 10:11:30'),(11,2,'5Vendor New','5AnnexCLDS','5Prakash','5medavakkam','5chennai','5IN','5645645','5interior','5IN','5email.email.co','5235345345','5fx35435345','5vendor.com','5Vendor Logo','2019-01-01 00:00:00','5$5464564','5new vendor','string','string','string','string','string','string','5prakash@vendor.com','57489834233423',5500,'2019-12-24 14:10:52','2020-01-11 12:13:41'),(12,2,'5Vendor New','5AnnexCLDS','5Prakash','5medavakkam','5chennai','5IN','5645645','5interior','5IN','5email.email.co','5235345345','5fx35435345','5vendor.com','5Vendor Logo','2019-01-01 00:00:00','5$5464564','5new vendor','5chennai','5Paint','5paint','5paint','5lcs3434','5Premium','5prakash@vendor.com','57489834233423',5500,'2019-12-26 07:17:13','2020-01-11 10:11:30'),(13,2,'5Vendor New','5AnnexCLDS','5Prakash','','5chennai','5IN','5645645','5interior','5IN','5email.email.co','5235345345','5fx35435345','5vendor.com','5Vendor Logo','2019-01-01 00:00:00','5$5464564','5new vendor','5chennai','5Paint','5paint','5paint','5lcs3434','5Premium','5prakash@vendor.com','57489834233423',5500,'2019-12-26 07:17:14','2020-01-11 10:11:31'),(14,2,'5Vendor New','5AnnexCLDS','5Prakash','5medavakkam','5chennai','5IN','5645645','5interior','5IN','5email.email.co','5235345345','5fx35435345','5vendor.com','5Vendor Logo','2019-01-01 00:00:00','','5new vendor','5chennai','5Paint','5paint','5paint','5lcs3434','5Premium','5prakash@vendor.com','57489834233423',5500,'2019-12-26 07:17:15','2020-01-11 10:11:32'),(15,2,'5Vendor New','5AnnexCLDS','5Prakash','5medavakkam','5chennai','5IN','5645645','5interior','5IN','5email.email.co','5235345345','5fx35435345','5vendor.com','5Vendor Logo','2019-01-01 00:00:00','5$5464564','5new vendor','5chennai','5Paint','5paint','','5lcs3434','5Premium','5prakash@vendor.com','57489834233423',5500,'2019-12-26 07:17:15','2020-01-11 10:11:32'),(16,2,'5Vendor New','5AnnexCLDS','5Prakash','5medavakkam','','5IN','5645645','5interior','5IN','5email.email.co','5235345345','5fx35435345','5vendor.com','5Vendor Logo','2019-01-01 00:00:00','5$5464564','5new vendor','5chennai','5Paint','5paint','5paint','5lcs3434','5Premium','5prakash@vendor.com','57489834233423',5500,'2019-12-26 07:17:16','2020-01-11 10:11:32'),(17,2,'5Vendor New','','5Prakash','5medavakkam','5chennai','5IN','5645645','5interior','5IN','5email.email.co','5235345345','5fx35435345','5vendor.com','5Vendor Logo','2019-01-01 00:00:00','5$5464564','5new vendor','5chennai','5Paint','5paint','5paint','5lcs3434','5Premium','5prakash@vendor.com','57489834233423',5500,'2019-12-26 07:17:17','2020-01-11 10:11:33'),(18,2,'5Vendor New','5AnnexCLDS','','5medavakkam','5chennai','5IN','5645645','5interior','5IN','5email.email.co','5235345345','5fx35435345','5vendor.com','5Vendor Logo','2019-01-01 00:00:00','5$5464564','5new vendor','5chennai','5Paint','5paint','5paint','5lcs3434','5Premium','5prakash@vendor.com','57489834233423',5500,'2019-12-26 07:17:18','2020-01-11 10:11:33'),(19,2,'5Vendor New','5AnnexCLDS','5Prakash','5medavakkam','5chennai','5IN','5645645','5interior','5IN','5email.email.co','5235345345','5fx35435345','5vendor.com','5Vendor Logo','2019-01-01 00:00:00','5$5464564','5new vendor','5chennai','5Paint','5paint','5paint','5lcs3434','5Premium','','57489834233423',5500,'2019-12-26 07:17:19','2020-01-11 10:11:34'),(20,2,'5Vendor New','5AnnexCLDS','5Prakash','5medavakkam','5chennai','5IN','5645645','5interior','5IN','5email.email.co','5235345345','5fx35435345','5vendor.com','5Vendor Logo','2019-01-01 00:00:00','5$5464564','5new vendor','5chennai','5Paint','5paint','5paint','5lcs3434','5Premium','5prakash@vendor.com','',5500,'2019-12-26 07:17:19','2020-01-11 10:11:34'),(21,2,'5Vendor New','5AnnexCLDS','5Prakash','5medavakkam','5chennai','5IN','5645645','5interior','','5email.email.co','5235345345','5fx35435345','5vendor.com','5Vendor Logo','2019-01-01 00:00:00','5$5464564','5new vendor','5chennai','5Paint','5paint','5paint','5lcs3434','5Premium','5prakash@vendor.com','57489834233423',5500,'2019-12-26 07:17:20','2020-01-11 10:11:35'),(22,2,'5Vendor New','5AnnexCLDS','5Prakash','5medavakkam','5chennai','5IN','5645645','5interior','5IN','5email.email.co','5235345345','5fx35435345','5vendor.com','5Vendor Logo','2019-01-01 00:00:00','5$5464564','','5chennai','5Paint','5paint','5paint','5lcs3434','5Premium','5prakash@vendor.com','57489834233423',5500,'2019-12-26 07:17:21','2020-01-11 10:11:34'),(23,2,'5Vendor New','5AnnexCLDS','5Prakash','5medavakkam','5chennai','5IN','5645645','5interior','5IN','','5235345345','5fx35435345','5vendor.com','5Vendor Logo','2019-01-01 00:00:00','5$5464564','5new vendor','5chennai','5Paint','5paint','5paint','5lcs3434','5Premium','5prakash@vendor.com','57489834233423',5500,'2019-12-26 07:17:22','2020-01-11 10:11:35'),(24,2,'5Vendor New','5AnnexCLDS','5Prakash','5medavakkam','5chennai','5IN','5645645','5interior','5IN','5email.email.co','5235345345','5fx35435345','5vendor.com','5Vendor Logo','2019-01-01 00:00:00','5$5464564','5new vendor','5chennai','5Paint','5paint','5paint','5lcs3434','5Premium','5prakash@vendor.com','57489834233423',0,'2019-12-26 07:17:22','2020-01-11 10:11:36'),(25,2,'5Vendor New','5AnnexCLDS','5Prakash','5medavakkam','5chennai','5IN','5645645','','5IN','5email.email.co','5235345345','5fx35435345','5vendor.com','5Vendor Logo','2019-01-01 00:00:00','5$5464564','5new vendor','5chennai','5Paint','5paint','5paint','5lcs3434','5Premium','5prakash@vendor.com','57489834233423',5500,'2019-12-26 07:17:24','2020-01-11 10:11:37'),(26,2,'5Vendor New','5AnnexCLDS','5Prakash','5medavakkam','5chennai','5IN','5645645','5interior','5IN','5email.email.co','5235345345','','5vendor.com','5Vendor Logo','2019-01-01 00:00:00','5$5464564','5new vendor','5chennai','5Paint','5paint','5paint','5lcs3434','5Premium','5prakash@vendor.com','57489834233423',5500,'2019-12-26 07:17:24','2020-01-11 10:11:36'),(27,2,'','5AnnexCLDS','5Prakash','5medavakkam','5chennai','5IN','5645645','5interior','5IN','5email.email.co','5235345345','5fx35435345','5vendor.com','5Vendor Logo','2019-01-01 00:00:00','5$5464564','5new vendor','5chennai','5Paint','5paint','5paint','5lcs3434','5Premium','5prakash@vendor.com','57489834233423',5500,'2019-12-26 07:17:25','2020-01-11 10:11:37'),(28,2,'5Vendor New','5AnnexCLDS','5Prakash','5medavakkam','5chennai','5IN','5645645','5interior','5IN','5email.email.co','5235345345','5fx35435345','5vendor.com','5Vendor Logo','2019-01-01 00:00:00','5$5464564','5new vendor','5chennai','5Paint','5paint','5paint','','5Premium','5prakash@vendor.com','57489834233423',5500,'2019-12-26 07:17:26','2020-01-11 10:11:37'),(29,2,'5Vendor New','5AnnexCLDS','5Prakash','5medavakkam','5chennai','5IN','5645645','5interior','5IN','5email.email.co','5235345345','5fx35435345','5vendor.com','','2019-01-01 00:00:00','5$5464564','5new vendor','5chennai','5Paint','5paint','5paint','5lcs3434','5Premium','5prakash@vendor.com','57489834233423',5500,'2019-12-26 07:17:27','2020-01-11 10:11:38'),(30,2,'5Vendor New','5AnnexCLDS','5Prakash','5medavakkam','5chennai','5IN','5645645','5interior','5IN','5email.email.co','5235345345','5fx35435345','5vendor.com','5Vendor Logo','2019-01-01 00:00:00','5$5464564','5new vendor','5chennai','5Paint','5paint','5paint','5lcs3434','','5prakash@vendor.com','57489834233423',5500,'2019-12-26 07:17:28','2020-01-11 10:11:38'),(31,2,'5Vendor New','5AnnexCLDS','5Prakash','5medavakkam','5chennai','5IN','5645645','5interior','5IN','5email.email.co','','5fx35435345','5vendor.com','5Vendor Logo','2019-01-01 00:00:00','5$5464564','5new vendor','5chennai','5Paint','5paint','5paint','5lcs3434','5Premium','5prakash@vendor.com','57489834233423',5500,'2019-12-26 07:17:29','2020-01-11 10:11:39'),(32,2,'5Vendor New','5AnnexCLDS','5Prakash','5medavakkam','5chennai','5IN','','5interior','5IN','5email.email.co','5235345345','5fx35435345','5vendor.com','5Vendor Logo','2019-01-01 00:00:00','5$5464564','5new vendor','5chennai','5Paint','5paint','5paint','5lcs3434','5Premium','5prakash@vendor.com','57489834233423',5500,'2019-12-26 07:17:30','2020-01-11 10:11:39'),(33,2,'5Vendor New','5AnnexCLDS','5Prakash','5medavakkam','5chennai','5IN','5645645','5interior','5IN','5email.email.co','5235345345','5fx35435345','5vendor.com','5Vendor Logo','2019-01-01 00:00:00','5$5464564','5new vendor','5chennai','5Paint','','5paint','5lcs3434','5Premium','5prakash@vendor.com','57489834233423',5500,'2019-12-26 07:17:30','2020-01-11 10:11:39'),(34,2,'5Vendor New','5AnnexCLDS','5Prakash','5medavakkam','5chennai','','5645645','5interior','5IN','5email.email.co','5235345345','5fx35435345','5vendor.com','5Vendor Logo','2019-01-01 00:00:00','5$5464564','5new vendor','5chennai','5Paint','5paint','5paint','5lcs3434','5Premium','5prakash@vendor.com','57489834233423',5500,'2019-12-26 07:17:31','2020-01-11 10:11:40'),(35,2,'5Vendor New','5AnnexCLDS','5Prakash','5medavakkam','5chennai','5IN','5645645','5interior','5IN','5email.email.co','5235345345','5fx35435345','5vendor.com','5Vendor Logo','2019-01-01 00:00:00','5$5464564','5new vendor','5chennai','5Paint','5paint','5paint','5lcs3434','5Premium','5prakash@vendor.com','57489834233423',5500,'2019-12-26 07:17:32','2020-01-11 10:11:40'),(36,0,'5Vendor New','5AnnexCLDS','5Prakash','5medavakkam','5chennai','5IN','5645645','5interior','5IN','5email.email.co','5235345345','5fx35435345','5vendor.com','5Vendor Logo','2019-01-01 00:00:00','5$5464564','5new vendor','5chennai','5Paint','5paint','5paint','5lcs3434','5Premium','5prakash@vendor.com','57489834233423',5500,'2019-12-26 07:17:33','2020-01-11 10:11:41'),(37,2,'5Vendor New','5AnnexCLDS','5Prakash','5medavakkam','5chennai','5IN','5645645','5interior','5IN','5email.email.co','5235345345','5fx35435345','5vendor.com','5Vendor Logo','2019-01-01 00:00:00','5$5464564','5new vendor','5chennai','','5paint','5paint','5lcs3434','5Premium','5prakash@vendor.com','57489834233423',5500,'2019-12-26 07:17:33','2020-01-11 10:11:41'),(38,2,'5Vendor New','5AnnexCLDS','5Prakash','5medavakkam','5chennai','5IN','5645645','5interior','5IN','5email.email.co','5235345345','5fx35435345','5vendor.com','5Vendor Logo','2019-01-01 00:00:00','5$5464564','5new vendor','','5Paint','5paint','5paint','5lcs3434','5Premium','5prakash@vendor.com','57489834233423',5500,'2019-12-26 07:17:34','2020-01-11 10:11:42'),(39,2,'5Vendor New','5AnnexCLDS','5Prakash','5medavakkam','5chennai','5IN','5645645','5interior','5IN','5email.email.co','5235345345','5fx35435345','','5Vendor Logo','2019-01-01 00:00:00','5$5464564','5new vendor','5chennai','5Paint','5paint','5paint','5lcs3434','5Premium','5prakash@vendor.com','57489834233423',5500,'2019-12-26 07:17:35','2020-01-11 10:11:42'),(40,2,'5Vendor New','5AnnexCLDS','5Prakash','5medavakkam','5chennai','5IN','5645645','5interior','5IN','5email.email.co','5235345345','5fx35435345','5vendor.com','5Vendor Logo','2019-01-01 00:00:00','5$5464564','5new vendor','5chennai','5Paint','5paint','5paint','5lcs3434','5Premium','5prakas45yrfhthgjom','57489834233423',5500,'2019-12-26 07:17:35','2020-01-11 10:11:42'),(41,2,'5Vendor New','5AnnexCLDS','5Prakash','5medavakkam','5chennai','5IN','5645645','5interior','5IN','5email.email.co','5235345345','5fx35435345','5vendor.com','5Vendor Logo','2019-01-01 00:00:00','5$5464564','5new vendor','5chennai','5Paint','5paint','5paint','5lcs3434','5Premium','5prakash@vendor.com','5657jkji5675jg',5500,'2019-12-26 07:17:36','2020-01-11 10:11:43'),(42,2,'5Vendor New','5AnnexCLDS','5Prakash','5medavakkam','5chennai','5IN','5645645','5interior','5IN','5emai08jmkgkkhj','5235345345','5fx35435345','5vendor.com','5Vendor Logo','2019-01-01 00:00:00','5$5464564','5new vendor','5chennai','5Paint','5paint','5paint','5lcs3434','5Premium','5prakash@vendor.com','57489834233423',5500,'2019-12-26 07:17:37','2020-01-11 10:11:43'),(43,2,'5Vendor New','5AnnexCLDS','5Prakash','5medavakkam','5chennai','5IN','5645645','5interior','5IN','5email.email.co','ghfghj5345','5fx35435345','5vendor.com','5Vendor Logo','2019-01-01 00:00:00','5$5464564','5new vendor','5chennai','5Paint','5paint','5paint','5lcs3434','5Premium','5prakash@vendor.com','57489834233423',5500,'2019-12-26 07:17:37','2020-01-11 10:11:44'),(44,22,'5Vendor New','5AnnexCLDS','5Prakash','5medavakkam','5chennai','5IN','5645645','5interior','5IN','5email.email.co','5235345345','5fx35435345','5vendor.com','5Vendor Logo','2019-01-01 00:00:00','5$5464564','5new vendor','5chennai','5Paint','5paint','5paint','5lcs3434','5Premium','5prakash@vendor.com','57489834233423',5500,'2019-12-26 07:17:38','2020-01-11 10:11:44'),(45,2,'5Vendor New','5AnnexCLDS','5Prakash','5medavakkam','5chennai','5IN','5645645','5interior','5IN','5email.email.co','5235345345','5fx35435345','5vendor.com','5Vendor Logo','2019-01-01 00:00:00','5$5464564','5new vendor','5chennai','5Paint','5paint','5paint','5lcs3434','5Premium','5prakash@vendor.com','57489834233423',5500,'2019-12-26 08:06:57','2020-01-11 10:11:44'),(46,2,'5Vendor New','5AnnexCLDS','5Prakash','','5chennai','5IN','5645645','5interior','5IN','5email.email.co','5235345345','5fx35435345','5vendor.com','5Vendor Logo','2019-01-01 00:00:00','5$5464564','5new vendor','5chennai','5Paint','5paint','5paint','5lcs3434','5Premium','5prakash@vendor.com','57489834233423',5500,'2019-12-26 08:06:58','2020-01-11 10:11:45'),(47,2,'5Vendor New','5AnnexCLDS','5Prakash','5medavakkam','5chennai','5IN','5645645','5interior','5IN','5email.email.co','5235345345','5fx35435345','5vendor.com','5Vendor Logo','2019-01-01 00:00:00','','5new vendor','5chennai','5Paint','5paint','5paint','5lcs3434','5Premium','5prakash@vendor.com','57489834233423',5500,'2019-12-26 08:07:00','2020-01-11 10:11:45'),(48,2,'5Vendor New','5AnnexCLDS','5Prakash','5medavakkam','5chennai','5IN','5645645','5interior','5IN','5email.email.co','5235345345','5fx35435345','5vendor.com','5Vendor Logo','2019-01-01 00:00:00','5$5464564','5new vendor','5chennai','5Paint','5paint','','5lcs3434','5Premium','5prakash@vendor.com','57489834233423',5500,'2019-12-26 08:07:00','2020-01-11 10:11:46'),(49,2,'5Vendor New','5AnnexCLDS','5Prakash','5medavakkam','','5IN','5645645','5interior','5IN','5email.email.co','5235345345','5fx35435345','5vendor.com','5Vendor Logo','2019-01-01 00:00:00','5$5464564','5new vendor','5chennai','5Paint','5paint','5paint','5lcs3434','5Premium','5prakash@vendor.com','57489834233423',5500,'2019-12-26 08:07:01','2020-01-11 10:11:46'),(50,2,'5Vendor New','','5Prakash','5medavakkam','5chennai','5IN','5645645','5interior','5IN','5email.email.co','5235345345','5fx35435345','5vendor.com','5Vendor Logo','2019-01-01 00:00:00','5$5464564','5new vendor','5chennai','5Paint','5paint','5paint','5lcs3434','5Premium','5prakash@vendor.com','57489834233423',5500,'2019-12-26 08:07:02','2020-01-11 10:11:47'),(51,2,'5Vendor New','5AnnexCLDS','','5medavakkam','5chennai','5IN','5645645','5interior','5IN','5email.email.co','5235345345','5fx35435345','5vendor.com','5Vendor Logo','2019-01-01 00:00:00','5$5464564','5new vendor','5chennai','5Paint','5paint','5paint','5lcs3434','5Premium','5prakash@vendor.com','57489834233423',5500,'2019-12-26 08:07:03','2020-01-11 10:11:47'),(52,2,'5Vendor New','5AnnexCLDS','5Prakash','5medavakkam','5chennai','5IN','5645645','5interior','5IN','5email.email.co','5235345345','5fx35435345','5vendor.com','5Vendor Logo','2019-01-01 00:00:00','5$5464564','5new vendor','5chennai','5Paint','5paint','5paint','5lcs3434','5Premium','','57489834233423',5500,'2019-12-26 08:07:03','2020-01-11 10:11:48'),(53,2,'5Vendor New','5AnnexCLDS','5Prakash','5medavakkam','5chennai','5IN','5645645','5interior','5IN','5email.email.co','5235345345','5fx35435345','5vendor.com','5Vendor Logo','2019-01-01 00:00:00','5$5464564','5new vendor','5chennai','5Paint','5paint','5paint','5lcs3434','5Premium','5prakash@vendor.com','',5500,'2019-12-26 08:07:04','2020-01-11 10:11:47'),(54,2,'5Vendor New','5AnnexCLDS','5Prakash','5medavakkam','5chennai','5IN','5645645','5interior','','5email.email.co','5235345345','5fx35435345','5vendor.com','5Vendor Logo','2019-01-01 00:00:00','5$5464564','5new vendor','5chennai','5Paint','5paint','5paint','5lcs3434','5Premium','5prakash@vendor.com','57489834233423',5500,'2019-12-26 08:07:05','2020-01-11 10:11:48'),(55,2,'5Vendor New','5AnnexCLDS','5Prakash','5medavakkam','5chennai','5IN','5645645','5interior','5IN','5email.email.co','5235345345','5fx35435345','5vendor.com','5Vendor Logo','2019-01-01 00:00:00','5$5464564','','5chennai','5Paint','5paint','5paint','5lcs3434','5Premium','5prakash@vendor.com','57489834233423',5500,'2019-12-26 08:07:06','2020-01-11 10:11:49'),(56,2,'5Vendor New','5AnnexCLDS','5Prakash','5medavakkam','5chennai','5IN','5645645','5interior','5IN','','5235345345','5fx35435345','5vendor.com','5Vendor Logo','2019-01-01 00:00:00','5$5464564','5new vendor','5chennai','5Paint','5paint','5paint','5lcs3434','5Premium','5prakash@vendor.com','57489834233423',5500,'2019-12-26 08:07:06','2020-01-11 10:11:49'),(57,2,'5Vendor New','5AnnexCLDS','5Prakash','5medavakkam','5chennai','5IN','5645645','5interior','5IN','5email.email.co','5235345345','5fx35435345','5vendor.com','5Vendor Logo','2019-01-01 00:00:00','5$5464564','5new vendor','5chennai','5Paint','5paint','5paint','5lcs3434','5Premium','5prakash@vendor.com','57489834233423',0,'2019-12-26 08:07:07','2020-01-11 10:11:49'),(58,2,'5Vendor New','5AnnexCLDS','5Prakash','5medavakkam','5chennai','5IN','5645645','','5IN','5email.email.co','5235345345','5fx35435345','5vendor.com','5Vendor Logo','2019-01-01 00:00:00','5$5464564','5new vendor','5chennai','5Paint','5paint','5paint','5lcs3434','5Premium','5prakash@vendor.com','57489834233423',5500,'2019-12-26 08:07:08','2020-01-11 10:11:50'),(59,2,'5Vendor New','5AnnexCLDS','5Prakash','5medavakkam','5chennai','5IN','5645645','5interior','5IN','5email.email.co','5235345345','','5vendor.com','5Vendor Logo','2019-01-01 00:00:00','5$5464564','5new vendor','5chennai','5Paint','5paint','5paint','5lcs3434','5Premium','5prakash@vendor.com','57489834233423',5500,'2019-12-26 08:07:09','2020-01-11 10:11:50'),(60,2,'','5AnnexCLDS','5Prakash','5medavakkam','5chennai','5IN','5645645','5interior','5IN','5email.email.co','5235345345','5fx35435345','5vendor.com','5Vendor Logo','2019-01-01 00:00:00','5$5464564','5new vendor','5chennai','5Paint','5paint','5paint','5lcs3434','5Premium','5prakash@vendor.com','57489834233423',5500,'2019-12-26 08:07:10','2020-01-11 10:11:51'),(61,2,'5Vendor New','5AnnexCLDS','5Prakash','5medavakkam','5chennai','5IN','5645645','5interior','5IN','5email.email.co','5235345345','5fx35435345','5vendor.com','5Vendor Logo','2019-01-01 00:00:00','5$5464564','5new vendor','5chennai','5Paint','5paint','5paint','','5Premium','5prakash@vendor.com','57489834233423',5500,'2019-12-26 08:07:11','2020-01-11 10:11:51'),(62,2,'5Vendor New','5AnnexCLDS','5Prakash','5medavakkam','5chennai','5IN','5645645','5interior','5IN','5email.email.co','5235345345','5fx35435345','5vendor.com','','2019-01-01 00:00:00','5$5464564','5new vendor','5chennai','5Paint','5paint','5paint','5lcs3434','5Premium','5prakash@vendor.com','57489834233423',5500,'2019-12-26 08:07:11','2020-01-11 10:11:51'),(63,2,'5Vendor New','5AnnexCLDS','5Prakash','5medavakkam','5chennai','5IN','5645645','5interior','5IN','5email.email.co','5235345345','5fx35435345','5vendor.com','5Vendor Logo','2019-01-01 00:00:00','5$5464564','5new vendor','5chennai','5Paint','5paint','5paint','5lcs3434','','5prakash@vendor.com','57489834233423',5500,'2019-12-26 08:07:12','2020-01-11 10:11:52'),(64,2,'5Vendor New','5AnnexCLDS','5Prakash','5medavakkam','5chennai','5IN','5645645','5interior','5IN','5email.email.co','','5fx35435345','5vendor.com','5Vendor Logo','2019-01-01 00:00:00','5$5464564','5new vendor','5chennai','5Paint','5paint','5paint','5lcs3434','5Premium','5prakash@vendor.com','57489834233423',5500,'2019-12-26 08:07:13','2020-01-11 10:11:52'),(65,2,'5Vendor New','5AnnexCLDS','5Prakash','5medavakkam','5chennai','5IN','','5interior','5IN','5email.email.co','5235345345','5fx35435345','5vendor.com','5Vendor Logo','2019-01-01 00:00:00','5$5464564','5new vendor','5chennai','5Paint','5paint','5paint','5lcs3434','5Premium','5prakash@vendor.com','57489834233423',5500,'2019-12-26 08:07:14','2020-01-11 10:11:53'),(66,2,'5Vendor New','5AnnexCLDS','5Prakash','5medavakkam','5chennai','5IN','5645645','5interior','5IN','5email.email.co','5235345345','5fx35435345','5vendor.com','5Vendor Logo','2019-01-01 00:00:00','5$5464564','5new vendor','5chennai','5Paint','','5paint','5lcs3434','5Premium','5prakash@vendor.com','57489834233423',5500,'2019-12-26 08:07:14','2020-01-11 10:11:53'),(67,2,'5Vendor New','5AnnexCLDS','5Prakash','5medavakkam','5chennai','','5645645','5interior','5IN','5email.email.co','5235345345','5fx35435345','5vendor.com','5Vendor Logo','2019-01-01 00:00:00','5$5464564','5new vendor','5chennai','5Paint','5paint','5paint','5lcs3434','5Premium','5prakash@vendor.com','57489834233423',5500,'2019-12-26 08:07:15','2020-01-11 10:11:54'),(68,2,'5Vendor New','5AnnexCLDS','5Prakash','5medavakkam','5chennai','5IN','5645645','5interior','5IN','5email.email.co','5235345345','5fx35435345','5vendor.com','5Vendor Logo','2019-01-01 00:00:00','5$5464564','5new vendor','5chennai','5Paint','5paint','5paint','5lcs3434','5Premium','5prakash@vendor.com','57489834233423',5500,'2019-12-26 08:07:16','2020-01-11 10:11:54'),(69,0,'5Vendor New','5AnnexCLDS','5Prakash','5medavakkam','5chennai','5IN','5645645','5interior','5IN','5email.email.co','5235345345','5fx35435345','5vendor.com','5Vendor Logo','2019-01-01 00:00:00','5$5464564','5new vendor','5chennai','5Paint','5paint','5paint','5lcs3434','5Premium','5prakash@vendor.com','57489834233423',5500,'2019-12-26 08:07:17','2020-01-11 10:11:55'),(70,2,'5Vendor New','5AnnexCLDS','5Prakash','5medavakkam','5chennai','5IN','5645645','5interior','5IN','5email.email.co','5235345345','5fx35435345','5vendor.com','5Vendor Logo','2019-01-01 00:00:00','5$5464564','5new vendor','5chennai','','5paint','5paint','5lcs3434','5Premium','5prakash@vendor.com','57489834233423',5500,'2019-12-26 08:07:17','2020-01-11 10:11:55'),(71,2,'5Vendor New','5AnnexCLDS','5Prakash','5medavakkam','5chennai','5IN','5645645','5interior','5IN','5email.email.co','5235345345','5fx35435345','5vendor.com','5Vendor Logo','2019-01-01 00:00:00','5$5464564','5new vendor','','5Paint','5paint','5paint','5lcs3434','5Premium','5prakash@vendor.com','57489834233423',5500,'2019-12-26 08:07:18','2020-01-11 10:11:56'),(72,2,'5Vendor New','5AnnexCLDS','5Prakash','5medavakkam','5chennai','5IN','5645645','5interior','5IN','5email.email.co','5235345345','5fx35435345','','5Vendor Logo','2019-01-01 00:00:00','5$5464564','5new vendor','5chennai','5Paint','5paint','5paint','5lcs3434','5Premium','5prakash@vendor.com','57489834233423',5500,'2019-12-26 08:07:19','2020-01-11 10:11:56'),(73,2,'5Vendor New','5AnnexCLDS','5Prakash','5medavakkam','5chennai','5IN','5645645','5interior','5IN','5email.email.co','5235345345','5fx35435345','5vendor.com','5Vendor Logo','2019-01-01 00:00:00','5$5464564','5new vendor','5chennai','5Paint','5paint','5paint','5lcs3434','5Premium','5prakas45yrfhthgjom','57489834233423',5500,'2019-12-26 08:07:19','2020-01-11 10:11:57'),(74,2,'5Vendor New','5AnnexCLDS','5Prakash','5medavakkam','5chennai','5IN','5645645','5interior','5IN','5email.email.co','5235345345','5fx35435345','5vendor.com','5Vendor Logo','2019-01-01 00:00:00','5$5464564','5new vendor','5chennai','5Paint','5paint','5paint','5lcs3434','5Premium','5prakash@vendor.com','5657jkji5675jg',5500,'2019-12-26 08:07:20','2020-01-11 10:11:56'),(75,2,'5Vendor New','5AnnexCLDS','5Prakash','5medavakkam','5chennai','5IN','5645645','5interior','5IN','5emai08jmkgkkhj','5235345345','5fx35435345','5vendor.com','5Vendor Logo','2019-01-01 00:00:00','5$5464564','5new vendor','5chennai','5Paint','5paint','5paint','5lcs3434','5Premium','5prakash@vendor.com','57489834233423',5500,'2019-12-26 08:07:21','2020-01-11 10:11:57'),(76,2,'5Vendor New','5AnnexCLDS','5Prakash','5medavakkam','5chennai','5IN','5645645','5interior','5IN','5email.email.co','ghfghj5345','5fx35435345','5vendor.com','5Vendor Logo','2019-01-01 00:00:00','5$5464564','5new vendor','5chennai','5Paint','5paint','5paint','5lcs3434','5Premium','5prakash@vendor.com','57489834233423',5500,'2019-12-26 08:07:22','2020-01-11 10:11:58'),(77,22,'5Vendor New','5AnnexCLDS','5Prakash','5medavakkam','5chennai','5IN','5645645','5interior','5IN','5email.email.co','5235345345','5fx35435345','5vendor.com','5Vendor Logo','2019-01-01 00:00:00','5$5464564','5new vendor','5chennai','5Paint','5paint','5paint','5lcs3434','5Premium','5prakash@vendor.com','57489834233423',5500,'2019-12-26 08:07:22','2020-01-11 10:11:58'),(78,2,'5Vendor New','5AnnexCLDS','5Prakash','5medavakkam','5chennai','5IN','5645645','5interior','5IN','5email.email.co','5235345345','5fx35435345','5vendor.com','5Vendor Logo','2019-01-01 00:00:00','5$5464564','5new vendor','5chennai','5Paint','5paint','5paint','5lcs3434','5Premium','5prakash@vendor.com','57489834233423',5500,'2019-12-26 08:07:23','2020-01-11 10:11:58'),(79,2,'5Vendor New','5AnnexCLDS','5Prakash','5medavakkam','5chennai','5IN','5645645','5interior','5IN','5email.email.co','5235345345','5fx35435345','5vendor.com','5Vendor Logo','2019-01-01 00:00:00','5$5464564','5new vendor','5chennai','5Paint','5paint','5paint','5lcs3434','5Premium','5prakash@vendor.com','57489834233423',5500,'2019-12-26 08:07:24','2020-01-11 10:11:59'),(80,2,'Vendor New','AnnexCLDS','Prakash','Vandalur','chennai','IN','645645','interior','IN','email.email.co','235345345','fx35435345','vendor.com','Vendor Logo','2019-01-01 00:00:00','$5464564','new vendor','chennai','Paint','paint','paint','lcs3434','Premium','prakash@vendor.com','7489834233423',500,'2019-12-27 05:08:24','2020-01-11 10:11:59'),(81,2,'Vendor New','AnnexCLDS','Prakash','Vandalur','chennai','IN','645645','interior','IN','email.email.co','235345345','fx35435345','vendor.com','Vendor Logo','2019-01-01 00:00:00','$5464564','new vendor','chennai','Paint','paint','paint','lcs3434','Premium','prakash@vendor.com','7489834233423',500,'2019-12-27 05:08:44','2020-01-11 10:12:00'),(82,2,'5Vendor New','5AnnexCLDS','5Prakash','5medavakkam','5chennai','5IN','5645645','5interior','5IN','5email.email.co','5235345345','5fx35435345','5vendor.com','5Vendor Logo','2019-01-01 00:00:00','5$5464564','5new vendor','5chennai','5Paint','5paint','5paint','5lcs3434','5Premium','5prakash@vendor.com','57489834233423',5500,'2019-12-28 09:22:29','2020-01-11 10:12:00'),(83,2,'5Vendor New','5AnnexCLDS','5Prakash','5medavakkam','5chennai','5IN','5645645','5interior','5IN','5email.email.co','5235345345','5fx35435345','5vendor.com','5Vendor Logo','2019-01-01 00:00:00','5$5464564','5new vendor','5chennai','5Paint','5paint','5paint','5lcs3434','5Premium','5prakash@vendor.com','57489834233423',5500,'2019-12-28 13:15:05','2020-01-11 10:12:01'),(84,2,'Vendor Company Legal','Vendor ABC','vendor manager','12/23, main street','piscataway','NEW JERSEY','08854','5interior','5IN','mymgr@gmail.com','234342','344345','www.vendor.com','5Vendor Logo','2017-03-02 00:00:00','250000','We do professional painting and construction','','paint and flooring','paint, bricks','Nipan, Lumex','23342','Golden','vendormh@gmail.com','3453453',4343,'2020-01-01 16:51:18','2020-01-11 10:12:01'),(85,2,'Cons','Vendor1','Ken','Cons','Cons','Cons','11111','5interior','5IN','test@test.com','222222','44444','wee.dkjf.com','5Vendor Logo','2020-01-24 00:00:00','233','Vendor','','','','','','','preethi.clds@gmail.com','555555',233,'2020-01-02 14:15:52','2020-01-11 10:12:01'),(86,2,'test','123','88888','test','test','tst','333333333','5interior','5IN','55@gmail.com','44444444','66666','www.777.com','5Vendor Logo','2020-01-03 00:00:00','222','test','','test','test','tsest','test','test','10@10.com','999991',1111,'2020-01-03 11:53:37','2020-01-11 10:12:02'),(87,2,'5Vendor New','5AnnexCLDS','5Prakash','5medavakkam','5chennai','5IN','5645645','5interior','5IN','5email.email.co','5235345345','5fx35435345','5vendor.com','5Vendor Logo','2019-01-01 00:00:00','5$5464564','5new vendor',NULL,NULL,NULL,NULL,NULL,NULL,'5prakash@vendor.com','57489834233423',5500,'2020-01-04 11:55:55','2020-01-11 10:12:02'),(88,2,'5Vendor New','5AnnexCLDS','5Prakash','5medavakkam','5chennai','5IN','5645645','5interior','5IN','5email.email.co','5235345345','5fx35435345','5vendor.com','5Vendor Logo','2019-01-01 00:00:00','5$5464564','5new vendor',NULL,NULL,NULL,NULL,NULL,NULL,'5prakash@vendor.com','57489834233423',5500,'2020-01-04 12:02:25','2020-01-11 10:12:03'),(89,2,'Vendor New','AnnexCLDS','Prakash','medavakkam','chennai','IN','645645','interior','IN','email.email.co','235345345','fx35435345','vendor.com','Vendor Logo','2019-01-01 00:00:00','$5464564','new vendor',NULL,NULL,NULL,NULL,NULL,NULL,'prakash@vendor.com','7489834233423',500,'2020-01-04 12:07:20','2020-01-11 10:12:03'),(90,2,'VendorNew','AnnexCLDS','Prakash','medavakkam','chennai','IN','645645','interior','IN','email.email.co','235345345','','vendor.com','VendorLogo','2019-01-01 00:00:00','$5,464,564','newvendor',NULL,NULL,NULL,NULL,NULL,NULL,'prakash@vendor.com','7484456454',500,'2020-01-04 12:38:02','2020-01-11 10:12:03'),(91,2,'VendorNew','AnnexCLDS','Prakash','medavakkam','chennai','IN','645645','interior','IN','email.email.co','235345345','fx35435345','vendor.com','VendorLogo','2019-01-01 00:00:00','$5,464,564','newvendor',NULL,NULL,NULL,NULL,NULL,NULL,'prakash@vendor.com','7484456454',500,'2020-01-10 02:28:42','2020-01-11 10:12:04'),(92,2,'VendorNew','AnnexCLDS','Prakash','medavakkam','chennai','IN','645645','interior','IN','email.email.co','235345345','fx35435345','vendor.com','VendorLogo','2019-01-01 00:00:00','$5,464,564','newvendor',NULL,NULL,NULL,NULL,NULL,NULL,'prakash@vendor.com','7484456454',500,'2020-01-10 02:29:28','2020-01-11 10:12:04'),(93,2,'VendorNew','AnnexCLDS','Prakash','medavakkam','chennai','IN','645645','interior','IN','email.email.co','235345345','fx35435345','vendor.com','VendorLogo','2019-01-01 00:00:00','$5,464,564','newvendor',NULL,NULL,NULL,NULL,NULL,NULL,'prakash@vendor.com','7484456454',500,'2020-01-10 02:33:25','2020-01-11 10:12:05'),(94,2,'VendorNew','AnnexCLDS','Prakash','medavakkam','chennai','IN','645645','interior','IN','email.email.co','235345345','fx35435345','vendor.com','VendorLogo','2019-01-01 00:00:00','$5,464,564','newvendor',NULL,NULL,NULL,NULL,NULL,NULL,'prakash@vendor.com','7484456454',500,'2020-01-10 02:34:15','2020-01-11 10:12:05'),(95,2,'VendorNew','AnnexCLDS','Prakash','medavakkam','chennai','IN','645645','interior','IN','email.email.co','235345345','fx35435345','vendor.com','VendorLogo','2019-01-01 00:00:00','$5,464,564','newvendor',NULL,NULL,NULL,NULL,NULL,NULL,'prakash@vendor.com','7484456454',500,'2020-01-10 02:37:53','2020-01-11 10:12:06'),(96,2,'My Company LG Name','Vendor 44 Company','My Cont prsn','12/23, main street','piscataway','NEW JERSEY','08854','5interior','5IN','vendor44@gmail.com','34343','1242','vendor44.com','5Vendor Logo','2020-01-01 00:00:00','800000','Test Description',NULL,NULL,NULL,NULL,NULL,NULL,'info@vendor44.com','29343928',500,'2020-01-12 09:37:19','2020-01-12 09:37:19'),(97,2,'Legan','Naga','my contant nam','12/23, main street','piscataway','NEW JERSEY','08854','5interior','5IN','naf@gkl.com','2648362','34545','dfdj.com','5Vendor Logo','2020-01-01 00:00:00','55000','My description',NULL,NULL,NULL,NULL,NULL,NULL,'sfjdjf@gmail.com','28943974',400,'2020-01-12 09:59:27','2020-01-12 09:59:27'),(98,2,'St Peters','SPS','Kathy','800 spruce street','CA','Alberto','156598','5interior','5IN','test@gmail.com','89512335989','6568986568','https://www.google.com','5Vendor Logo','2020-01-08 00:00:00','400000','Interior Company',NULL,NULL,NULL,NULL,NULL,NULL,'kathy@mailinator.com','255846666',1000,'2020-01-14 07:01:45','2020-01-14 07:01:45'),(99,2,'St Peters','SPS','Kathy','800 spruce street','CA','Alberto','156598','5interior','5IN','test@gmail.com','89512335989','6568986568','https://www.google.com','5Vendor Logo','2020-01-08 00:00:00','400000','Interior Company',NULL,NULL,NULL,NULL,NULL,NULL,'kathy@mailinator.com','255846666',1000,'2020-01-14 07:02:00','2020-01-14 07:02:00'),(100,2,'SHA New','SHA Company','John','800 spruce st','Westfield Center','OH','44251','5interior','5IN','ss@gmail.com','8005529134','56566666666','http://condonuityappdev.eastus2.cloudapp.azure.com','5Vendor Logo','2020-01-13 00:00:00','50000000.00','Test',NULL,NULL,NULL,NULL,NULL,NULL,'ss@gmail.com','5855555555555',5000,'2020-01-17 09:46:40','2020-01-17 09:46:40');
/*!40000 ALTER TABLE `vendor_organisation` ENABLE KEYS */;
UNLOCK TABLES;

--
-- Table structure for table `vendor_organisation_profile_images`
--

DROP TABLE IF EXISTS `vendor_organisation_profile_images`;
/*!40101 SET @saved_cs_client     = @@character_set_client */;
/*!50503 SET character_set_client = utf8mb4 */;
CREATE TABLE `vendor_organisation_profile_images` (
  `id` int(11) NOT NULL AUTO_INCREMENT,
  `vendor_organisation_id` int(11) DEFAULT NULL,
  `container_name` varchar(255) DEFAULT NULL,
  `blob_name` varchar(255) DEFAULT NULL,
  `file_name` varchar(255) DEFAULT NULL,
  `file_type` varchar(255) DEFAULT NULL,
  `file_url` varchar(255) DEFAULT NULL,
  `created_at` timestamp NOT NULL DEFAULT CURRENT_TIMESTAMP,
  `modified_date` timestamp NOT NULL DEFAULT CURRENT_TIMESTAMP ON UPDATE CURRENT_TIMESTAMP,
  PRIMARY KEY (`id`)
) ENGINE=InnoDB AUTO_INCREMENT=3 DEFAULT CHARSET=latin1;
/*!40101 SET character_set_client = @saved_cs_client */;

--
-- Dumping data for table `vendor_organisation_profile_images`
--

LOCK TABLES `vendor_organisation_profile_images` WRITE;
/*!40000 ALTER TABLE `vendor_organisation_profile_images` DISABLE KEYS */;
INSERT INTO `vendor_organisation_profile_images` VALUES (1,1,'profileimages','f9c2c0b2-04c3-4360-85dd-c13c2c739de7','test.jpg','image/jpeg','https://condonuitystoragedev.blob.core.windows.net/profileimages/f9c2c0b2-04c3-4360-85dd-c13c2c739de7.jpg','2020-01-22 12:36:32','2020-01-22 12:54:17'),(2,2,'profileimages','6ca48c11-9e92-4cb5-b4fd-042b7d3eee52','test.jpg','image/jpeg','https://condonuitystoragedev.blob.core.windows.net/profileimages/6ca48c11-9e92-4cb5-b4fd-042b7d3eee52.jpg','2020-01-22 12:56:39','2020-01-22 12:56:39');
/*!40000 ALTER TABLE `vendor_organisation_profile_images` ENABLE KEYS */;
UNLOCK TABLES;

--
-- Table structure for table `vendor_portfolio`
--

DROP TABLE IF EXISTS `vendor_portfolio`;
/*!40101 SET @saved_cs_client     = @@character_set_client */;
/*!50503 SET character_set_client = utf8mb4 */;
CREATE TABLE `vendor_portfolio` (
  `id` int(11) NOT NULL AUTO_INCREMENT,
  `vendor_organisation_id` int(11) DEFAULT NULL,
  `project_name` varchar(255) DEFAULT NULL,
  `client_name` varchar(255) DEFAULT NULL,
  `description` varchar(255) DEFAULT NULL,
  `city` varchar(255) DEFAULT NULL,
  `date` varchar(255) DEFAULT NULL,
  `duration` varchar(255) DEFAULT NULL,
  `cost` varchar(255) DEFAULT NULL,
  `created_at` timestamp NOT NULL DEFAULT CURRENT_TIMESTAMP,
  `modified_date` timestamp NOT NULL DEFAULT CURRENT_TIMESTAMP ON UPDATE CURRENT_TIMESTAMP,
  PRIMARY KEY (`id`)
) ENGINE=InnoDB AUTO_INCREMENT=90 DEFAULT CHARSET=latin1;
/*!40101 SET character_set_client = @saved_cs_client */;

--
-- Dumping data for table `vendor_portfolio`
--

LOCK TABLES `vendor_portfolio` WRITE;
/*!40000 ALTER TABLE `vendor_portfolio` DISABLE KEYS */;
INSERT INTO `vendor_portfolio` VALUES (1,465,'TestProject','Test','test','Chennai','2020-12-12','1year','@343434','2019-12-06 10:41:47','2020-01-10 03:41:41'),(2,1,'ABC project','Interior Exp','sample description','Chennai','2019-12-12','2month','2000890','2019-12-06 10:46:05','2019-12-10 11:10:17'),(8,1,'Test Project','Test','test','Chennai','2020-12-12','1year','@343434','2019-12-13 12:55:17','2019-12-13 12:55:17'),(9,1,'Test Project','Test','test','Chennai','2020-12-12','1year','@343434','2019-12-13 12:56:47','2019-12-13 12:56:47'),(59,1,'Sample','Interior Exp','sample description','Chennai','2019-12-12','12month','2000220','2019-12-06 10:48:50','2019-12-10 11:10:18'),(60,2,'Sample','Interior Exp','sample description','Chennai','2019-12-12','10month','27000','2019-12-06 10:49:08','2019-12-10 11:10:18'),(61,2,'Jupitor','Interior Exp','sample description','Chennai','2019-12-12','20month','7700000','2019-12-06 10:49:18','2019-12-10 11:10:19'),(62,1,'Test Project','Test','test','Chennai','2020-12-12','1year','@343434','2019-12-27 10:56:09','2019-12-27 10:56:09'),(63,1,'Test Project','Test','test','Chennai','2020-12-12','1year','@343434','2019-12-27 10:59:57','2019-12-27 10:59:57'),(64,1,'Test Project','Test','test','','2020-12-12','1year','@343434','2019-12-27 10:59:59','2019-12-27 10:59:59'),(65,1,'Test Project','','test','Chennai','2020-12-12','1year','@343434','2019-12-27 10:59:59','2019-12-27 10:59:59'),(66,1,'Test Project','Test','test','Chennai','2020-12-12','1year','','2019-12-27 11:00:00','2019-12-27 11:00:00'),(67,1,'Test Project','Test','test','Chennai','','1year','@343434','2019-12-27 11:00:01','2019-12-27 11:00:01'),(68,1,'Test Project','Test','','Chennai','2020-12-12','1year','@343434','2019-12-27 11:00:01','2019-12-27 11:00:01'),(69,1,'Test Project','Test','test','Chennai','2020-12-12','','@343434','2019-12-27 11:00:02','2019-12-27 11:00:02'),(70,1,'','Test','test','Chennai','2020-12-12','1year','@343434','2019-12-27 11:00:02','2019-12-27 11:00:02'),(71,0,'Test Project','Test','test','Chennai','2020-12-12','1year','@343434','2019-12-27 11:00:03','2019-12-27 11:00:03'),(72,5457,'Test Project','Test','test','Chennai','2020-12-12','1year','@343434','2019-12-27 11:00:04','2019-12-27 11:00:04'),(73,0,'','','','','','','','2019-12-27 11:00:04','2019-12-27 11:00:04'),(74,1,'Test Project','Test','test','Chennai','2020-12-12','1year','@343434','2019-12-27 11:36:44','2019-12-27 11:36:44'),(75,1,'Test Project','Test','test','Chennai','2020-12-12','1year','@343434','2019-12-27 11:36:51','2019-12-27 11:36:51'),(76,1,'TestProject','Test','test','Chennai','2020-12-12','1year','@343434','2020-01-10 03:39:55','2020-01-10 03:39:55'),(77,1,'TestProject','Test','test','','2020-12-12','1year','@343434','2020-01-10 03:39:56','2020-01-10 03:39:56'),(78,1,'TestProject','','test','Chennai','2020-12-12','1year','@343434','2020-01-10 03:39:56','2020-01-10 03:39:56'),(79,1,'TestProject','Test','test','Chennai','2020-12-12','1year','','2020-01-10 03:39:57','2020-01-10 03:39:57'),(80,1,'TestProject','Test','test','Chennai','','1year','@343434','2020-01-10 03:39:58','2020-01-10 03:39:58'),(81,1,'TestProject','Test','','Chennai','2020-12-12','1year','@343434','2020-01-10 03:39:58','2020-01-10 03:39:58'),(82,1,'TestProject','Test','test','Chennai','2020-12-12','','@343434','2020-01-10 03:39:59','2020-01-10 03:39:59'),(83,1,'','Test','test','Chennai','2020-12-12','1year','@343434','2020-01-10 03:40:00','2020-01-10 03:40:00'),(84,NULL,'TestProject','Test','test','Chennai','2020-12-12','1year','@343434','2020-01-10 03:40:00','2020-01-10 03:40:00'),(85,465,'TestProject','Test','test','Chennai','2020-12-12','1year','@343434','2020-01-10 03:40:01','2020-01-10 03:40:01'),(86,NULL,'','','','','','','','2020-01-10 03:40:01','2020-01-10 03:40:01'),(87,1,'TestProject','Test','test','Chennai','2020-12-12','1year','@343434','2020-01-10 03:41:35','2020-01-10 03:41:35'),(88,1,'TestProject','Test','test','Chennai','2020-12-12','1year','@343434','2020-01-10 03:41:42','2020-01-10 03:41:42'),(89,NULL,'','','','','','','','2020-01-10 03:41:42','2020-01-10 03:41:42');
/*!40000 ALTER TABLE `vendor_portfolio` ENABLE KEYS */;
UNLOCK TABLES;

--
-- Table structure for table `vendor_products`
--

DROP TABLE IF EXISTS `vendor_products`;
/*!40101 SET @saved_cs_client     = @@character_set_client */;
/*!50503 SET character_set_client = utf8mb4 */;
CREATE TABLE `vendor_products` (
  `id` int(11) NOT NULL AUTO_INCREMENT,
  `vendor_organisation_id` int(11) DEFAULT NULL,
  `product_name` varchar(255) DEFAULT NULL,
  `created_at` timestamp NOT NULL DEFAULT CURRENT_TIMESTAMP,
  `modified_date` timestamp NOT NULL DEFAULT CURRENT_TIMESTAMP ON UPDATE CURRENT_TIMESTAMP,
  PRIMARY KEY (`id`)
) ENGINE=InnoDB AUTO_INCREMENT=147 DEFAULT CHARSET=latin1;
/*!40101 SET character_set_client = @saved_cs_client */;

--
-- Dumping data for table `vendor_products`
--

LOCK TABLES `vendor_products` WRITE;
/*!40000 ALTER TABLE `vendor_products` DISABLE KEYS */;
INSERT INTO `vendor_products` VALUES (1,1,'Paint','2020-01-04 07:38:54','2020-01-04 07:38:54'),(2,1,'Grill','2020-01-04 07:38:55','2020-01-04 07:38:55'),(3,1,'Woodwork','2020-01-04 07:38:55','2020-01-04 07:38:55'),(4,87,'Painting','2020-01-04 11:56:03','2020-01-04 11:56:03'),(5,87,'Interior','2020-01-04 11:56:04','2020-01-04 11:56:04'),(6,88,'Painting','2020-01-04 12:02:33','2020-01-04 12:02:33'),(7,88,'Interior','2020-01-04 12:02:34','2020-01-04 12:02:34'),(8,89,'Paint','2020-01-04 12:07:27','2020-01-04 12:07:27'),(9,89,'WoodWork','2020-01-04 12:07:28','2020-01-04 12:07:28'),(10,89,'Interior','2020-01-04 12:07:29','2020-01-04 12:07:29'),(11,89,'Exterior','2020-01-04 12:07:30','2020-01-04 12:07:30'),(12,90,'Paint','2020-01-04 12:38:11','2020-01-04 12:38:11'),(13,90,'WoodWork','2020-01-04 12:38:12','2020-01-04 12:38:12'),(14,90,'Interior','2020-01-04 12:38:13','2020-01-04 12:38:13'),(15,90,'Exterior','2020-01-04 12:38:14','2020-01-04 12:38:14'),(16,89,'Exterior','2020-01-04 13:33:08','2020-01-04 13:33:08'),(17,90,'Exterior','2020-01-04 13:35:32','2020-01-04 13:35:32'),(18,90,'Exterior','2020-01-04 14:00:26','2020-01-04 14:00:26'),(19,90,'Exterior','2020-01-10 02:28:40','2020-01-10 02:28:40'),(20,91,'Exterior','2020-01-10 02:28:42','2020-01-10 02:28:42'),(21,90,'Exterior','2020-01-10 02:28:43','2020-01-10 02:28:43'),(22,90,'Exterior','2020-01-10 02:28:45','2020-01-10 02:28:45'),(23,90,'Exterior','2020-01-10 02:28:46','2020-01-10 02:28:46'),(24,90,'Exterior','2020-01-10 02:28:48','2020-01-10 02:28:48'),(25,90,'Exterior','2020-01-10 02:28:49','2020-01-10 02:28:49'),(26,90,'Exterior','2020-01-10 02:28:51','2020-01-10 02:28:51'),(27,90,'Exterior','2020-01-10 02:28:52','2020-01-10 02:28:52'),(28,90,'Exterior','2020-01-10 02:28:53','2020-01-10 02:28:53'),(29,90,'Exterior','2020-01-10 02:28:54','2020-01-10 02:28:54'),(30,90,'Exterior','2020-01-10 02:28:56','2020-01-10 02:28:56'),(31,90,'Exterior','2020-01-10 02:28:57','2020-01-10 02:28:57'),(32,90,'Exterior','2020-01-10 02:28:59','2020-01-10 02:28:59'),(33,90,'Exterior','2020-01-10 02:29:00','2020-01-10 02:29:00'),(34,90,'Exterior','2020-01-10 02:29:02','2020-01-10 02:29:02'),(35,90,'Exterior','2020-01-10 02:29:03','2020-01-10 02:29:03'),(36,90,'Exterior','2020-01-10 02:29:04','2020-01-10 02:29:04'),(37,90,'Exterior','2020-01-10 02:29:05','2020-01-10 02:29:05'),(38,90,'Exterior','2020-01-10 02:29:07','2020-01-10 02:29:07'),(39,90,'Exterior','2020-01-10 02:29:08','2020-01-10 02:29:08'),(40,90,'Exterior','2020-01-10 02:29:09','2020-01-10 02:29:09'),(41,90,'Exterior','2020-01-10 02:29:11','2020-01-10 02:29:11'),(42,90,'Exterior','2020-01-10 02:29:13','2020-01-10 02:29:13'),(43,90,'Exterior','2020-01-10 02:29:14','2020-01-10 02:29:14'),(44,90,'','2020-01-10 02:29:15','2020-01-10 02:29:15'),(45,90,'Exterior','2020-01-10 02:29:16','2020-01-10 02:29:16'),(46,90,'Exterior','2020-01-10 02:29:18','2020-01-10 02:29:18'),(47,90,'Exterior','2020-01-10 02:29:19','2020-01-10 02:29:19'),(48,90,'Exterior','2020-01-10 02:29:20','2020-01-10 02:29:20'),(49,90,'Exterior','2020-01-10 02:29:21','2020-01-10 02:29:21'),(50,90,'Exterior','2020-01-10 02:29:23','2020-01-10 02:29:23'),(51,90,'Exterior','2020-01-10 02:29:24','2020-01-10 02:29:24'),(52,90,'Exterior','2020-01-10 02:29:25','2020-01-10 02:29:25'),(53,90,'Exterior','2020-01-10 02:29:27','2020-01-10 02:29:27'),(54,92,'Exterior','2020-01-10 02:29:28','2020-01-10 02:29:28'),(55,90,'Exterior','2020-01-10 02:29:30','2020-01-10 02:29:30'),(56,90,'Exterior','2020-01-10 02:29:31','2020-01-10 02:29:31'),(57,90,'Exterior','2020-01-10 02:29:32','2020-01-10 02:29:32'),(58,90,'Exterior','2020-01-10 02:29:34','2020-01-10 02:29:34'),(59,90,'Exterior','2020-01-10 02:29:35','2020-01-10 02:29:35'),(60,90,'Exterior','2020-01-10 02:29:36','2020-01-10 02:29:36'),(61,90,'Exterior','2020-01-10 02:33:23','2020-01-10 02:33:23'),(62,93,'Exterior','2020-01-10 02:33:25','2020-01-10 02:33:25'),(63,90,'Exterior','2020-01-10 02:33:27','2020-01-10 02:33:27'),(64,90,'Exterior','2020-01-10 02:33:28','2020-01-10 02:33:28'),(65,90,'Exterior','2020-01-10 02:33:30','2020-01-10 02:33:30'),(66,90,'Exterior','2020-01-10 02:33:31','2020-01-10 02:33:31'),(67,90,'Exterior','2020-01-10 02:33:32','2020-01-10 02:33:32'),(68,90,'Exterior','2020-01-10 02:33:34','2020-01-10 02:33:34'),(69,90,'Exterior','2020-01-10 02:33:35','2020-01-10 02:33:35'),(70,90,'Exterior','2020-01-10 02:33:36','2020-01-10 02:33:36'),(71,90,'Exterior','2020-01-10 02:33:38','2020-01-10 02:33:38'),(72,90,'Exterior','2020-01-10 02:33:39','2020-01-10 02:33:39'),(73,90,'Exterior','2020-01-10 02:33:40','2020-01-10 02:33:40'),(74,90,'Exterior','2020-01-10 02:33:42','2020-01-10 02:33:42'),(75,90,'Exterior','2020-01-10 02:33:44','2020-01-10 02:33:44'),(76,90,'Exterior','2020-01-10 02:33:45','2020-01-10 02:33:45'),(77,90,'Exterior','2020-01-10 02:33:46','2020-01-10 02:33:46'),(78,90,'Exterior','2020-01-10 02:33:47','2020-01-10 02:33:47'),(79,90,'Exterior','2020-01-10 02:33:49','2020-01-10 02:33:49'),(80,90,'Exterior','2020-01-10 02:33:50','2020-01-10 02:33:50'),(81,90,'Exterior','2020-01-10 02:33:52','2020-01-10 02:33:52'),(82,90,'Exterior','2020-01-10 02:33:53','2020-01-10 02:33:53'),(83,90,'Exterior','2020-01-10 02:33:55','2020-01-10 02:33:55'),(84,90,'Exterior','2020-01-10 02:33:57','2020-01-10 02:33:57'),(85,90,'Exterior','2020-01-10 02:33:59','2020-01-10 02:33:59'),(86,90,'','2020-01-10 02:34:00','2020-01-10 02:34:00'),(87,90,'Exterior','2020-01-10 02:34:03','2020-01-10 02:34:03'),(88,90,'Exterior','2020-01-10 02:34:04','2020-01-10 02:34:04'),(89,90,'Exterior','2020-01-10 02:34:05','2020-01-10 02:34:05'),(90,90,'Exterior','2020-01-10 02:34:07','2020-01-10 02:34:07'),(91,90,'Exterior','2020-01-10 02:34:08','2020-01-10 02:34:08'),(92,90,'Exterior','2020-01-10 02:34:09','2020-01-10 02:34:09'),(93,90,'Exterior','2020-01-10 02:34:10','2020-01-10 02:34:10'),(94,90,'Exterior','2020-01-10 02:34:12','2020-01-10 02:34:12'),(95,90,'Exterior','2020-01-10 02:34:14','2020-01-10 02:34:14'),(96,94,'Exterior','2020-01-10 02:34:15','2020-01-10 02:34:15'),(97,90,'Exterior','2020-01-10 02:34:16','2020-01-10 02:34:16'),(98,90,'Exterior','2020-01-10 02:34:18','2020-01-10 02:34:18'),(99,90,'Exterior','2020-01-10 02:34:19','2020-01-10 02:34:19'),(100,90,'Exterior','2020-01-10 02:34:20','2020-01-10 02:34:20'),(101,90,'Exterior','2020-01-10 02:34:22','2020-01-10 02:34:22'),(102,90,'Exterior','2020-01-10 02:34:24','2020-01-10 02:34:24'),(103,90,'Exterior','2020-01-10 02:37:52','2020-01-10 02:37:52'),(104,95,'Exterior','2020-01-10 02:37:54','2020-01-10 02:37:54'),(105,90,'Exterior','2020-01-10 02:37:55','2020-01-10 02:37:55'),(106,90,'Exterior','2020-01-10 02:37:56','2020-01-10 02:37:56'),(107,90,'Exterior','2020-01-10 02:37:58','2020-01-10 02:37:58'),(108,90,'Exterior','2020-01-10 02:37:59','2020-01-10 02:37:59'),(109,90,'Exterior','2020-01-10 02:38:00','2020-01-10 02:38:00'),(110,90,'Exterior','2020-01-10 02:38:02','2020-01-10 02:38:02'),(111,90,'Exterior','2020-01-10 02:38:03','2020-01-10 02:38:03'),(112,90,'Exterior','2020-01-10 02:38:04','2020-01-10 02:38:04'),(113,90,'Exterior','2020-01-10 02:38:06','2020-01-10 02:38:06'),(114,90,'Exterior','2020-01-10 02:38:07','2020-01-10 02:38:07'),(115,90,'Exterior','2020-01-10 02:38:08','2020-01-10 02:38:08'),(116,90,'Exterior','2020-01-10 02:38:10','2020-01-10 02:38:10'),(117,90,'Exterior','2020-01-10 02:38:12','2020-01-10 02:38:12'),(134,11,'Paint','2020-01-11 13:34:07','2020-01-11 13:34:07'),(135,11,'WoodWork','2020-01-11 13:34:07','2020-01-11 13:34:07'),(136,11,'Interior','2020-01-11 13:34:08','2020-01-11 13:34:08'),(137,11,'Exterior','2020-01-11 13:34:09','2020-01-11 13:34:09'),(138,96,'Wood','2020-01-12 09:37:28','2020-01-12 09:37:28'),(139,96,' Paint','2020-01-12 09:37:29','2020-01-12 09:37:29'),(140,97,'Wood','2020-01-12 09:59:28','2020-01-12 09:59:28'),(141,97,' Floor','2020-01-12 09:59:28','2020-01-12 09:59:28'),(142,98,'test4','2020-01-14 07:01:45','2020-01-14 07:01:45'),(143,99,'test4','2020-01-14 07:02:00','2020-01-14 07:02:00'),(144,100,'1','2020-01-17 09:46:40','2020-01-17 09:46:40'),(145,100,'2','2020-01-17 09:46:40','2020-01-17 09:46:40'),(146,100,'4','2020-01-17 09:46:40','2020-01-17 09:46:40');
/*!40000 ALTER TABLE `vendor_products` ENABLE KEYS */;
UNLOCK TABLES;

--
-- Table structure for table `vendor_project_interests`
--

DROP TABLE IF EXISTS `vendor_project_interests`;
/*!40101 SET @saved_cs_client     = @@character_set_client */;
/*!50503 SET character_set_client = utf8mb4 */;
CREATE TABLE `vendor_project_interests` (
  `id` int(11) NOT NULL AUTO_INCREMENT,
  `project_id` int(11) DEFAULT NULL,
  `vendor_id` int(11) DEFAULT NULL,
  `interest_status` int(11) DEFAULT NULL,
  `created_at` timestamp NOT NULL DEFAULT CURRENT_TIMESTAMP,
  `modified_date` timestamp NOT NULL DEFAULT CURRENT_TIMESTAMP ON UPDATE CURRENT_TIMESTAMP,
  PRIMARY KEY (`id`)
) ENGINE=InnoDB AUTO_INCREMENT=17 DEFAULT CHARSET=latin1;
/*!40101 SET character_set_client = @saved_cs_client */;

--
-- Dumping data for table `vendor_project_interests`
--

LOCK TABLES `vendor_project_interests` WRITE;
/*!40000 ALTER TABLE `vendor_project_interests` DISABLE KEYS */;
INSERT INTO `vendor_project_interests` VALUES (1,1,1,1,'2020-01-09 12:25:20','2020-01-11 12:25:08'),(2,2,2,1,'2020-01-09 12:46:46','2020-01-09 12:51:10'),(3,2,1,1,'2020-01-10 07:20:26','2020-01-10 07:20:26'),(4,3,1,1,'2020-01-10 07:27:15','2020-01-10 07:27:15'),(5,4,1,1,'2020-01-10 07:27:18','2020-01-10 07:27:18'),(6,5,1,1,'2020-01-10 07:27:23','2020-01-10 07:27:23'),(7,6,1,1,'2020-01-10 07:27:27','2020-01-10 07:27:27'),(8,7,2,1,'2020-01-10 07:27:34','2020-01-10 07:27:34'),(9,8,2,1,'2020-01-10 07:27:38','2020-01-10 07:27:38'),(10,9,2,1,'2020-01-10 07:27:42','2020-01-10 07:27:42'),(11,10,2,1,'2020-01-10 07:27:47','2020-01-10 07:27:47'),(12,11,3,1,'2020-01-10 07:27:53','2020-01-10 07:27:53'),(13,7,1,1,'2020-01-12 06:58:15','2020-01-12 10:25:24'),(14,5,119,1,'2020-01-14 07:29:03','2020-01-14 07:29:03'),(15,3,119,1,'2020-01-16 07:49:46','2020-01-16 12:14:39'),(16,70,119,1,'2020-01-16 12:09:34','2020-01-16 12:09:34');
/*!40000 ALTER TABLE `vendor_project_interests` ENABLE KEYS */;
UNLOCK TABLES;

--
-- Table structure for table `vendor_services`
--

DROP TABLE IF EXISTS `vendor_services`;
/*!40101 SET @saved_cs_client     = @@character_set_client */;
/*!50503 SET character_set_client = utf8mb4 */;
CREATE TABLE `vendor_services` (
  `id` int(11) NOT NULL AUTO_INCREMENT,
  `vendor_organisation_id` int(11) DEFAULT NULL,
  `service_name` varchar(255) DEFAULT NULL,
  `created_at` timestamp NOT NULL DEFAULT CURRENT_TIMESTAMP,
  `modified_date` timestamp NOT NULL DEFAULT CURRENT_TIMESTAMP ON UPDATE CURRENT_TIMESTAMP,
  PRIMARY KEY (`id`)
) ENGINE=InnoDB AUTO_INCREMENT=131 DEFAULT CHARSET=latin1;
/*!40101 SET character_set_client = @saved_cs_client */;

--
-- Dumping data for table `vendor_services`
--

LOCK TABLES `vendor_services` WRITE;
/*!40000 ALTER TABLE `vendor_services` DISABLE KEYS */;
INSERT INTO `vendor_services` VALUES (1,1,'Paint','2020-01-04 07:38:04','2020-01-04 07:38:04'),(2,1,'Interior','2020-01-04 07:38:05','2020-01-04 07:38:05'),(3,1,'Exterior','2020-01-04 07:38:05','2020-01-04 07:38:05'),(4,87,'Painting','2020-01-04 11:56:01','2020-01-04 11:56:01'),(5,87,'Interior','2020-01-04 11:56:02','2020-01-04 11:56:02'),(6,88,'Painting','2020-01-04 12:02:31','2020-01-04 12:02:31'),(7,88,'Interior','2020-01-04 12:02:32','2020-01-04 12:02:32'),(8,89,'Painting','2020-01-04 12:07:25','2020-01-04 12:07:25'),(9,89,'Interior','2020-01-04 12:07:26','2020-01-04 12:07:26'),(10,90,'Painting','2020-01-04 12:38:09','2020-01-04 12:38:09'),(11,90,'Interior','2020-01-04 12:38:10','2020-01-04 12:38:10'),(12,89,'Exterior','2020-01-04 13:33:07','2020-01-04 13:33:07'),(13,90,'Exterior','2020-01-04 13:35:31','2020-01-04 13:35:31'),(14,90,'Exterior','2020-01-04 14:00:25','2020-01-04 14:00:25'),(15,90,'Exterior','2020-01-10 02:28:40','2020-01-10 02:28:40'),(16,91,'Exterior','2020-01-10 02:28:42','2020-01-10 02:28:42'),(17,90,'Exterior','2020-01-10 02:28:43','2020-01-10 02:28:43'),(18,90,'Exterior','2020-01-10 02:28:45','2020-01-10 02:28:45'),(19,90,'Exterior','2020-01-10 02:28:46','2020-01-10 02:28:46'),(20,90,'Exterior','2020-01-10 02:28:47','2020-01-10 02:28:47'),(21,90,'Exterior','2020-01-10 02:28:49','2020-01-10 02:28:49'),(22,90,'Exterior','2020-01-10 02:28:51','2020-01-10 02:28:51'),(23,90,'Exterior','2020-01-10 02:28:52','2020-01-10 02:28:52'),(24,90,'Exterior','2020-01-10 02:28:53','2020-01-10 02:28:53'),(25,90,'Exterior','2020-01-10 02:28:54','2020-01-10 02:28:54'),(26,90,'Exterior','2020-01-10 02:28:56','2020-01-10 02:28:56'),(27,90,'Exterior','2020-01-10 02:28:57','2020-01-10 02:28:57'),(28,90,'Exterior','2020-01-10 02:28:59','2020-01-10 02:28:59'),(29,90,'Exterior','2020-01-10 02:29:00','2020-01-10 02:29:00'),(30,90,'Exterior','2020-01-10 02:29:02','2020-01-10 02:29:02'),(31,90,'Exterior','2020-01-10 02:29:03','2020-01-10 02:29:03'),(32,90,'Exterior','2020-01-10 02:29:04','2020-01-10 02:29:04'),(33,90,'Exterior','2020-01-10 02:29:05','2020-01-10 02:29:05'),(34,90,'Exterior','2020-01-10 02:29:07','2020-01-10 02:29:07'),(35,90,'Exterior','2020-01-10 02:29:08','2020-01-10 02:29:08'),(36,90,'Exterior','2020-01-10 02:29:09','2020-01-10 02:29:09'),(37,90,'Exterior','2020-01-10 02:29:11','2020-01-10 02:29:11'),(38,90,'','2020-01-10 02:29:13','2020-01-10 02:29:13'),(39,90,'Exterior','2020-01-10 02:29:14','2020-01-10 02:29:14'),(40,90,'Exterior','2020-01-10 02:29:15','2020-01-10 02:29:15'),(41,90,'Exterior','2020-01-10 02:29:16','2020-01-10 02:29:16'),(42,90,'Exterior','2020-01-10 02:29:18','2020-01-10 02:29:18'),(43,90,'Exterior','2020-01-10 02:29:19','2020-01-10 02:29:19'),(44,90,'Exterior','2020-01-10 02:29:20','2020-01-10 02:29:20'),(45,90,'Exterior','2020-01-10 02:29:21','2020-01-10 02:29:21'),(46,90,'Exterior','2020-01-10 02:29:23','2020-01-10 02:29:23'),(47,90,'Exterior','2020-01-10 02:29:24','2020-01-10 02:29:24'),(48,90,'Exterior','2020-01-10 02:29:25','2020-01-10 02:29:25'),(49,90,'Exterior','2020-01-10 02:29:27','2020-01-10 02:29:27'),(50,92,'Exterior','2020-01-10 02:29:28','2020-01-10 02:29:28'),(51,90,'Exterior','2020-01-10 02:29:30','2020-01-10 02:29:30'),(52,90,'Exterior','2020-01-10 02:29:31','2020-01-10 02:29:31'),(53,90,'Exterior','2020-01-10 02:29:32','2020-01-10 02:29:32'),(54,90,'Exterior','2020-01-10 02:29:34','2020-01-10 02:29:34'),(55,90,'Exterior','2020-01-10 02:29:35','2020-01-10 02:29:35'),(56,90,'Exterior','2020-01-10 02:29:36','2020-01-10 02:29:36'),(57,90,'Exterior','2020-01-10 02:33:23','2020-01-10 02:33:23'),(58,93,'Exterior','2020-01-10 02:33:25','2020-01-10 02:33:25'),(59,90,'Exterior','2020-01-10 02:33:27','2020-01-10 02:33:27'),(60,90,'Exterior','2020-01-10 02:33:28','2020-01-10 02:33:28'),(61,90,'Exterior','2020-01-10 02:33:30','2020-01-10 02:33:30'),(62,90,'Exterior','2020-01-10 02:33:31','2020-01-10 02:33:31'),(63,90,'Exterior','2020-01-10 02:33:32','2020-01-10 02:33:32'),(64,90,'Exterior','2020-01-10 02:33:34','2020-01-10 02:33:34'),(65,90,'Exterior','2020-01-10 02:33:35','2020-01-10 02:33:35'),(66,90,'Exterior','2020-01-10 02:33:36','2020-01-10 02:33:36'),(67,90,'Exterior','2020-01-10 02:33:37','2020-01-10 02:33:37'),(68,90,'Exterior','2020-01-10 02:33:39','2020-01-10 02:33:39'),(69,90,'Exterior','2020-01-10 02:33:40','2020-01-10 02:33:40'),(70,90,'Exterior','2020-01-10 02:33:42','2020-01-10 02:33:42'),(71,90,'Exterior','2020-01-10 02:33:43','2020-01-10 02:33:43'),(72,90,'Exterior','2020-01-10 02:33:45','2020-01-10 02:33:45'),(73,90,'Exterior','2020-01-10 02:33:46','2020-01-10 02:33:46'),(74,90,'Exterior','2020-01-10 02:33:47','2020-01-10 02:33:47'),(75,90,'Exterior','2020-01-10 02:33:49','2020-01-10 02:33:49'),(76,90,'Exterior','2020-01-10 02:33:50','2020-01-10 02:33:50'),(77,90,'Exterior','2020-01-10 02:33:52','2020-01-10 02:33:52'),(78,90,'Exterior','2020-01-10 02:33:53','2020-01-10 02:33:53'),(79,90,'Exterior','2020-01-10 02:33:55','2020-01-10 02:33:55'),(80,90,'','2020-01-10 02:33:57','2020-01-10 02:33:57'),(81,90,'Exterior','2020-01-10 02:33:58','2020-01-10 02:33:58'),(82,90,'Exterior','2020-01-10 02:34:00','2020-01-10 02:34:00'),(83,90,'Exterior','2020-01-10 02:34:01','2020-01-10 02:34:01'),(84,90,'Exterior','2020-01-10 02:34:04','2020-01-10 02:34:04'),(85,90,'Exterior','2020-01-10 02:34:05','2020-01-10 02:34:05'),(86,90,'Exterior','2020-01-10 02:34:06','2020-01-10 02:34:06'),(87,90,'Exterior','2020-01-10 02:34:08','2020-01-10 02:34:08'),(88,90,'Exterior','2020-01-10 02:34:09','2020-01-10 02:34:09'),(89,90,'Exterior','2020-01-10 02:34:10','2020-01-10 02:34:10'),(90,90,'Exterior','2020-01-10 02:34:12','2020-01-10 02:34:12'),(91,90,'Exterior','2020-01-10 02:34:14','2020-01-10 02:34:14'),(92,94,'Exterior','2020-01-10 02:34:15','2020-01-10 02:34:15'),(93,90,'Exterior','2020-01-10 02:34:16','2020-01-10 02:34:16'),(94,90,'Exterior','2020-01-10 02:34:18','2020-01-10 02:34:18'),(95,90,'Exterior','2020-01-10 02:34:19','2020-01-10 02:34:19'),(96,90,'Exterior','2020-01-10 02:34:20','2020-01-10 02:34:20'),(97,90,'Exterior','2020-01-10 02:34:22','2020-01-10 02:34:22'),(98,90,'Exterior','2020-01-10 02:34:24','2020-01-10 02:34:24'),(99,90,'Exterior','2020-01-10 02:37:52','2020-01-10 02:37:52'),(100,95,'Exterior','2020-01-10 02:37:54','2020-01-10 02:37:54'),(101,90,'Exterior','2020-01-10 02:37:55','2020-01-10 02:37:55'),(102,90,'Exterior','2020-01-10 02:37:56','2020-01-10 02:37:56'),(103,90,'Exterior','2020-01-10 02:37:58','2020-01-10 02:37:58'),(104,90,'Exterior','2020-01-10 02:37:59','2020-01-10 02:37:59'),(105,90,'Exterior','2020-01-10 02:38:00','2020-01-10 02:38:00'),(106,90,'Exterior','2020-01-10 02:38:02','2020-01-10 02:38:02'),(107,90,'Exterior','2020-01-10 02:38:03','2020-01-10 02:38:03'),(108,90,'Exterior','2020-01-10 02:38:04','2020-01-10 02:38:04'),(109,90,'Exterior','2020-01-10 02:38:06','2020-01-10 02:38:06'),(110,90,'Exterior','2020-01-10 02:38:07','2020-01-10 02:38:07'),(111,90,'Exterior','2020-01-10 02:38:08','2020-01-10 02:38:08'),(112,90,'Exterior','2020-01-10 02:38:10','2020-01-10 02:38:10'),(113,90,'Exterior','2020-01-10 02:38:12','2020-01-10 02:38:12'),(122,11,'Painting','2020-01-11 13:34:05','2020-01-11 13:34:05'),(123,11,'Interior','2020-01-11 13:34:06','2020-01-11 13:34:06'),(124,96,'paint','2020-01-12 09:37:27','2020-01-12 09:37:27'),(125,96,' water proofing','2020-01-12 09:37:28','2020-01-12 09:37:28'),(126,97,'paint','2020-01-12 09:59:28','2020-01-12 09:59:28'),(127,97,' proofing','2020-01-12 09:59:28','2020-01-12 09:59:28'),(128,98,'test1','2020-01-14 07:01:45','2020-01-14 07:01:45'),(129,99,'test1','2020-01-14 07:02:00','2020-01-14 07:02:00'),(130,100,'Snow removal','2020-01-17 09:46:40','2020-01-17 09:46:40');
/*!40000 ALTER TABLE `vendor_services` ENABLE KEYS */;
UNLOCK TABLES;

--
-- Table structure for table `vendor_services_cities`
--

DROP TABLE IF EXISTS `vendor_services_cities`;
/*!40101 SET @saved_cs_client     = @@character_set_client */;
/*!50503 SET character_set_client = utf8mb4 */;
CREATE TABLE `vendor_services_cities` (
  `id` int(11) NOT NULL AUTO_INCREMENT,
  `vendor_organisation_id` int(11) DEFAULT NULL,
  `service_city_id` int(11) DEFAULT NULL,
  `created_at` timestamp NOT NULL DEFAULT CURRENT_TIMESTAMP,
  `modified_date` timestamp NOT NULL DEFAULT CURRENT_TIMESTAMP ON UPDATE CURRENT_TIMESTAMP,
  PRIMARY KEY (`id`)
) ENGINE=InnoDB AUTO_INCREMENT=353 DEFAULT CHARSET=latin1;
/*!40101 SET character_set_client = @saved_cs_client */;

--
-- Dumping data for table `vendor_services_cities`
--

LOCK TABLES `vendor_services_cities` WRITE;
/*!40000 ALTER TABLE `vendor_services_cities` DISABLE KEYS */;
INSERT INTO `vendor_services_cities` VALUES (1,1,1,'2020-01-04 07:12:25','2020-01-04 07:12:25'),(2,1,2,'2020-01-04 07:12:26','2020-01-04 07:12:26'),(3,1,3,'2020-01-04 07:12:27','2020-01-04 07:12:27'),(4,2,1,'2020-01-04 07:28:16','2020-01-04 07:28:16'),(5,2,2,'2020-01-04 07:28:16','2020-01-04 07:28:16'),(6,2,3,'2020-01-04 07:28:17','2020-01-04 07:28:17'),(7,87,4,'2020-01-04 11:55:57','2020-01-04 11:55:57'),(8,87,5,'2020-01-04 11:55:58','2020-01-04 11:55:58'),(9,87,6,'2020-01-04 11:56:00','2020-01-04 11:56:00'),(10,88,4,'2020-01-04 12:02:28','2020-01-04 12:02:28'),(11,88,5,'2020-01-04 12:02:29','2020-01-04 12:02:29'),(12,88,6,'2020-01-04 12:02:30','2020-01-04 12:02:30'),(13,89,4,'2020-01-04 12:07:22','2020-01-04 12:07:22'),(14,89,5,'2020-01-04 12:07:23','2020-01-04 12:07:23'),(15,89,6,'2020-01-04 12:07:24','2020-01-04 12:07:24'),(16,90,4,'2020-01-04 12:38:06','2020-01-04 12:38:06'),(17,90,5,'2020-01-04 12:38:07','2020-01-04 12:38:07'),(18,90,6,'2020-01-04 12:38:08','2020-01-04 12:38:08'),(19,89,7,'2020-01-04 13:33:04','2020-01-04 13:33:04'),(20,89,8,'2020-01-04 13:33:05','2020-01-04 13:33:05'),(21,89,9,'2020-01-04 13:33:06','2020-01-04 13:33:06'),(22,90,7,'2020-01-04 13:35:28','2020-01-04 13:35:28'),(23,90,8,'2020-01-04 13:35:29','2020-01-04 13:35:29'),(24,90,9,'2020-01-04 13:35:30','2020-01-04 13:35:30'),(25,90,7,'2020-01-04 14:00:22','2020-01-04 14:00:22'),(26,90,8,'2020-01-04 14:00:23','2020-01-04 14:00:23'),(27,90,9,'2020-01-04 14:00:24','2020-01-04 14:00:24'),(28,90,7,'2020-01-10 02:28:40','2020-01-10 02:28:40'),(29,90,8,'2020-01-10 02:28:40','2020-01-10 02:28:40'),(30,90,9,'2020-01-10 02:28:40','2020-01-10 02:28:40'),(31,91,7,'2020-01-10 02:28:42','2020-01-10 02:28:42'),(32,91,8,'2020-01-10 02:28:42','2020-01-10 02:28:42'),(33,91,9,'2020-01-10 02:28:42','2020-01-10 02:28:42'),(34,90,7,'2020-01-10 02:28:43','2020-01-10 02:28:43'),(35,90,8,'2020-01-10 02:28:43','2020-01-10 02:28:43'),(36,90,9,'2020-01-10 02:28:43','2020-01-10 02:28:43'),(37,90,7,'2020-01-10 02:28:44','2020-01-10 02:28:44'),(38,90,8,'2020-01-10 02:28:45','2020-01-10 02:28:45'),(39,90,9,'2020-01-10 02:28:45','2020-01-10 02:28:45'),(40,90,7,'2020-01-10 02:28:46','2020-01-10 02:28:46'),(41,90,8,'2020-01-10 02:28:46','2020-01-10 02:28:46'),(42,90,9,'2020-01-10 02:28:46','2020-01-10 02:28:46'),(43,90,7,'2020-01-10 02:28:47','2020-01-10 02:28:47'),(44,90,8,'2020-01-10 02:28:47','2020-01-10 02:28:47'),(45,90,9,'2020-01-10 02:28:47','2020-01-10 02:28:47'),(46,90,7,'2020-01-10 02:28:49','2020-01-10 02:28:49'),(47,90,8,'2020-01-10 02:28:49','2020-01-10 02:28:49'),(48,90,9,'2020-01-10 02:28:49','2020-01-10 02:28:49'),(49,90,7,'2020-01-10 02:28:50','2020-01-10 02:28:50'),(50,90,8,'2020-01-10 02:28:50','2020-01-10 02:28:50'),(51,90,9,'2020-01-10 02:28:50','2020-01-10 02:28:50'),(52,90,7,'2020-01-10 02:28:52','2020-01-10 02:28:52'),(53,90,8,'2020-01-10 02:28:52','2020-01-10 02:28:52'),(54,90,9,'2020-01-10 02:28:52','2020-01-10 02:28:52'),(55,90,7,'2020-01-10 02:28:53','2020-01-10 02:28:53'),(56,90,8,'2020-01-10 02:28:53','2020-01-10 02:28:53'),(57,90,9,'2020-01-10 02:28:53','2020-01-10 02:28:53'),(58,90,7,'2020-01-10 02:28:54','2020-01-10 02:28:54'),(59,90,8,'2020-01-10 02:28:54','2020-01-10 02:28:54'),(60,90,9,'2020-01-10 02:28:54','2020-01-10 02:28:54'),(61,90,7,'2020-01-10 02:28:55','2020-01-10 02:28:55'),(62,90,8,'2020-01-10 02:28:56','2020-01-10 02:28:56'),(63,90,9,'2020-01-10 02:28:56','2020-01-10 02:28:56'),(64,90,7,'2020-01-10 02:28:57','2020-01-10 02:28:57'),(65,90,8,'2020-01-10 02:28:57','2020-01-10 02:28:57'),(66,90,9,'2020-01-10 02:28:57','2020-01-10 02:28:57'),(67,90,7,'2020-01-10 02:28:59','2020-01-10 02:28:59'),(68,90,8,'2020-01-10 02:28:59','2020-01-10 02:28:59'),(69,90,9,'2020-01-10 02:28:59','2020-01-10 02:28:59'),(70,90,7,'2020-01-10 02:29:00','2020-01-10 02:29:00'),(71,90,8,'2020-01-10 02:29:00','2020-01-10 02:29:00'),(72,90,9,'2020-01-10 02:29:00','2020-01-10 02:29:00'),(73,90,7,'2020-01-10 02:29:01','2020-01-10 02:29:01'),(74,90,8,'2020-01-10 02:29:01','2020-01-10 02:29:01'),(75,90,9,'2020-01-10 02:29:01','2020-01-10 02:29:01'),(76,90,7,'2020-01-10 02:29:03','2020-01-10 02:29:03'),(77,90,8,'2020-01-10 02:29:03','2020-01-10 02:29:03'),(78,90,9,'2020-01-10 02:29:03','2020-01-10 02:29:03'),(79,90,7,'2020-01-10 02:29:04','2020-01-10 02:29:04'),(80,90,8,'2020-01-10 02:29:04','2020-01-10 02:29:04'),(81,90,9,'2020-01-10 02:29:04','2020-01-10 02:29:04'),(82,90,7,'2020-01-10 02:29:05','2020-01-10 02:29:05'),(83,90,8,'2020-01-10 02:29:05','2020-01-10 02:29:05'),(84,90,9,'2020-01-10 02:29:05','2020-01-10 02:29:05'),(85,90,7,'2020-01-10 02:29:06','2020-01-10 02:29:06'),(86,90,8,'2020-01-10 02:29:06','2020-01-10 02:29:06'),(87,90,9,'2020-01-10 02:29:07','2020-01-10 02:29:07'),(88,90,7,'2020-01-10 02:29:08','2020-01-10 02:29:08'),(89,90,8,'2020-01-10 02:29:08','2020-01-10 02:29:08'),(90,90,9,'2020-01-10 02:29:08','2020-01-10 02:29:08'),(91,90,7,'2020-01-10 02:29:09','2020-01-10 02:29:09'),(92,90,8,'2020-01-10 02:29:09','2020-01-10 02:29:09'),(93,90,9,'2020-01-10 02:29:09','2020-01-10 02:29:09'),(94,90,7,'2020-01-10 02:29:10','2020-01-10 02:29:10'),(95,90,8,'2020-01-10 02:29:10','2020-01-10 02:29:10'),(96,90,9,'2020-01-10 02:29:11','2020-01-10 02:29:11'),(97,90,7,'2020-01-10 02:29:12','2020-01-10 02:29:12'),(98,90,8,'2020-01-10 02:29:12','2020-01-10 02:29:12'),(99,90,9,'2020-01-10 02:29:13','2020-01-10 02:29:13'),(100,90,7,'2020-01-10 02:29:14','2020-01-10 02:29:14'),(101,90,8,'2020-01-10 02:29:14','2020-01-10 02:29:14'),(102,90,9,'2020-01-10 02:29:14','2020-01-10 02:29:14'),(103,90,7,'2020-01-10 02:29:15','2020-01-10 02:29:15'),(104,90,8,'2020-01-10 02:29:15','2020-01-10 02:29:15'),(105,90,9,'2020-01-10 02:29:15','2020-01-10 02:29:15'),(106,90,7,'2020-01-10 02:29:16','2020-01-10 02:29:16'),(107,90,8,'2020-01-10 02:29:16','2020-01-10 02:29:16'),(108,90,9,'2020-01-10 02:29:16','2020-01-10 02:29:16'),(109,90,7,'2020-01-10 02:29:17','2020-01-10 02:29:17'),(110,90,8,'2020-01-10 02:29:17','2020-01-10 02:29:17'),(111,90,9,'2020-01-10 02:29:17','2020-01-10 02:29:17'),(112,90,7,'2020-01-10 02:29:19','2020-01-10 02:29:19'),(113,90,8,'2020-01-10 02:29:19','2020-01-10 02:29:19'),(114,90,9,'2020-01-10 02:29:19','2020-01-10 02:29:19'),(115,90,7,'2020-01-10 02:29:20','2020-01-10 02:29:20'),(116,90,8,'2020-01-10 02:29:20','2020-01-10 02:29:20'),(117,90,9,'2020-01-10 02:29:20','2020-01-10 02:29:20'),(118,90,7,'2020-01-10 02:29:21','2020-01-10 02:29:21'),(119,90,8,'2020-01-10 02:29:21','2020-01-10 02:29:21'),(120,90,9,'2020-01-10 02:29:21','2020-01-10 02:29:21'),(121,90,7,'2020-01-10 02:29:23','2020-01-10 02:29:23'),(122,90,8,'2020-01-10 02:29:23','2020-01-10 02:29:23'),(123,90,9,'2020-01-10 02:29:23','2020-01-10 02:29:23'),(124,90,7,'2020-01-10 02:29:24','2020-01-10 02:29:24'),(125,90,8,'2020-01-10 02:29:24','2020-01-10 02:29:24'),(126,90,9,'2020-01-10 02:29:24','2020-01-10 02:29:24'),(127,90,7,'2020-01-10 02:29:25','2020-01-10 02:29:25'),(128,90,8,'2020-01-10 02:29:25','2020-01-10 02:29:25'),(129,90,9,'2020-01-10 02:29:25','2020-01-10 02:29:25'),(130,90,7,'2020-01-10 02:29:26','2020-01-10 02:29:26'),(131,90,8,'2020-01-10 02:29:26','2020-01-10 02:29:26'),(132,90,9,'2020-01-10 02:29:26','2020-01-10 02:29:26'),(133,92,7,'2020-01-10 02:29:28','2020-01-10 02:29:28'),(134,92,8,'2020-01-10 02:29:28','2020-01-10 02:29:28'),(135,92,9,'2020-01-10 02:29:28','2020-01-10 02:29:28'),(136,90,7,'2020-01-10 02:29:29','2020-01-10 02:29:29'),(137,90,8,'2020-01-10 02:29:29','2020-01-10 02:29:29'),(138,90,9,'2020-01-10 02:29:29','2020-01-10 02:29:29'),(139,90,7,'2020-01-10 02:29:31','2020-01-10 02:29:31'),(140,90,8,'2020-01-10 02:29:31','2020-01-10 02:29:31'),(141,90,9,'2020-01-10 02:29:31','2020-01-10 02:29:31'),(142,90,7,'2020-01-10 02:29:32','2020-01-10 02:29:32'),(143,90,8,'2020-01-10 02:29:32','2020-01-10 02:29:32'),(144,90,9,'2020-01-10 02:29:32','2020-01-10 02:29:32'),(145,90,7,'2020-01-10 02:29:33','2020-01-10 02:29:33'),(146,90,8,'2020-01-10 02:29:33','2020-01-10 02:29:33'),(147,90,9,'2020-01-10 02:29:33','2020-01-10 02:29:33'),(148,90,7,'2020-01-10 02:29:35','2020-01-10 02:29:35'),(149,90,8,'2020-01-10 02:29:35','2020-01-10 02:29:35'),(150,90,9,'2020-01-10 02:29:35','2020-01-10 02:29:35'),(151,90,7,'2020-01-10 02:29:36','2020-01-10 02:29:36'),(152,90,8,'2020-01-10 02:29:36','2020-01-10 02:29:36'),(153,90,9,'2020-01-10 02:29:36','2020-01-10 02:29:36'),(154,90,7,'2020-01-10 02:33:22','2020-01-10 02:33:22'),(155,90,8,'2020-01-10 02:33:22','2020-01-10 02:33:22'),(156,90,9,'2020-01-10 02:33:22','2020-01-10 02:33:22'),(157,93,7,'2020-01-10 02:33:25','2020-01-10 02:33:25'),(158,93,8,'2020-01-10 02:33:25','2020-01-10 02:33:25'),(159,93,9,'2020-01-10 02:33:25','2020-01-10 02:33:25'),(160,90,7,'2020-01-10 02:33:26','2020-01-10 02:33:26'),(161,90,8,'2020-01-10 02:33:26','2020-01-10 02:33:26'),(162,90,9,'2020-01-10 02:33:26','2020-01-10 02:33:26'),(163,90,7,'2020-01-10 02:33:28','2020-01-10 02:33:28'),(164,90,8,'2020-01-10 02:33:28','2020-01-10 02:33:28'),(165,90,9,'2020-01-10 02:33:28','2020-01-10 02:33:28'),(166,90,7,'2020-01-10 02:33:29','2020-01-10 02:33:29'),(167,90,8,'2020-01-10 02:33:29','2020-01-10 02:33:29'),(168,90,9,'2020-01-10 02:33:29','2020-01-10 02:33:29'),(169,90,7,'2020-01-10 02:33:31','2020-01-10 02:33:31'),(170,90,8,'2020-01-10 02:33:31','2020-01-10 02:33:31'),(171,90,9,'2020-01-10 02:33:31','2020-01-10 02:33:31'),(172,90,7,'2020-01-10 02:33:32','2020-01-10 02:33:32'),(173,90,8,'2020-01-10 02:33:32','2020-01-10 02:33:32'),(174,90,9,'2020-01-10 02:33:32','2020-01-10 02:33:32'),(175,90,7,'2020-01-10 02:33:33','2020-01-10 02:33:33'),(176,90,8,'2020-01-10 02:33:33','2020-01-10 02:33:33'),(177,90,9,'2020-01-10 02:33:33','2020-01-10 02:33:33'),(178,90,7,'2020-01-10 02:33:35','2020-01-10 02:33:35'),(179,90,8,'2020-01-10 02:33:35','2020-01-10 02:33:35'),(180,90,9,'2020-01-10 02:33:35','2020-01-10 02:33:35'),(181,90,7,'2020-01-10 02:33:36','2020-01-10 02:33:36'),(182,90,8,'2020-01-10 02:33:36','2020-01-10 02:33:36'),(183,90,9,'2020-01-10 02:33:36','2020-01-10 02:33:36'),(184,90,7,'2020-01-10 02:33:37','2020-01-10 02:33:37'),(185,90,8,'2020-01-10 02:33:37','2020-01-10 02:33:37'),(186,90,9,'2020-01-10 02:33:37','2020-01-10 02:33:37'),(187,90,7,'2020-01-10 02:33:39','2020-01-10 02:33:39'),(188,90,8,'2020-01-10 02:33:39','2020-01-10 02:33:39'),(189,90,9,'2020-01-10 02:33:39','2020-01-10 02:33:39'),(190,90,7,'2020-01-10 02:33:40','2020-01-10 02:33:40'),(191,90,8,'2020-01-10 02:33:40','2020-01-10 02:33:40'),(192,90,9,'2020-01-10 02:33:40','2020-01-10 02:33:40'),(193,90,7,'2020-01-10 02:33:42','2020-01-10 02:33:42'),(194,90,8,'2020-01-10 02:33:42','2020-01-10 02:33:42'),(195,90,9,'2020-01-10 02:33:42','2020-01-10 02:33:42'),(196,90,7,'2020-01-10 02:33:43','2020-01-10 02:33:43'),(197,90,8,'2020-01-10 02:33:43','2020-01-10 02:33:43'),(198,90,9,'2020-01-10 02:33:43','2020-01-10 02:33:43'),(199,90,7,'2020-01-10 02:33:45','2020-01-10 02:33:45'),(200,90,8,'2020-01-10 02:33:45','2020-01-10 02:33:45'),(201,90,9,'2020-01-10 02:33:45','2020-01-10 02:33:45'),(202,90,7,'2020-01-10 02:33:46','2020-01-10 02:33:46'),(203,90,8,'2020-01-10 02:33:46','2020-01-10 02:33:46'),(204,90,9,'2020-01-10 02:33:46','2020-01-10 02:33:46'),(205,90,7,'2020-01-10 02:33:47','2020-01-10 02:33:47'),(206,90,8,'2020-01-10 02:33:47','2020-01-10 02:33:47'),(207,90,9,'2020-01-10 02:33:47','2020-01-10 02:33:47'),(208,90,7,'2020-01-10 02:33:48','2020-01-10 02:33:48'),(209,90,8,'2020-01-10 02:33:49','2020-01-10 02:33:49'),(210,90,9,'2020-01-10 02:33:49','2020-01-10 02:33:49'),(211,90,7,'2020-01-10 02:33:50','2020-01-10 02:33:50'),(212,90,8,'2020-01-10 02:33:50','2020-01-10 02:33:50'),(213,90,9,'2020-01-10 02:33:50','2020-01-10 02:33:50'),(214,90,7,'2020-01-10 02:33:52','2020-01-10 02:33:52'),(215,90,8,'2020-01-10 02:33:52','2020-01-10 02:33:52'),(216,90,9,'2020-01-10 02:33:52','2020-01-10 02:33:52'),(217,90,7,'2020-01-10 02:33:53','2020-01-10 02:33:53'),(218,90,8,'2020-01-10 02:33:53','2020-01-10 02:33:53'),(219,90,9,'2020-01-10 02:33:53','2020-01-10 02:33:53'),(220,90,7,'2020-01-10 02:33:55','2020-01-10 02:33:55'),(221,90,8,'2020-01-10 02:33:55','2020-01-10 02:33:55'),(222,90,9,'2020-01-10 02:33:55','2020-01-10 02:33:55'),(223,90,7,'2020-01-10 02:33:57','2020-01-10 02:33:57'),(224,90,8,'2020-01-10 02:33:57','2020-01-10 02:33:57'),(225,90,9,'2020-01-10 02:33:57','2020-01-10 02:33:57'),(226,90,7,'2020-01-10 02:33:58','2020-01-10 02:33:58'),(227,90,8,'2020-01-10 02:33:58','2020-01-10 02:33:58'),(228,90,9,'2020-01-10 02:33:58','2020-01-10 02:33:58'),(229,90,7,'2020-01-10 02:33:59','2020-01-10 02:33:59'),(230,90,8,'2020-01-10 02:34:00','2020-01-10 02:34:00'),(231,90,9,'2020-01-10 02:34:00','2020-01-10 02:34:00'),(232,90,7,'2020-01-10 02:34:01','2020-01-10 02:34:01'),(233,90,8,'2020-01-10 02:34:01','2020-01-10 02:34:01'),(234,90,9,'2020-01-10 02:34:01','2020-01-10 02:34:01'),(235,90,7,'2020-01-10 02:34:04','2020-01-10 02:34:04'),(236,90,8,'2020-01-10 02:34:04','2020-01-10 02:34:04'),(237,90,9,'2020-01-10 02:34:04','2020-01-10 02:34:04'),(238,90,7,'2020-01-10 02:34:05','2020-01-10 02:34:05'),(239,90,8,'2020-01-10 02:34:05','2020-01-10 02:34:05'),(240,90,9,'2020-01-10 02:34:05','2020-01-10 02:34:05'),(241,90,7,'2020-01-10 02:34:06','2020-01-10 02:34:06'),(242,90,8,'2020-01-10 02:34:06','2020-01-10 02:34:06'),(243,90,9,'2020-01-10 02:34:06','2020-01-10 02:34:06'),(244,90,7,'2020-01-10 02:34:08','2020-01-10 02:34:08'),(245,90,8,'2020-01-10 02:34:08','2020-01-10 02:34:08'),(246,90,9,'2020-01-10 02:34:08','2020-01-10 02:34:08'),(247,90,7,'2020-01-10 02:34:09','2020-01-10 02:34:09'),(248,90,8,'2020-01-10 02:34:09','2020-01-10 02:34:09'),(249,90,9,'2020-01-10 02:34:09','2020-01-10 02:34:09'),(250,90,7,'2020-01-10 02:34:10','2020-01-10 02:34:10'),(251,90,8,'2020-01-10 02:34:10','2020-01-10 02:34:10'),(252,90,9,'2020-01-10 02:34:10','2020-01-10 02:34:10'),(253,90,7,'2020-01-10 02:34:12','2020-01-10 02:34:12'),(254,90,8,'2020-01-10 02:34:12','2020-01-10 02:34:12'),(255,90,9,'2020-01-10 02:34:12','2020-01-10 02:34:12'),(256,90,7,'2020-01-10 02:34:13','2020-01-10 02:34:13'),(257,90,8,'2020-01-10 02:34:13','2020-01-10 02:34:13'),(258,90,9,'2020-01-10 02:34:13','2020-01-10 02:34:13'),(259,94,7,'2020-01-10 02:34:15','2020-01-10 02:34:15'),(260,94,8,'2020-01-10 02:34:15','2020-01-10 02:34:15'),(261,94,9,'2020-01-10 02:34:15','2020-01-10 02:34:15'),(262,90,7,'2020-01-10 02:34:16','2020-01-10 02:34:16'),(263,90,8,'2020-01-10 02:34:16','2020-01-10 02:34:16'),(264,90,9,'2020-01-10 02:34:16','2020-01-10 02:34:16'),(265,90,7,'2020-01-10 02:34:17','2020-01-10 02:34:17'),(266,90,8,'2020-01-10 02:34:17','2020-01-10 02:34:17'),(267,90,9,'2020-01-10 02:34:18','2020-01-10 02:34:18'),(268,90,7,'2020-01-10 02:34:19','2020-01-10 02:34:19'),(269,90,8,'2020-01-10 02:34:19','2020-01-10 02:34:19'),(270,90,9,'2020-01-10 02:34:19','2020-01-10 02:34:19'),(271,90,7,'2020-01-10 02:34:20','2020-01-10 02:34:20'),(272,90,8,'2020-01-10 02:34:20','2020-01-10 02:34:20'),(273,90,9,'2020-01-10 02:34:20','2020-01-10 02:34:20'),(274,90,7,'2020-01-10 02:34:21','2020-01-10 02:34:21'),(275,90,8,'2020-01-10 02:34:22','2020-01-10 02:34:22'),(276,90,9,'2020-01-10 02:34:22','2020-01-10 02:34:22'),(277,90,7,'2020-01-10 02:34:24','2020-01-10 02:34:24'),(278,90,8,'2020-01-10 02:34:24','2020-01-10 02:34:24'),(279,90,9,'2020-01-10 02:34:24','2020-01-10 02:34:24'),(280,90,7,'2020-01-10 02:37:52','2020-01-10 02:37:52'),(281,90,8,'2020-01-10 02:37:52','2020-01-10 02:37:52'),(282,90,9,'2020-01-10 02:37:52','2020-01-10 02:37:52'),(283,95,7,'2020-01-10 02:37:53','2020-01-10 02:37:53'),(284,95,8,'2020-01-10 02:37:53','2020-01-10 02:37:53'),(285,95,9,'2020-01-10 02:37:54','2020-01-10 02:37:54'),(286,90,7,'2020-01-10 02:37:55','2020-01-10 02:37:55'),(287,90,8,'2020-01-10 02:37:55','2020-01-10 02:37:55'),(288,90,9,'2020-01-10 02:37:55','2020-01-10 02:37:55'),(289,90,7,'2020-01-10 02:37:56','2020-01-10 02:37:56'),(290,90,8,'2020-01-10 02:37:56','2020-01-10 02:37:56'),(291,90,9,'2020-01-10 02:37:56','2020-01-10 02:37:56'),(292,90,7,'2020-01-10 02:37:57','2020-01-10 02:37:57'),(293,90,8,'2020-01-10 02:37:58','2020-01-10 02:37:58'),(294,90,9,'2020-01-10 02:37:58','2020-01-10 02:37:58'),(295,90,7,'2020-01-10 02:37:59','2020-01-10 02:37:59'),(296,90,8,'2020-01-10 02:37:59','2020-01-10 02:37:59'),(297,90,9,'2020-01-10 02:37:59','2020-01-10 02:37:59'),(298,90,7,'2020-01-10 02:38:00','2020-01-10 02:38:00'),(299,90,8,'2020-01-10 02:38:00','2020-01-10 02:38:00'),(300,90,9,'2020-01-10 02:38:00','2020-01-10 02:38:00'),(301,90,7,'2020-01-10 02:38:02','2020-01-10 02:38:02'),(302,90,8,'2020-01-10 02:38:02','2020-01-10 02:38:02'),(303,90,9,'2020-01-10 02:38:02','2020-01-10 02:38:02'),(304,90,7,'2020-01-10 02:38:03','2020-01-10 02:38:03'),(305,90,8,'2020-01-10 02:38:03','2020-01-10 02:38:03'),(306,90,9,'2020-01-10 02:38:03','2020-01-10 02:38:03'),(307,90,7,'2020-01-10 02:38:04','2020-01-10 02:38:04'),(308,90,8,'2020-01-10 02:38:04','2020-01-10 02:38:04'),(309,90,9,'2020-01-10 02:38:04','2020-01-10 02:38:04'),(310,90,7,'2020-01-10 02:38:05','2020-01-10 02:38:05'),(311,90,8,'2020-01-10 02:38:06','2020-01-10 02:38:06'),(312,90,9,'2020-01-10 02:38:06','2020-01-10 02:38:06'),(313,90,7,'2020-01-10 02:38:07','2020-01-10 02:38:07'),(314,90,8,'2020-01-10 02:38:07','2020-01-10 02:38:07'),(315,90,9,'2020-01-10 02:38:07','2020-01-10 02:38:07'),(316,90,7,'2020-01-10 02:38:08','2020-01-10 02:38:08'),(317,90,8,'2020-01-10 02:38:08','2020-01-10 02:38:08'),(318,90,9,'2020-01-10 02:38:08','2020-01-10 02:38:08'),(319,90,7,'2020-01-10 02:38:10','2020-01-10 02:38:10'),(320,90,8,'2020-01-10 02:38:10','2020-01-10 02:38:10'),(321,90,9,'2020-01-10 02:38:10','2020-01-10 02:38:10'),(322,90,7,'2020-01-10 02:38:11','2020-01-10 02:38:11'),(323,90,8,'2020-01-10 02:38:11','2020-01-10 02:38:11'),(324,90,9,'2020-01-10 02:38:11','2020-01-10 02:38:11'),(337,11,4,'2020-01-11 13:34:02','2020-01-11 13:34:02'),(338,11,5,'2020-01-11 13:34:03','2020-01-11 13:34:03'),(339,11,6,'2020-01-11 13:34:04','2020-01-11 13:34:04'),(340,96,2,'2020-01-12 09:37:24','2020-01-12 09:37:24'),(341,96,3,'2020-01-12 09:37:25','2020-01-12 09:37:25'),(342,96,4,'2020-01-12 09:37:26','2020-01-12 09:37:26'),(343,97,2,'2020-01-12 09:59:28','2020-01-12 09:59:28'),(344,97,4,'2020-01-12 09:59:28','2020-01-12 09:59:28'),(345,98,1,'2020-01-14 07:01:45','2020-01-14 07:01:45'),(346,99,1,'2020-01-14 07:02:00','2020-01-14 07:02:00'),(347,100,1,'2020-01-17 09:46:40','2020-01-17 09:46:40'),(348,100,4,'2020-01-17 09:46:40','2020-01-17 09:46:40'),(349,100,8,'2020-01-17 09:46:40','2020-01-17 09:46:40'),(350,100,10,'2020-01-17 09:46:40','2020-01-17 09:46:40'),(351,100,11,'2020-01-17 09:46:40','2020-01-17 09:46:40'),(352,100,15,'2020-01-17 09:46:40','2020-01-17 09:46:40');
/*!40000 ALTER TABLE `vendor_services_cities` ENABLE KEYS */;
UNLOCK TABLES;

--
-- Table structure for table `vendor_tags`
--

DROP TABLE IF EXISTS `vendor_tags`;
/*!40101 SET @saved_cs_client     = @@character_set_client */;
/*!50503 SET character_set_client = utf8mb4 */;
CREATE TABLE `vendor_tags` (
  `id` int(11) NOT NULL AUTO_INCREMENT,
  `vendor_id` int(11) DEFAULT NULL,
  `tag_id` int(11) DEFAULT NULL,
  `created_at` timestamp NOT NULL DEFAULT CURRENT_TIMESTAMP,
  `modified_date` timestamp NOT NULL DEFAULT CURRENT_TIMESTAMP ON UPDATE CURRENT_TIMESTAMP,
  PRIMARY KEY (`id`),
  KEY `FK1130npwawdejd3mjmbxfl3sub` (`vendor_id`),
  CONSTRAINT `FK1130npwawdejd3mjmbxfl3sub` FOREIGN KEY (`vendor_id`) REFERENCES `vendor_organisation` (`vendor_organisation_id`)
) ENGINE=InnoDB AUTO_INCREMENT=52 DEFAULT CHARSET=latin1 COLLATE=latin1_bin;
/*!40101 SET character_set_client = @saved_cs_client */;

--
-- Dumping data for table `vendor_tags`
--

LOCK TABLES `vendor_tags` WRITE;
/*!40000 ALTER TABLE `vendor_tags` DISABLE KEYS */;
INSERT INTO `vendor_tags` VALUES (4,4,1,'2019-12-19 12:28:52','2019-12-19 12:28:52'),(5,4,4,'2019-12-19 12:28:52','2019-12-19 12:28:53'),(6,4,6,'2019-12-19 12:28:52','2019-12-19 12:28:53'),(7,9,0,'2019-12-24 13:48:38','2019-12-24 13:48:39'),(8,10,0,'2019-12-24 14:05:44','2019-12-24 14:05:44'),(10,1,1,'2020-01-04 07:58:07','2020-01-04 07:58:07'),(11,1,4,'2020-01-04 07:58:07','2020-01-04 07:58:07'),(12,1,6,'2020-01-04 07:58:08','2020-01-04 07:58:08'),(39,11,1,'2020-01-11 13:33:53','2020-01-11 13:33:54'),(40,11,2,'2020-01-11 13:33:53','2020-01-11 13:33:55'),(41,96,1,'2020-01-12 09:37:20','2020-01-12 09:37:21'),(42,96,2,'2020-01-12 09:37:20','2020-01-12 09:37:21'),(43,96,5,'2020-01-12 09:37:20','2020-01-12 09:37:21'),(44,96,29,'2020-01-12 09:37:20','2020-01-12 09:37:21'),(45,97,2,'2020-01-12 09:59:27','2020-01-12 09:59:27'),(46,97,3,'2020-01-12 09:59:27','2020-01-12 09:59:27'),(47,98,3,'2020-01-14 07:01:45','2020-01-14 07:01:45'),(48,98,5,'2020-01-14 07:01:45','2020-01-14 07:01:45'),(49,99,3,'2020-01-14 07:02:00','2020-01-14 07:02:00'),(50,99,5,'2020-01-14 07:02:00','2020-01-14 07:02:00'),(51,100,12,'2020-01-17 09:46:40','2020-01-17 09:46:40');
/*!40000 ALTER TABLE `vendor_tags` ENABLE KEYS */;
UNLOCK TABLES;

--
-- Table structure for table `vendor_user`
--

DROP TABLE IF EXISTS `vendor_user`;
/*!40101 SET @saved_cs_client     = @@character_set_client */;
/*!50503 SET character_set_client = utf8mb4 */;
CREATE TABLE `vendor_user` (
  `user_id` int(11) NOT NULL AUTO_INCREMENT,
  `vendor_organisation_id` int(11) DEFAULT NULL,
  `user_type` int(11) DEFAULT NULL,
  `user_role` int(11) DEFAULT NULL,
  `first_name` varchar(255) DEFAULT NULL,
  `last_name` varchar(255) DEFAULT NULL,
  `email` varchar(255) DEFAULT NULL,
  `account_status` int(11) DEFAULT NULL,
  `account_verification_status` int(11) DEFAULT NULL,
  `created_at` timestamp NULL DEFAULT CURRENT_TIMESTAMP,
  `modified_date` timestamp NULL DEFAULT CURRENT_TIMESTAMP ON UPDATE CURRENT_TIMESTAMP,
  `created_date` varchar(255) DEFAULT NULL,
  `legal_name` varchar(255) DEFAULT NULL,
  `password` varchar(255) DEFAULT NULL,
  `status` int(11) DEFAULT NULL,
  `username` varchar(255) DEFAULT NULL,
  `vendor_id` int(11) DEFAULT NULL,
  PRIMARY KEY (`user_id`)
) ENGINE=InnoDB AUTO_INCREMENT=126 DEFAULT CHARSET=latin1;
/*!40101 SET character_set_client = @saved_cs_client */;

--
-- Dumping data for table `vendor_user`
--

LOCK TABLES `vendor_user` WRITE;
/*!40000 ALTER TABLE `vendor_user` DISABLE KEYS */;
INSERT INTO `vendor_user` VALUES (1,1,2,1,'Vendor User','M','user@vendor.com',1,1,'2019-11-15 13:08:08','2020-01-21 12:26:16',NULL,NULL,NULL,NULL,NULL,NULL),(2,4,2,1,'','','',0,0,'2019-12-19 12:34:13','2019-12-26 14:36:07',NULL,NULL,NULL,NULL,NULL,NULL),(3,35,1,1,'','','test@t.com',1,1,NULL,'2019-12-30 09:58:31',NULL,NULL,NULL,NULL,NULL,NULL),(4,2,2,2,'','','7418261@gmail.com',1,1,NULL,'2020-01-11 06:22:17',NULL,NULL,NULL,NULL,NULL,NULL),(5,77,2,1,'Test','T','mprakashexplorer@gmail.com',0,2,NULL,'2020-01-10 10:05:30',NULL,NULL,NULL,NULL,NULL,NULL),(6,3,2,2,'','','prakashexplorer@gmail.com',1,1,NULL,'2020-01-11 06:43:58',NULL,NULL,NULL,NULL,NULL,NULL),(7,1,2,1,'Second','Vendor','test@gmail.com',2,0,NULL,'2020-01-09 18:19:02',NULL,NULL,NULL,NULL,NULL,NULL),(8,3,2,2,'','','123@gmail.com',1,1,NULL,'2020-01-11 06:43:59',NULL,NULL,NULL,NULL,NULL,NULL),(9,4,2,2,'','','raj4@gmail.com',0,0,NULL,'2019-12-30 09:58:33',NULL,NULL,NULL,NULL,NULL,NULL),(10,5,2,2,'','','raj4@gmail.com',0,0,NULL,'2019-12-30 09:58:33',NULL,NULL,NULL,NULL,NULL,NULL),(11,6,2,2,'','','raj4@gmail.com',0,0,NULL,'2019-12-30 09:58:34',NULL,NULL,NULL,NULL,NULL,NULL),(12,3,2,1,'My','Vendor','test@gmail.com',2,0,NULL,'2020-01-11 06:45:57',NULL,NULL,NULL,NULL,NULL,NULL),(13,3,2,1,'prak','Test1','test1@gmail.com',2,0,NULL,'2020-01-11 06:45:58',NULL,NULL,NULL,NULL,NULL,NULL),(14,3,2,1,'Vendor3','Last','test1@gmail.com',1,0,NULL,'2020-01-11 06:45:58',NULL,NULL,NULL,NULL,NULL,NULL),(15,7,2,2,'','','raj7@gmail.com',0,0,NULL,'2019-12-30 09:58:35',NULL,NULL,NULL,NULL,NULL,NULL),(16,8,2,2,'','','test@vendor.com',0,0,'2019-12-05 11:06:51','2019-12-30 09:58:35',NULL,NULL,NULL,NULL,NULL,NULL),(17,9,2,2,'','','test@vendor.com',0,0,'2019-12-05 11:06:53','2019-12-30 09:58:36',NULL,NULL,NULL,NULL,NULL,NULL),(18,10,2,2,'','','123@gmail.com',0,0,'2019-12-07 06:51:19','2019-12-30 09:58:36',NULL,NULL,NULL,NULL,NULL,NULL),(19,11,2,2,'','','8248706713@mailinator.com',0,0,'2019-12-13 10:08:32','2019-12-30 09:58:37',NULL,NULL,NULL,NULL,NULL,NULL),(20,12,2,2,'','','nga@gj.com',0,0,'2019-12-16 11:08:37','2019-12-30 09:58:37',NULL,NULL,NULL,NULL,NULL,NULL),(21,13,2,2,'','','mail@mail.com',0,0,'2019-12-24 04:30:25','2019-12-30 09:58:38',NULL,NULL,NULL,NULL,NULL,NULL),(22,0,2,2,'','','maill@mail.com',0,0,'2019-12-24 04:32:25','2019-12-26 14:36:28',NULL,NULL,NULL,NULL,NULL,NULL),(23,0,2,2,'','','test@vendor.vendor',0,0,'2019-12-24 07:08:27','2019-12-26 14:36:27',NULL,NULL,NULL,NULL,NULL,NULL),(24,0,2,2,'','','24122019@mailinator.com',0,0,'2019-12-24 07:10:23','2019-12-26 14:36:27',NULL,NULL,NULL,NULL,NULL,NULL),(25,0,2,2,'','','manav1@torbay.tech',0,0,'2019-12-24 07:11:26','2019-12-26 14:36:26',NULL,NULL,NULL,NULL,NULL,NULL),(26,0,2,2,'','','manoj1@torbay.tech',0,0,'2019-12-24 07:14:23','2019-12-26 14:36:26',NULL,NULL,NULL,NULL,NULL,NULL),(27,0,2,2,'','','prakash1@torbay.tech',0,0,'2019-12-24 07:15:33','2019-12-26 14:36:25',NULL,NULL,NULL,NULL,NULL,NULL),(28,0,2,2,'','','ramalingam.clds@gmail.com',0,0,'2019-12-24 07:19:12','2019-12-26 14:36:25',NULL,NULL,NULL,NULL,NULL,NULL),(29,0,2,2,'','','prakash.clds1@gmail.com',0,0,'2019-12-24 07:19:35','2019-12-26 14:36:24',NULL,NULL,NULL,NULL,NULL,NULL),(30,0,2,2,'','','nagaraj1@clouddesigners.com',0,0,'2019-12-24 07:24:40','2019-12-26 14:36:23',NULL,NULL,NULL,NULL,NULL,NULL),(31,3,2,1,'Second','User','test@gmail.com',1,0,'2019-12-24 07:26:43','2020-01-11 06:45:58',NULL,NULL,NULL,NULL,NULL,NULL),(32,3,2,1,'test','name','testing@gmail.com',1,0,'2019-12-24 07:28:43','2020-01-11 06:45:59',NULL,NULL,NULL,NULL,NULL,NULL),(33,3,2,1,'Test','Vendor','test@gmail.com',1,0,'2019-12-24 07:41:04','2020-01-11 06:45:59',NULL,NULL,NULL,NULL,NULL,NULL),(34,504,2,2,'','','test@gmail.com',0,0,'2019-12-24 07:41:06','2019-12-26 14:36:22',NULL,NULL,NULL,NULL,NULL,NULL),(35,NULL,2,2,'','','test@gmail.com',0,0,'2019-12-24 07:41:08','2019-12-26 14:36:21',NULL,NULL,NULL,NULL,NULL,NULL),(36,1,2,2,'','','tester@gmail.com',1,0,'2019-12-24 07:43:19','2019-12-30 10:00:13',NULL,NULL,NULL,NULL,NULL,NULL),(37,504,2,2,'','','test@gmail.com',0,0,'2019-12-24 07:43:22','2019-12-26 14:36:20',NULL,NULL,NULL,NULL,NULL,NULL),(38,NULL,2,2,'','','test@gmail.com',0,0,'2019-12-24 07:43:23','2019-12-26 14:36:20',NULL,NULL,NULL,NULL,NULL,NULL),(39,0,2,2,'','','241219@mailinator.com',0,0,'2019-12-24 10:01:39','2019-12-26 14:36:18',NULL,NULL,NULL,NULL,NULL,NULL),(40,0,2,2,'','','2412191540@mailinator.com',0,0,'2019-12-24 10:10:45','2019-12-26 14:36:17',NULL,NULL,NULL,NULL,NULL,NULL),(41,0,2,2,'','','2412191546@mailinator.com',0,0,'2019-12-24 10:16:33','2019-12-26 14:36:17',NULL,NULL,NULL,NULL,NULL,NULL),(42,0,2,2,'','','2412191558@mailinator.com',0,0,'2019-12-24 10:28:18','2019-12-26 14:36:18',NULL,NULL,NULL,NULL,NULL,NULL),(43,0,2,2,'','','2412191609@mailinator.com',0,0,'2019-12-24 10:39:40','2019-12-26 14:36:16',NULL,NULL,NULL,NULL,NULL,NULL),(44,0,2,2,'','','2412191614@mailinator.com',0,0,'2019-12-24 10:44:45','2019-12-26 14:36:16',NULL,NULL,NULL,NULL,NULL,NULL),(45,0,2,2,'','','manoj@torbay.tech',0,0,'2019-12-24 10:50:12','2019-12-26 14:36:19',NULL,NULL,NULL,NULL,NULL,NULL),(46,0,2,2,'','','manav@torbay.tech',0,0,'2019-12-24 10:50:33','2019-12-26 14:36:19',NULL,NULL,NULL,NULL,NULL,NULL),(47,11,2,2,'','','prakash@torbay.tech',0,2,'2019-12-24 10:50:54','2019-12-26 14:36:15',NULL,NULL,NULL,NULL,NULL,NULL),(48,0,2,2,'','','prakash74@mailinator.com',0,0,'2019-12-24 12:14:23','2019-12-26 14:36:14',NULL,NULL,NULL,NULL,NULL,NULL),(49,0,2,2,'','','nagaraj@clouddesigners.com6',0,0,'2019-12-24 12:38:04','2019-12-30 07:20:06',NULL,NULL,NULL,NULL,NULL,NULL),(50,1,2,2,'','','tester@gmail.com',1,0,'2019-12-26 06:05:16','2019-12-30 10:00:13',NULL,NULL,NULL,NULL,NULL,NULL),(51,504,2,2,'','','test@gmail.com',0,0,'2019-12-26 06:05:18','2019-12-26 14:36:15',NULL,NULL,NULL,NULL,NULL,NULL),(52,NULL,2,2,'','','test@gmail.com',0,0,'2019-12-26 06:05:19','2019-12-26 14:36:13',NULL,NULL,NULL,NULL,NULL,NULL),(53,1,2,2,'FirstName','Last','test@gmail.com',1,0,'2019-12-26 06:07:52','2020-01-11 07:04:13',NULL,NULL,NULL,NULL,NULL,NULL),(54,2,2,2,'','','testtt@gmail.com',0,0,'2019-12-26 06:08:07','2019-12-27 06:54:45',NULL,NULL,NULL,NULL,NULL,NULL),(55,0,2,2,'','','testuser12323@gmail.com',0,0,'2019-12-26 10:26:22','2019-12-26 14:36:11',NULL,NULL,NULL,NULL,NULL,NULL),(56,0,2,2,'','','user@client.com',0,0,'2019-12-26 11:33:25','2019-12-26 14:36:12',NULL,NULL,NULL,NULL,NULL,NULL),(57,0,2,2,'','','nagarajan.an12@gmail.com',0,0,'2019-12-26 19:42:31','2019-12-30 07:20:07',NULL,NULL,NULL,NULL,NULL,NULL),(58,2,2,1,'','','test@t.com',1,1,'2019-12-27 04:04:02','2020-01-11 08:31:44',NULL,NULL,NULL,NULL,NULL,NULL),(59,2,2,1,'','','test@t.com',1,1,'2019-12-27 04:04:06','2020-01-11 08:31:45',NULL,NULL,NULL,NULL,NULL,NULL),(60,0,0,0,'','','',0,0,'2019-12-27 04:04:08','2019-12-27 04:04:08',NULL,NULL,NULL,NULL,NULL,NULL),(61,3,2,1,'string','string','a@a.c',1,0,'2019-12-27 06:55:01','2020-01-11 06:46:08',NULL,NULL,NULL,NULL,NULL,NULL),(62,3,2,2,'','','tester@gmail.com',0,0,'2019-12-27 07:29:50','2020-01-11 06:46:09',NULL,NULL,NULL,NULL,NULL,NULL),(63,504,2,2,'','','test@gmail.com',0,0,'2019-12-27 07:29:52','2019-12-27 07:29:52',NULL,NULL,NULL,NULL,NULL,NULL),(64,3,2,2,'','','test@gmail.com',0,0,'2019-12-27 07:29:53','2020-01-11 06:46:09',NULL,NULL,NULL,NULL,NULL,NULL),(65,2,2,2,'','','prakash.vendor@gmail.com',0,0,'2019-12-28 09:19:58','2019-12-30 09:58:29',NULL,NULL,NULL,NULL,NULL,NULL),(66,82,2,2,'','','prakash.vendor@mailinator.com',0,0,'2019-12-28 09:20:47','2019-12-28 09:22:30',NULL,NULL,NULL,NULL,NULL,NULL),(67,3,2,2,'','','abc@gmail.com',1,1,'2019-12-28 12:49:07','2020-01-11 06:43:59',NULL,NULL,NULL,NULL,NULL,NULL),(68,83,2,2,'','','vendor.a@mailinator.com',0,0,'2019-12-28 13:12:49','2019-12-28 13:15:06',NULL,NULL,NULL,NULL,NULL,NULL),(69,0,2,2,'','','nagarajan.ann123@gmail.com',0,0,'2019-12-28 18:27:25','2019-12-30 07:20:07',NULL,NULL,NULL,NULL,NULL,NULL),(70,0,2,2,'','','klfrnds@gmail.com',0,0,'2019-12-30 05:48:24','2019-12-30 05:48:24',NULL,NULL,NULL,NULL,NULL,NULL),(71,0,2,2,'','','klfrnds1@gmail.com',0,0,'2019-12-30 05:52:20','2019-12-30 05:52:20',NULL,NULL,NULL,NULL,NULL,NULL),(72,0,2,2,'','','explorer2@mailinator.com',2,0,'2019-12-30 06:39:13','2019-12-30 09:50:35',NULL,NULL,NULL,NULL,NULL,NULL),(73,0,2,2,'','','client2@mailinator.com',0,0,'2019-12-30 07:11:58','2019-12-30 07:11:58',NULL,NULL,NULL,NULL,NULL,NULL),(74,0,2,2,'','','kalaiselvi.clds@gmail.com',0,0,'2019-12-30 07:44:04','2019-12-30 07:44:04',NULL,NULL,NULL,NULL,NULL,NULL),(75,0,2,2,'','','preethi.clds@gmail.com',0,0,'2019-12-30 08:12:07','2019-12-30 08:12:07',NULL,NULL,NULL,NULL,NULL,NULL),(76,0,2,2,'','','rajendran.clds@gmail.com',0,0,'2019-12-30 10:36:35','2019-12-30 10:36:35',NULL,NULL,NULL,NULL,NULL,NULL),(77,2,2,1,'Prakash','M','explorer4@mailinator.com',1,1,'2019-12-30 12:04:41','2019-12-30 12:05:29',NULL,NULL,NULL,NULL,NULL,NULL),(78,2,2,1,'Prakash','M','explorer6@mailinator.com',1,1,'2019-12-30 12:06:09','2019-12-30 12:06:44',NULL,NULL,NULL,NULL,NULL,NULL),(79,0,2,2,'','','test@test.com',0,0,'2019-12-31 05:25:58','2019-12-31 05:25:58',NULL,NULL,NULL,NULL,NULL,NULL),(80,0,2,2,'','','kldsd@gmail.com',0,0,'2019-12-31 06:44:35','2019-12-31 06:44:35',NULL,NULL,NULL,NULL,NULL,NULL),(81,0,2,2,'','','klaaghash@gmail.com',0,0,'2019-12-31 06:45:23','2019-12-31 06:45:23',NULL,NULL,NULL,NULL,NULL,NULL),(82,0,2,2,'','','mask@gms.com',0,0,'2019-12-31 06:47:51','2019-12-31 06:47:51',NULL,NULL,NULL,NULL,NULL,NULL),(83,0,2,2,'','','mask1@gms.com',0,0,'2019-12-31 06:47:56','2019-12-31 06:47:56',NULL,NULL,NULL,NULL,NULL,NULL),(84,0,2,2,'','','mass@client.com',0,0,'2019-12-31 06:48:51','2019-12-31 06:48:51',NULL,NULL,NULL,NULL,NULL,NULL),(85,0,2,2,'','','mas1k@gms.com',0,0,'2019-12-31 07:00:36','2019-12-31 07:00:36',NULL,NULL,NULL,NULL,NULL,NULL),(86,0,2,2,'','','sddsd@gma.vom',0,0,'2019-12-31 07:06:53','2019-12-31 07:06:53',NULL,NULL,NULL,NULL,NULL,NULL),(87,0,2,2,'','','m22ask@gms.ff',0,0,'2019-12-31 07:20:14','2019-12-31 07:20:14',NULL,NULL,NULL,NULL,NULL,NULL),(88,2,2,1,'Prakash','M','samp@mailinator.com',0,0,'2019-12-31 09:42:23','2019-12-31 09:42:23',NULL,NULL,NULL,NULL,NULL,NULL),(89,0,2,2,'','','klfrnds2@gmail.com',0,0,'2019-12-31 09:48:54','2019-12-31 09:48:54',NULL,NULL,NULL,NULL,NULL,NULL),(90,0,2,2,'','','mail@mailinator.com',0,0,'2019-12-31 09:50:27','2019-12-31 09:50:27',NULL,NULL,NULL,NULL,NULL,NULL),(91,0,2,2,'','','mail1@mailinator.com',0,0,'2019-12-31 10:18:53','2019-12-31 10:18:53',NULL,NULL,NULL,NULL,NULL,NULL),(92,0,2,2,'','','akash@mailinator.com',0,0,'2019-12-31 10:22:25','2019-12-31 10:22:25',NULL,NULL,NULL,NULL,NULL,NULL),(93,84,2,2,'','','vendor@mailinator.com',0,0,'2020-01-01 15:31:51','2020-01-01 16:51:19',NULL,NULL,NULL,NULL,NULL,NULL),(94,84,2,1,'V44','V44L','vendor44@mailinator.com',1,1,'2020-01-01 18:28:01','2020-01-01 18:50:01',NULL,NULL,NULL,NULL,NULL,NULL),(95,0,2,2,'','','mask007@mailinator.com',0,0,'2020-01-02 06:37:19','2020-01-02 06:37:19',NULL,NULL,NULL,NULL,NULL,NULL),(96,0,2,2,'','','mars@mailinator.com',0,0,'2020-01-02 06:58:06','2020-01-02 06:58:06',NULL,NULL,NULL,NULL,NULL,NULL),(97,0,2,2,'','','mmm@mailinator.com',0,0,'2020-01-02 07:32:56','2020-01-02 07:32:56',NULL,NULL,NULL,NULL,NULL,NULL),(98,85,2,2,'','','vendor1@mailinator.com',0,0,'2020-01-02 14:12:42','2020-01-02 14:15:52',NULL,NULL,NULL,NULL,NULL,NULL),(99,0,2,2,'','','vendor2@mailinator.com',0,0,'2020-01-03 07:00:58','2020-01-03 07:00:58',NULL,NULL,NULL,NULL,NULL,NULL),(100,86,2,2,'','','vendor4@mailinator.com',0,0,'2020-01-03 11:50:28','2020-01-03 11:53:37',NULL,NULL,NULL,NULL,NULL,NULL),(101,86,2,2,'test1','test2','test123@mailinator.com',1,1,'2020-01-03 12:19:00','2020-01-03 12:19:18',NULL,NULL,NULL,NULL,NULL,NULL),(102,86,2,1,'test','test','tst@mailinator.com',0,0,'2020-01-03 12:22:13','2020-01-03 12:22:13',NULL,NULL,NULL,NULL,NULL,NULL),(103,0,2,2,'','','test1234@mailinator.com',0,0,'2020-01-04 09:45:04','2020-01-04 09:45:04',NULL,NULL,NULL,NULL,NULL,NULL),(104,86,2,2,'test','test3','test222@mailinator.com',1,1,'2020-01-04 10:58:33','2020-01-04 10:59:04',NULL,NULL,NULL,NULL,NULL,NULL),(105,90,2,2,'','','04012020@mailinator.com',0,0,'2020-01-04 11:03:19','2020-01-04 12:38:04',NULL,NULL,NULL,NULL,NULL,NULL),(106,86,2,2,'test','343','baskar.clds@gmail.com',1,1,'2020-01-04 11:52:24','2020-01-06 12:21:57',NULL,NULL,NULL,NULL,NULL,NULL),(107,0,2,2,'','','vendoruser@mailinator.com',0,0,'2020-01-06 07:29:30','2020-01-06 07:29:30',NULL,NULL,NULL,NULL,NULL,NULL),(108,0,2,2,'','','test11@mailinator.com',0,0,'2020-01-06 12:32:07','2020-01-06 12:32:07',NULL,NULL,NULL,NULL,NULL,NULL),(109,0,2,2,'','','test12@mailinator.com',0,0,'2020-01-06 12:32:12','2020-01-06 12:32:12',NULL,NULL,NULL,NULL,NULL,NULL),(110,0,2,2,'','','maill2@mail.com',0,0,'2020-01-07 11:38:19','2020-01-07 11:38:19',NULL,NULL,NULL,NULL,NULL,NULL),(111,NULL,2,1,'Prakash','M','sample@gmail.com',0,0,'2020-01-09 09:38:35','2020-01-09 09:38:35',NULL,NULL,NULL,NULL,NULL,NULL),(112,2,2,1,'Prakash','M','sampleone@gmail.com',0,0,'2020-01-09 09:47:53','2020-01-09 09:47:53',NULL,NULL,NULL,NULL,NULL,NULL),(113,0,2,2,'','','vendoradmin@mailinator.com',0,0,'2020-01-11 06:12:51','2020-01-11 06:12:51',NULL,NULL,NULL,NULL,NULL,NULL),(114,0,2,2,'','','testvendor@mailinator.com',0,0,'2020-01-11 06:14:39','2020-01-11 06:14:39',NULL,NULL,NULL,NULL,NULL,NULL),(115,1,2,2,'MyVendor','Test','testvendor1@mailinator.com',1,1,'2020-01-11 06:50:57','2020-01-11 07:25:36',NULL,NULL,NULL,NULL,NULL,NULL),(116,97,2,2,'','','testvendor44@mailinator.com',1,1,'2020-01-11 13:33:55','2020-01-12 10:15:20',NULL,NULL,NULL,NULL,NULL,NULL),(117,96,2,2,'','','testvendor43@mailinator.com',1,1,'2020-01-12 09:34:40','2020-01-12 10:15:20',NULL,NULL,NULL,NULL,NULL,NULL),(118,1,2,1,'explore','vendor','explorervendor@mailinator.com',0,0,'2020-01-13 06:51:50','2020-01-13 06:51:50',NULL,NULL,NULL,NULL,NULL,NULL),(119,99,2,2,'Senorita','mary','vendor11@mailinator.com',1,1,'2020-01-14 05:23:53','2020-01-17 09:34:46',NULL,NULL,NULL,NULL,NULL,NULL),(120,0,2,2,'','','vendor12@mailinator.com',0,0,'2020-01-14 09:56:15','2020-01-14 09:56:15',NULL,NULL,NULL,NULL,NULL,NULL),(121,99,2,2,'Smith','laura','laura@mailinator.com',1,1,'2020-01-14 12:18:14','2020-01-16 06:05:52',NULL,NULL,NULL,NULL,NULL,NULL),(122,100,2,2,'Kevin','Paul','vendor10@mailinator.com',1,1,'2020-01-17 09:39:13','2020-01-17 11:05:24',NULL,NULL,NULL,NULL,NULL,NULL),(123,1,2,2,'VendOr','user1','vendor13@mailinator.com',0,0,'2020-01-20 05:23:54','2020-01-20 05:25:22',NULL,NULL,NULL,NULL,NULL,NULL),(124,0,2,1,'','','vendorexplorer@mailinator.com',0,0,'2020-01-21 09:47:32','2020-01-21 09:47:32',NULL,NULL,NULL,NULL,NULL,NULL),(125,0,2,1,'','','ktabah@gmail.com',0,0,'2020-01-22 00:40:10','2020-01-22 00:40:10',NULL,NULL,NULL,NULL,NULL,NULL);
/*!40000 ALTER TABLE `vendor_user` ENABLE KEYS */;
UNLOCK TABLES;
/*!40103 SET TIME_ZONE=@OLD_TIME_ZONE */;

/*!40101 SET SQL_MODE=@OLD_SQL_MODE */;
/*!40014 SET FOREIGN_KEY_CHECKS=@OLD_FOREIGN_KEY_CHECKS */;
/*!40014 SET UNIQUE_CHECKS=@OLD_UNIQUE_CHECKS */;
/*!40101 SET CHARACTER_SET_CLIENT=@OLD_CHARACTER_SET_CLIENT */;
/*!40101 SET CHARACTER_SET_RESULTS=@OLD_CHARACTER_SET_RESULTS */;
/*!40101 SET COLLATION_CONNECTION=@OLD_COLLATION_CONNECTION */;
/*!40111 SET SQL_NOTES=@OLD_SQL_NOTES */;

-- Dump completed on 2020-01-23  9:54:40
